Column1,Transaction_ID,User_ID,Merchant_ID,Merchant_Category,Payment_Mode,Transaction_Amount,Transaction_Status,Timestamp,Interchange_Fee_INR
1,TXN2026100000,USR4250,MER44,Travel & Hospitality,PPI Wallet UPI,"?12,805.06",Failed,8/18/2026 19:32,?0.00
2,TXN2026100001,USR3957,MER41,Groceries & Supermarkets,Credit Card on UPI,"?10,406.81",Success,8/23/2026 3:04,?0.00
3,TXN2026100002,USR1054,MER31,Electronics & Gadgets,Bank UPI (Direct),"?7,363.46",Success,8/17/2026 18:38,?0.00
4,TXN2026100003,USR3431,MER29,Food & Dining,Bank UPI (Direct),"?12,710.15",Success,8/31/2026 6:38,?0.00
5,TXN2026100004,USR4448,MER12,Groceries & Supermarkets,PPI Wallet UPI,"?4,430.60",Success,8/19/2026 8:42,?48.74
6,TXN2026100005,USR2986,MER50,Travel & Hospitality,Bank UPI (Direct),"?3,100.31",Success,8/2/2026 11:10,?0.00
7,TXN2026100006,USR2624,MER18,Groceries & Supermarkets,Bank UPI (Direct),"?13,865.57",Success,8/24/2026 23:34,?0.00
8,TXN2026100007,USR4701,MER38,Electronics & Gadgets,Bank UPI (Direct),"?1,870.21",Success,8/25/2026 11:26,?0.00
9,TXN2026100008,USR4080,MER13,Groceries & Supermarkets,Bank UPI (Direct),"?3,555.59",Success,8/15/2026 19:44,?0.00
10,TXN2026100009,USR4433,MER26,Groceries & Supermarkets,PPI Wallet UPI,"?7,858.16",Success,8/7/2026 8:34,?86.44
11,TXN2026100010,USR1513,MER34,Groceries & Supermarkets,PPI Wallet UPI,"?11,744.25",Success,8/4/2026 8:58,?129.19
12,TXN2026100011,USR3984,MER21,Electronics & Gadgets,Bank UPI (Direct),"?8,182.60",Success,8/29/2026 3:49,?0.00
13,TXN2026100012,USR3541,MER27,Groceries & Supermarkets,Bank UPI (Direct),"?11,544.57",Success,9/7/2026 16:06,?0.00
14,TXN2026100013,USR4761,MER29,Food & Dining,PPI Wallet UPI,"?7,762.59",Success,8/28/2026 3:42,?85.39
15,TXN2026100014,USR2210,MER31,Groceries & Supermarkets,Credit Card on UPI,"?11,207.44",Success,9/10/2026 22:43,?0.00
16,TXN2026100015,USR4735,MER45,Travel & Hospitality,Bank UPI (Direct),"?10,680.95",Success,8/6/2026 15:29,?0.00
17,TXN2026100016,USR1608,MER36,Travel & Hospitality,Bank UPI (Direct),"?10,538.79",Success,8/20/2026 16:39,?0.00
18,TXN2026100017,USR4513,MER15,Groceries & Supermarkets,Bank UPI (Direct),"?7,894.02",Success,8/5/2026 23:38,?0.00
19,TXN2026100018,USR4792,MER47,Groceries & Supermarkets,Bank UPI (Direct),"?11,988.89",Success,9/3/2026 22:57,?0.00
20,TXN2026100019,USR2250,MER43,Electronics & Gadgets,PPI Wallet UPI,"?10,681.69",Success,8/2/2026 5:41,?117.50
21,TXN2026100020,USR1202,MER17,Electronics & Gadgets,Bank UPI (Direct),"?3,062.07",Success,8/3/2026 7:01,?0.00
22,TXN2026100021,USR3675,MER28,Groceries & Supermarkets,Bank UPI (Direct),"?6,568.92",Success,8/20/2026 15:50,?0.00
23,TXN2026100022,USR3453,MER13,Food & Dining,PPI Wallet UPI,"?12,556.89",Success,8/30/2026 21:09,?138.13
24,TXN2026100023,USR4618,MER41,Groceries & Supermarkets,Credit Card on UPI,?779.76,Success,8/1/2026 2:31,?0.00
25,TXN2026100024,USR1763,MER26,Groceries & Supermarkets,Bank UPI (Direct),"?1,590.05",Success,8/14/2026 4:08,?0.00
26,TXN2026100025,USR2880,MER47,Travel & Hospitality,Credit Card on UPI,"?3,388.47",Success,8/28/2026 18:04,?0.00
27,TXN2026100026,USR2797,MER33,Electronics & Gadgets,PPI Wallet UPI,"?1,340.33",Success,8/6/2026 23:14,?0.00
28,TXN2026100027,USR3049,MER49,Groceries & Supermarkets,Bank UPI (Direct),"?5,775.48",Success,8/6/2026 22:45,?0.00
29,TXN2026100028,USR4695,MER25,Groceries & Supermarkets,Credit Card on UPI,"?13,436.79",Success,8/2/2026 9:47,?0.00
30,TXN2026100029,USR2043,MER10,Food & Dining,PPI Wallet UPI,"?9,275.39",Success,8/8/2026 6:34,?102.03
31,TXN2026100030,USR1356,MER29,Electronics & Gadgets,Bank UPI (Direct),"?5,138.78",Success,8/16/2026 10:40,?0.00
32,TXN2026100031,USR1506,MER40,Groceries & Supermarkets,Credit Card on UPI,"?9,218.24",Success,8/19/2026 16:18,?0.00
33,TXN2026100032,USR1629,MER19,Groceries & Supermarkets,Bank UPI (Direct),"?1,894.23",Success,8/25/2026 12:01,?0.00
34,TXN2026100033,USR2132,MER44,Food & Dining,Bank UPI (Direct),?933.51,Success,8/29/2026 3:31,?0.00
35,TXN2026100034,USR2412,MER32,Electronics & Gadgets,Bank UPI (Direct),"?11,800.87",Success,8/19/2026 5:55,?0.00
36,TXN2026100035,USR3471,MER29,Food & Dining,PPI Wallet UPI,"?11,137.96",Success,8/13/2026 6:58,?122.52
37,TXN2026100036,USR1122,MER12,Electronics & Gadgets,Bank UPI (Direct),"?3,087.61",Success,8/9/2026 15:44,?0.00
38,TXN2026100037,USR2773,MER48,Groceries & Supermarkets,PPI Wallet UPI,"?7,256.61",Success,8/12/2026 17:31,?79.82
39,TXN2026100038,USR4593,MER40,Electronics & Gadgets,Bank UPI (Direct),"?5,146.77",Success,9/11/2026 5:28,?0.00
40,TXN2026100039,USR1876,MER40,Electronics & Gadgets,PPI Wallet UPI,"?13,243.39",Success,8/2/2026 8:09,?145.68
41,TXN2026100040,USR2801,MER49,Electronics & Gadgets,PPI Wallet UPI,"?3,431.13",Success,9/13/2026 3:50,?37.74
42,TXN2026100041,USR1671,MER23,Food & Dining,Bank UPI (Direct),"?11,636.63",Success,9/2/2026 14:49,?0.00
43,TXN2026100042,USR2132,MER45,Groceries & Supermarkets,PPI Wallet UPI,"?6,599.05",Success,8/2/2026 11:03,?72.59
44,TXN2026100043,USR3080,MER10,Groceries & Supermarkets,Credit Card on UPI,"?4,167.64",Success,9/1/2026 10:10,?0.00
45,TXN2026100044,USR2781,MER42,Groceries & Supermarkets,PPI Wallet UPI,"?5,881.36",Failed,9/6/2026 8:25,?0.00
46,TXN2026100045,USR4706,MER49,Electronics & Gadgets,PPI Wallet UPI,"?5,262.07",Success,8/6/2026 15:35,?57.88
47,TXN2026100046,USR2273,MER29,Food & Dining,Bank UPI (Direct),"?10,737.73",Success,8/13/2026 16:03,?0.00
48,TXN2026100047,USR1711,MER21,Travel & Hospitality,Bank UPI (Direct),"?4,205.89",Success,8/29/2026 0:19,?0.00
49,TXN2026100048,USR4393,MER12,Food & Dining,Bank UPI (Direct),"?1,335.59",Success,8/3/2026 11:27,?0.00
50,TXN2026100049,USR2541,MER45,Groceries & Supermarkets,PPI Wallet UPI,"?12,323.10",Success,8/1/2026 23:51,?135.55
51,TXN2026100050,USR2746,MER36,Groceries & Supermarkets,PPI Wallet UPI,"?14,936.18",Success,9/6/2026 17:40,?164.30
52,TXN2026100051,USR1798,MER28,Travel & Hospitality,Bank UPI (Direct),"?12,982.58",Pending,8/30/2026 5:07,?0.00
53,TXN2026100052,USR4661,MER25,Food & Dining,Bank UPI (Direct),?368.22,Success,8/27/2026 18:00,?0.00
54,TXN2026100053,USR4422,MER38,Travel & Hospitality,PPI Wallet UPI,"?4,526.28",Success,8/3/2026 17:14,?49.79
55,TXN2026100054,USR3995,MER21,Groceries & Supermarkets,PPI Wallet UPI,"?12,641.56",Success,9/15/2026 14:49,?139.06
56,TXN2026100055,USR1880,MER14,Travel & Hospitality,Credit Card on UPI,"?4,839.47",Success,9/9/2026 9:10,?0.00
57,TXN2026100056,USR2854,MER27,Groceries & Supermarkets,PPI Wallet UPI,"?7,002.92",Failed,8/26/2026 17:44,?0.00
58,TXN2026100057,USR2769,MER17,Electronics & Gadgets,Bank UPI (Direct),"?8,232.92",Success,9/12/2026 6:07,?0.00
59,TXN2026100058,USR4818,MER32,Groceries & Supermarkets,Bank UPI (Direct),"?11,015.80",Success,9/10/2026 23:25,?0.00
60,TXN2026100059,USR3083,MER26,Electronics & Gadgets,PPI Wallet UPI,?989.81,Success,8/25/2026 16:55,?0.00
61,TXN2026100060,USR2947,MER33,Groceries & Supermarkets,Credit Card on UPI,"?11,615.23",Success,9/1/2026 11:46,?0.00
62,TXN2026100061,USR3565,MER17,Travel & Hospitality,PPI Wallet UPI,"?4,714.93",Success,8/15/2026 15:32,?51.86
63,TXN2026100062,USR3619,MER21,Travel & Hospitality,Bank UPI (Direct),"?12,013.94",Success,8/24/2026 20:01,?0.00
64,TXN2026100063,USR4856,MER34,Groceries & Supermarkets,Bank UPI (Direct),"?9,876.04",Success,8/23/2026 5:21,?0.00
65,TXN2026100064,USR4202,MER24,Food & Dining,Bank UPI (Direct),"?7,039.65",Success,9/7/2026 22:48,?0.00
66,TXN2026100065,USR4250,MER42,Travel & Hospitality,PPI Wallet UPI,"?10,082.04",Success,9/8/2026 13:27,?110.90
67,TXN2026100066,USR1533,MER48,Groceries & Supermarkets,PPI Wallet UPI,"?6,235.78",Success,8/3/2026 10:47,?68.59
68,TXN2026100067,USR2824,MER38,Electronics & Gadgets,Bank UPI (Direct),"?6,040.42",Success,8/19/2026 5:01,?0.00
69,TXN2026100068,USR3571,MER37,Groceries & Supermarkets,PPI Wallet UPI,"?2,916.75",Success,8/22/2026 19:23,?32.08
70,TXN2026100069,USR3375,MER25,Electronics & Gadgets,Bank UPI (Direct),"?9,908.68",Success,9/5/2026 9:29,?0.00
71,TXN2026100070,USR3491,MER28,Electronics & Gadgets,Credit Card on UPI,"?7,660.50",Success,8/28/2026 0:37,?0.00
72,TXN2026100071,USR4254,MER20,Food & Dining,Bank UPI (Direct),"?7,697.85",Success,8/22/2026 4:10,?0.00
73,TXN2026100072,USR3609,MER46,Electronics & Gadgets,PPI Wallet UPI,"?13,641.64",Success,9/3/2026 20:20,?150.06
74,TXN2026100073,USR4106,MER34,Electronics & Gadgets,Bank UPI (Direct),"?12,956.25",Success,9/2/2026 8:30,?0.00
75,TXN2026100074,USR2447,MER21,Groceries & Supermarkets,Bank UPI (Direct),"?14,107.97",Success,8/8/2026 16:07,?0.00
76,TXN2026100075,USR4917,MER21,Groceries & Supermarkets,Bank UPI (Direct),"?4,046.35",Success,9/2/2026 13:47,?0.00
77,TXN2026100076,USR4381,MER20,Travel & Hospitality,PPI Wallet UPI,"?10,124.45",Success,8/29/2026 23:43,?111.37
78,TXN2026100077,USR1429,MER50,Electronics & Gadgets,Credit Card on UPI,"?2,982.97",Success,8/22/2026 5:08,?0.00
79,TXN2026100078,USR3794,MER32,Groceries & Supermarkets,Bank UPI (Direct),"?7,027.25",Failed,8/10/2026 7:00,?0.00
80,TXN2026100079,USR4426,MER43,Groceries & Supermarkets,PPI Wallet UPI,"?7,720.99",Success,8/16/2026 8:06,?84.93
81,TXN2026100080,USR4570,MER26,Groceries & Supermarkets,Credit Card on UPI,"?4,525.47",Success,9/1/2026 13:21,?0.00
82,TXN2026100081,USR3435,MER36,Groceries & Supermarkets,Bank UPI (Direct),"?7,976.09",Success,9/12/2026 16:35,?0.00
83,TXN2026100082,USR3920,MER34,Groceries & Supermarkets,PPI Wallet UPI,?57.29,Success,9/2/2026 21:12,?0.00
84,TXN2026100083,USR3437,MER43,Travel & Hospitality,Bank UPI (Direct),"?1,683.01",Success,8/13/2026 9:05,?0.00
85,TXN2026100084,USR3202,MER32,Groceries & Supermarkets,Bank UPI (Direct),"?12,965.35",Success,8/13/2026 0:59,?0.00
86,TXN2026100085,USR2873,MER20,Electronics & Gadgets,Bank UPI (Direct),"?5,748.45",Success,9/15/2026 22:02,?0.00
87,TXN2026100086,USR1491,MER23,Travel & Hospitality,PPI Wallet UPI,"?4,371.00",Success,9/13/2026 19:50,?48.08
88,TXN2026100087,USR1917,MER41,Groceries & Supermarkets,PPI Wallet UPI,"?1,013.59",Success,9/15/2026 21:25,?0.00
89,TXN2026100088,USR1659,MER15,Groceries & Supermarkets,Bank UPI (Direct),?645.32,Success,9/8/2026 18:57,?0.00
90,TXN2026100089,USR4720,MER15,Travel & Hospitality,Bank UPI (Direct),"?10,425.63",Success,8/14/2026 12:16,?0.00
91,TXN2026100090,USR1711,MER16,Electronics & Gadgets,Bank UPI (Direct),"?13,965.62",Success,8/20/2026 17:40,?0.00
92,TXN2026100091,USR4022,MER26,Groceries & Supermarkets,PPI Wallet UPI,"?12,964.74",Pending,8/17/2026 14:36,?0.00
93,TXN2026100092,USR4817,MER22,Groceries & Supermarkets,Bank UPI (Direct),"?3,733.98",Success,8/31/2026 11:29,?0.00
94,TXN2026100093,USR2346,MER27,Groceries & Supermarkets,Bank UPI (Direct),"?4,752.50",Success,8/5/2026 10:34,?0.00
95,TXN2026100094,USR2483,MER10,Groceries & Supermarkets,Bank UPI (Direct),"?12,988.45",Success,8/5/2026 4:54,?0.00
96,TXN2026100095,USR3007,MER38,Electronics & Gadgets,Bank UPI (Direct),"?13,530.97",Success,8/21/2026 17:23,?0.00
97,TXN2026100096,USR1134,MER40,Groceries & Supermarkets,Bank UPI (Direct),"?13,613.91",Success,8/23/2026 18:01,?0.00
98,TXN2026100097,USR2087,MER23,Groceries & Supermarkets,Bank UPI (Direct),"?3,023.53",Success,8/22/2026 2:12,?0.00
99,TXN2026100098,USR3383,MER34,Groceries & Supermarkets,PPI Wallet UPI,"?2,972.53",Success,8/10/2026 14:22,?32.70
100,TXN2026100099,USR2808,MER30,Groceries & Supermarkets,Bank UPI (Direct),"?4,877.69",Success,8/26/2026 20:13,?0.00
101,TXN2026100100,USR4378,MER17,Groceries & Supermarkets,Bank UPI (Direct),"?12,291.77",Success,8/18/2026 15:04,?0.00
102,TXN2026100101,USR1331,MER25,Groceries & Supermarkets,Bank UPI (Direct),"?2,122.96",Success,8/3/2026 8:17,?0.00
103,TXN2026100102,USR4720,MER49,Food & Dining,Credit Card on UPI,"?14,470.73",Success,8/23/2026 1:29,?0.00
104,TXN2026100103,USR2276,MER28,Groceries & Supermarkets,Credit Card on UPI,"?12,716.39",Failed,8/10/2026 4:59,?0.00
105,TXN2026100104,USR3329,MER40,Groceries & Supermarkets,Bank UPI (Direct),"?14,980.16",Success,8/5/2026 12:44,?0.00
106,TXN2026100105,USR4435,MER35,Groceries & Supermarkets,Bank UPI (Direct),"?10,516.48",Success,8/14/2026 22:29,?0.00
107,TXN2026100106,USR3586,MER32,Groceries & Supermarkets,PPI Wallet UPI,"?7,442.18",Success,9/9/2026 1:20,?81.86
108,TXN2026100107,USR4847,MER24,Travel & Hospitality,Credit Card on UPI,?193.49,Pending,8/18/2026 8:51,?0.00
109,TXN2026100108,USR2852,MER44,Travel & Hospitality,PPI Wallet UPI,"?2,907.99",Success,8/13/2026 0:33,?31.99
110,TXN2026100109,USR2204,MER21,Groceries & Supermarkets,PPI Wallet UPI,"?5,559.03",Success,8/9/2026 10:53,?61.15
111,TXN2026100110,USR3159,MER38,Groceries & Supermarkets,Bank UPI (Direct),"?7,421.65",Success,8/14/2026 6:05,?0.00
112,TXN2026100111,USR2613,MER29,Groceries & Supermarkets,Bank UPI (Direct),"?5,202.28",Success,8/17/2026 21:57,?0.00
113,TXN2026100112,USR4879,MER48,Electronics & Gadgets,Credit Card on UPI,"?11,588.68",Success,9/11/2026 1:37,?0.00
114,TXN2026100113,USR4352,MER35,Groceries & Supermarkets,Bank UPI (Direct),"?8,787.70",Success,8/29/2026 8:52,?0.00
115,TXN2026100114,USR2495,MER18,Groceries & Supermarkets,Bank UPI (Direct),"?4,402.83",Success,8/23/2026 23:27,?0.00
116,TXN2026100115,USR1186,MER50,Groceries & Supermarkets,Bank UPI (Direct),"?5,086.52",Success,8/19/2026 21:45,?0.00
117,TXN2026100116,USR1463,MER45,Groceries & Supermarkets,Bank UPI (Direct),"?9,031.65",Success,8/24/2026 20:00,?0.00
118,TXN2026100117,USR1847,MER35,Electronics & Gadgets,Bank UPI (Direct),?925.56,Pending,8/23/2026 21:15,?0.00
119,TXN2026100118,USR2241,MER41,Groceries & Supermarkets,PPI Wallet UPI,"?11,135.71",Success,9/14/2026 19:12,?122.49
120,TXN2026100119,USR3070,MER21,Groceries & Supermarkets,Bank UPI (Direct),?195.86,Success,9/11/2026 8:39,?0.00
121,TXN2026100120,USR2298,MER16,Groceries & Supermarkets,PPI Wallet UPI,"?8,220.53",Success,8/23/2026 6:57,?90.43
122,TXN2026100121,USR2407,MER21,Travel & Hospitality,Bank UPI (Direct),?847.81,Success,9/6/2026 10:32,?0.00
123,TXN2026100122,USR4523,MER14,Groceries & Supermarkets,PPI Wallet UPI,"?3,257.64",Success,8/21/2026 18:02,?35.83
124,TXN2026100123,USR4857,MER16,Groceries & Supermarkets,Credit Card on UPI,"?4,187.44",Success,8/18/2026 5:05,?0.00
125,TXN2026100124,USR3835,MER24,Groceries & Supermarkets,Credit Card on UPI,"?11,416.48",Success,9/12/2026 22:50,?0.00
126,TXN2026100125,USR3189,MER24,Groceries & Supermarkets,PPI Wallet UPI,"?2,984.57",Success,8/18/2026 18:12,?32.83
127,TXN2026100126,USR4513,MER42,Groceries & Supermarkets,Bank UPI (Direct),"?9,421.65",Success,8/24/2026 14:26,?0.00
128,TXN2026100127,USR1136,MER41,Groceries & Supermarkets,Bank UPI (Direct),"?1,516.26",Success,8/5/2026 20:14,?0.00
129,TXN2026100128,USR3415,MER38,Food & Dining,PPI Wallet UPI,"?11,742.72",Failed,8/23/2026 14:04,?0.00
130,TXN2026100129,USR1025,MER31,Groceries & Supermarkets,Credit Card on UPI,"?12,616.83",Success,8/10/2026 6:44,?0.00
131,TXN2026100130,USR2581,MER44,Groceries & Supermarkets,PPI Wallet UPI,"?8,996.72",Success,8/21/2026 21:23,?98.96
132,TXN2026100131,USR3650,MER36,Food & Dining,Bank UPI (Direct),"?1,589.29",Pending,9/15/2026 9:34,?0.00
133,TXN2026100132,USR4723,MER33,Electronics & Gadgets,Bank UPI (Direct),"?10,503.28",Success,8/11/2026 13:32,?0.00
134,TXN2026100133,USR1015,MER22,Groceries & Supermarkets,PPI Wallet UPI,"?1,625.95",Success,8/15/2026 6:07,?0.00
135,TXN2026100134,USR4534,MER43,Groceries & Supermarkets,Bank UPI (Direct),"?11,096.16",Success,8/12/2026 9:25,?0.00
136,TXN2026100135,USR2279,MER27,Food & Dining,Bank UPI (Direct),"?12,221.12",Success,9/13/2026 19:21,?0.00
137,TXN2026100136,USR4875,MER33,Travel & Hospitality,PPI Wallet UPI,"?1,861.63",Success,9/12/2026 19:03,?0.00
138,TXN2026100137,USR3656,MER48,Travel & Hospitality,Bank UPI (Direct),"?9,007.62",Success,8/31/2026 23:18,?0.00
139,TXN2026100138,USR1890,MER11,Electronics & Gadgets,Bank UPI (Direct),"?2,522.42",Success,8/10/2026 12:52,?0.00
140,TXN2026100139,USR1449,MER38,Groceries & Supermarkets,PPI Wallet UPI,"?10,675.54",Failed,8/18/2026 21:25,?0.00
141,TXN2026100140,USR1986,MER11,Groceries & Supermarkets,Bank UPI (Direct),"?2,501.11",Pending,9/10/2026 23:24,?0.00
142,TXN2026100141,USR3389,MER45,Groceries & Supermarkets,Credit Card on UPI,"?14,708.01",Success,8/20/2026 3:09,?0.00
143,TXN2026100142,USR3793,MER20,Travel & Hospitality,Bank UPI (Direct),"?2,081.19",Success,8/11/2026 6:52,?0.00
144,TXN2026100143,USR1498,MER21,Groceries & Supermarkets,PPI Wallet UPI,"?14,112.63",Success,9/7/2026 9:15,?155.24
145,TXN2026100144,USR3916,MER34,Groceries & Supermarkets,PPI Wallet UPI,"?12,004.28",Success,8/10/2026 20:39,?132.05
146,TXN2026100145,USR1503,MER19,Food & Dining,PPI Wallet UPI,"?14,936.33",Success,8/21/2026 18:15,?164.30
147,TXN2026100146,USR4181,MER20,Groceries & Supermarkets,Credit Card on UPI,"?5,785.20",Success,8/11/2026 18:26,?0.00
148,TXN2026100147,USR1992,MER50,Electronics & Gadgets,PPI Wallet UPI,"?11,605.13",Success,8/19/2026 1:45,?127.66
149,TXN2026100148,USR4044,MER15,Groceries & Supermarkets,PPI Wallet UPI,"?14,240.40",Success,8/18/2026 10:34,?156.64
150,TXN2026100149,USR1974,MER23,Groceries & Supermarkets,Bank UPI (Direct),"?5,244.24",Success,9/2/2026 17:41,?0.00
151,TXN2026100150,USR4975,MER40,Groceries & Supermarkets,PPI Wallet UPI,"?10,411.42",Success,8/28/2026 15:43,?114.53
152,TXN2026100151,USR3518,MER44,Food & Dining,Bank UPI (Direct),"?7,509.52",Success,8/20/2026 1:02,?0.00
153,TXN2026100152,USR2613,MER20,Groceries & Supermarkets,Bank UPI (Direct),"?6,728.24",Failed,9/4/2026 5:45,?0.00
154,TXN2026100153,USR3004,MER25,Groceries & Supermarkets,Bank UPI (Direct),"?6,635.71",Success,9/13/2026 19:57,?0.00
155,TXN2026100154,USR3909,MER35,Groceries & Supermarkets,PPI Wallet UPI,"?11,207.28",Success,8/14/2026 12:01,?123.28
156,TXN2026100155,USR3794,MER28,Electronics & Gadgets,Credit Card on UPI,"?8,982.41",Success,9/5/2026 23:20,?0.00
157,TXN2026100156,USR4728,MER21,Groceries & Supermarkets,Bank UPI (Direct),"?3,319.13",Success,8/14/2026 1:08,?0.00
158,TXN2026100157,USR1074,MER45,Travel & Hospitality,Bank UPI (Direct),"?4,977.15",Success,8/31/2026 20:22,?0.00
159,TXN2026100158,USR3250,MER15,Electronics & Gadgets,Bank UPI (Direct),"?5,476.96",Success,8/23/2026 19:53,?0.00
160,TXN2026100159,USR4174,MER41,Food & Dining,PPI Wallet UPI,"?11,539.16",Success,8/28/2026 23:59,?126.93
161,TXN2026100160,USR3724,MER25,Travel & Hospitality,Bank UPI (Direct),"?8,172.10",Success,8/2/2026 9:45,?0.00
162,TXN2026100161,USR1512,MER42,Travel & Hospitality,Bank UPI (Direct),"?10,796.33",Success,9/1/2026 18:32,?0.00
163,TXN2026100162,USR2096,MER20,Groceries & Supermarkets,Bank UPI (Direct),"?7,184.01",Success,8/6/2026 14:02,?0.00
164,TXN2026100163,USR3381,MER12,Food & Dining,Bank UPI (Direct),"?11,787.75",Success,8/17/2026 10:39,?0.00
165,TXN2026100164,USR3531,MER50,Electronics & Gadgets,Bank UPI (Direct),"?2,530.49",Success,8/15/2026 14:53,?0.00
166,TXN2026100165,USR3013,MER30,Electronics & Gadgets,Bank UPI (Direct),"?6,637.14",Success,9/4/2026 3:28,?0.00
167,TXN2026100166,USR3631,MER45,Groceries & Supermarkets,PPI Wallet UPI,"?7,342.27",Failed,8/14/2026 9:35,?0.00
168,TXN2026100167,USR3595,MER30,Groceries & Supermarkets,Bank UPI (Direct),"?5,496.45",Success,9/9/2026 21:23,?0.00
169,TXN2026100168,USR1069,MER27,Groceries & Supermarkets,PPI Wallet UPI,"?11,494.82",Success,8/28/2026 21:46,?126.44
170,TXN2026100169,USR2850,MER35,Electronics & Gadgets,PPI Wallet UPI,"?8,111.51",Success,8/10/2026 16:49,?89.23
171,TXN2026100170,USR2394,MER32,Food & Dining,Bank UPI (Direct),"?4,716.09",Failed,8/24/2026 13:06,?0.00
172,TXN2026100171,USR3799,MER38,Groceries & Supermarkets,Credit Card on UPI,"?4,220.40",Success,8/13/2026 1:58,?0.00
173,TXN2026100172,USR4206,MER17,Groceries & Supermarkets,Bank UPI (Direct),?20.04,Success,9/6/2026 15:47,?0.00
174,TXN2026100173,USR2123,MER18,Groceries & Supermarkets,Bank UPI (Direct),"?7,985.80",Success,9/9/2026 10:14,?0.00
175,TXN2026100174,USR2306,MER42,Groceries & Supermarkets,Bank UPI (Direct),"?11,835.22",Success,9/12/2026 20:51,?0.00
176,TXN2026100175,USR4783,MER25,Groceries & Supermarkets,PPI Wallet UPI,"?3,689.36",Success,9/9/2026 15:55,?40.58
177,TXN2026100176,USR3725,MER37,Food & Dining,Bank UPI (Direct),"?5,871.62",Success,8/3/2026 19:59,?0.00
178,TXN2026100177,USR4874,MER43,Food & Dining,Credit Card on UPI,"?10,019.40",Success,8/22/2026 4:07,?0.00
179,TXN2026100178,USR2238,MER30,Electronics & Gadgets,PPI Wallet UPI,?587.46,Success,8/19/2026 12:17,?0.00
180,TXN2026100179,USR1125,MER18,Groceries & Supermarkets,Credit Card on UPI,"?6,157.14",Success,8/7/2026 3:20,?0.00
181,TXN2026100180,USR4022,MER33,Groceries & Supermarkets,PPI Wallet UPI,"?13,516.19",Failed,8/2/2026 22:39,?0.00
182,TXN2026100181,USR2825,MER39,Groceries & Supermarkets,PPI Wallet UPI,"?5,896.77",Success,9/9/2026 0:11,?64.86
183,TXN2026100182,USR2338,MER38,Groceries & Supermarkets,Bank UPI (Direct),"?6,926.25",Success,9/4/2026 8:57,?0.00
184,TXN2026100183,USR4294,MER40,Electronics & Gadgets,PPI Wallet UPI,"?8,997.03",Success,9/1/2026 17:29,?98.97
185,TXN2026100184,USR2327,MER37,Food & Dining,PPI Wallet UPI,"?9,378.66",Success,8/18/2026 16:25,?103.17
186,TXN2026100185,USR3684,MER18,Groceries & Supermarkets,PPI Wallet UPI,"?13,875.30",Pending,8/1/2026 7:22,?0.00
187,TXN2026100186,USR4950,MER29,Travel & Hospitality,Bank UPI (Direct),"?3,006.52",Success,8/25/2026 3:44,?0.00
188,TXN2026100187,USR1176,MER22,Groceries & Supermarkets,PPI Wallet UPI,"?8,413.27",Success,8/3/2026 14:25,?92.55
189,TXN2026100188,USR4201,MER47,Food & Dining,PPI Wallet UPI,"?7,215.11",Success,8/27/2026 8:16,?79.37
190,TXN2026100189,USR3905,MER34,Groceries & Supermarkets,Bank UPI (Direct),"?12,550.51",Success,8/24/2026 9:52,?0.00
191,TXN2026100190,USR3829,MER14,Travel & Hospitality,Bank UPI (Direct),"?11,306.90",Success,8/6/2026 21:00,?0.00
192,TXN2026100191,USR4885,MER31,Groceries & Supermarkets,Credit Card on UPI,"?3,860.47",Success,8/13/2026 0:29,?0.00
193,TXN2026100192,USR1742,MER46,Food & Dining,Bank UPI (Direct),"?6,797.61",Success,9/7/2026 0:57,?0.00
194,TXN2026100193,USR2921,MER10,Groceries & Supermarkets,Bank UPI (Direct),"?14,204.73",Success,9/6/2026 8:49,?0.00
195,TXN2026100194,USR1198,MER28,Electronics & Gadgets,Bank UPI (Direct),"?13,186.54",Success,8/26/2026 20:15,?0.00
196,TXN2026100195,USR2588,MER20,Groceries & Supermarkets,Bank UPI (Direct),"?6,775.15",Success,9/8/2026 4:21,?0.00
197,TXN2026100196,USR2165,MER35,Groceries & Supermarkets,Bank UPI (Direct),"?1,531.43",Success,8/12/2026 16:35,?0.00
198,TXN2026100197,USR2576,MER11,Groceries & Supermarkets,Bank UPI (Direct),?55.45,Success,8/25/2026 6:54,?0.00
199,TXN2026100198,USR1888,MER21,Groceries & Supermarkets,Bank UPI (Direct),"?13,660.85",Success,8/23/2026 10:25,?0.00
200,TXN2026100199,USR4306,MER16,Travel & Hospitality,Bank UPI (Direct),"?10,297.52",Success,8/2/2026 9:57,?0.00
201,TXN2026100200,USR4186,MER37,Travel & Hospitality,PPI Wallet UPI,"?11,120.99",Success,9/8/2026 0:28,?122.33
202,TXN2026100201,USR2767,MER42,Groceries & Supermarkets,Credit Card on UPI,"?8,056.71",Success,8/8/2026 6:24,?0.00
203,TXN2026100202,USR3593,MER32,Electronics & Gadgets,PPI Wallet UPI,"?10,701.29",Success,8/4/2026 4:21,?117.71
204,TXN2026100203,USR2573,MER31,Electronics & Gadgets,Bank UPI (Direct),"?11,639.28",Success,9/10/2026 13:11,?0.00
205,TXN2026100204,USR4165,MER27,Food & Dining,Bank UPI (Direct),"?5,233.24",Success,8/31/2026 23:47,?0.00
206,TXN2026100205,USR3630,MER17,Groceries & Supermarkets,PPI Wallet UPI,"?4,067.56",Success,8/1/2026 2:08,?44.74
207,TXN2026100206,USR4506,MER46,Travel & Hospitality,Bank UPI (Direct),"?9,120.65",Success,8/12/2026 5:16,?0.00
208,TXN2026100207,USR2484,MER28,Groceries & Supermarkets,PPI Wallet UPI,"?2,448.45",Success,9/3/2026 0:24,?26.93
209,TXN2026100208,USR3631,MER45,Groceries & Supermarkets,Bank UPI (Direct),"?9,224.90",Success,8/26/2026 19:39,?0.00
210,TXN2026100209,USR4589,MER34,Travel & Hospitality,Bank UPI (Direct),"?8,282.38",Success,9/6/2026 18:54,?0.00
211,TXN2026100210,USR2185,MER28,Groceries & Supermarkets,PPI Wallet UPI,"?7,186.28",Success,8/21/2026 16:49,?79.05
212,TXN2026100211,USR1468,MER21,Food & Dining,PPI Wallet UPI,"?6,963.82",Success,8/30/2026 19:54,?76.60
213,TXN2026100212,USR1298,MER48,Food & Dining,PPI Wallet UPI,"?1,680.59",Success,8/12/2026 2:22,?0.00
214,TXN2026100213,USR2461,MER27,Travel & Hospitality,PPI Wallet UPI,"?13,328.97",Success,8/8/2026 22:55,?146.62
215,TXN2026100214,USR2189,MER34,Electronics & Gadgets,PPI Wallet UPI,"?12,440.78",Success,8/27/2026 0:30,?136.85
216,TXN2026100215,USR2181,MER34,Electronics & Gadgets,Bank UPI (Direct),"?4,191.80",Success,9/11/2026 0:37,?0.00
217,TXN2026100216,USR3983,MER23,Travel & Hospitality,PPI Wallet UPI,"?13,982.21",Success,8/2/2026 10:20,?153.80
218,TXN2026100217,USR3644,MER49,Food & Dining,Bank UPI (Direct),?195.00,Success,8/27/2026 5:37,?0.00
219,TXN2026100218,USR3203,MER40,Groceries & Supermarkets,Credit Card on UPI,"?5,577.83",Success,8/24/2026 19:47,?0.00
220,TXN2026100219,USR4825,MER48,Electronics & Gadgets,PPI Wallet UPI,"?13,490.20",Success,8/8/2026 1:41,?148.39
221,TXN2026100220,USR4973,MER11,Groceries & Supermarkets,Credit Card on UPI,"?9,433.84",Success,9/4/2026 16:43,?0.00
222,TXN2026100221,USR2036,MER40,Electronics & Gadgets,Bank UPI (Direct),"?9,997.74",Success,9/5/2026 23:19,?0.00
223,TXN2026100222,USR3799,MER30,Groceries & Supermarkets,Bank UPI (Direct),"?11,090.24",Success,9/14/2026 9:30,?0.00
224,TXN2026100223,USR3645,MER39,Groceries & Supermarkets,Credit Card on UPI,?267.56,Success,8/23/2026 18:05,?0.00
225,TXN2026100224,USR4609,MER13,Groceries & Supermarkets,PPI Wallet UPI,"?7,972.55",Success,8/24/2026 10:39,?87.70
226,TXN2026100225,USR4021,MER26,Groceries & Supermarkets,PPI Wallet UPI,"?11,075.58",Success,8/22/2026 19:35,?121.83
227,TXN2026100226,USR2362,MER50,Groceries & Supermarkets,Credit Card on UPI,"?2,849.18",Success,8/19/2026 3:31,?0.00
228,TXN2026100227,USR4583,MER32,Groceries & Supermarkets,Bank UPI (Direct),"?13,201.84",Success,8/24/2026 15:52,?0.00
229,TXN2026100228,USR3995,MER16,Groceries & Supermarkets,PPI Wallet UPI,"?2,230.49",Success,8/14/2026 22:38,?24.54
230,TXN2026100229,USR3758,MER38,Food & Dining,Bank UPI (Direct),"?2,987.68",Failed,8/13/2026 8:42,?0.00
231,TXN2026100230,USR4460,MER10,Groceries & Supermarkets,Bank UPI (Direct),"?9,356.96",Success,9/11/2026 1:58,?0.00
232,TXN2026100231,USR4956,MER47,Groceries & Supermarkets,PPI Wallet UPI,"?6,596.97",Success,8/21/2026 6:08,?72.57
233,TXN2026100232,USR3471,MER47,Food & Dining,Credit Card on UPI,"?9,842.52",Success,9/5/2026 9:29,?0.00
234,TXN2026100233,USR3094,MER36,Groceries & Supermarkets,PPI Wallet UPI,"?13,745.40",Success,8/15/2026 13:15,?151.20
235,TXN2026100234,USR2239,MER47,Food & Dining,PPI Wallet UPI,"?13,718.27",Success,8/3/2026 1:33,?150.90
236,TXN2026100235,USR2219,MER23,Food & Dining,PPI Wallet UPI,"?14,380.88",Success,9/4/2026 19:51,?158.19
237,TXN2026100236,USR3192,MER25,Food & Dining,Bank UPI (Direct),"?8,496.92",Success,8/31/2026 19:07,?0.00
238,TXN2026100237,USR2426,MER50,Food & Dining,PPI Wallet UPI,"?10,780.70",Success,8/31/2026 23:20,?118.59
239,TXN2026100238,USR1593,MER17,Food & Dining,Bank UPI (Direct),"?10,731.27",Success,9/9/2026 18:17,?0.00
240,TXN2026100239,USR4029,MER18,Food & Dining,PPI Wallet UPI,"?7,583.89",Success,8/1/2026 9:25,?83.42
241,TXN2026100240,USR2000,MER16,Groceries & Supermarkets,Bank UPI (Direct),"?8,918.64",Success,8/16/2026 12:41,?0.00
242,TXN2026100241,USR4359,MER39,Food & Dining,Bank UPI (Direct),"?2,438.85",Success,8/25/2026 8:34,?0.00
243,TXN2026100242,USR2590,MER46,Groceries & Supermarkets,PPI Wallet UPI,"?8,767.62",Success,9/7/2026 12:14,?96.44
244,TXN2026100243,USR2424,MER43,Electronics & Gadgets,PPI Wallet UPI,"?1,015.55",Success,8/13/2026 21:43,?0.00
245,TXN2026100244,USR3093,MER24,Food & Dining,PPI Wallet UPI,"?4,454.99",Success,9/7/2026 12:16,?49.00
246,TXN2026100245,USR2650,MER36,Groceries & Supermarkets,PPI Wallet UPI,"?8,078.64",Success,8/31/2026 4:57,?88.87
247,TXN2026100246,USR4694,MER19,Travel & Hospitality,Bank UPI (Direct),"?3,185.09",Success,8/19/2026 4:30,?0.00
248,TXN2026100247,USR4695,MER27,Groceries & Supermarkets,PPI Wallet UPI,"?5,129.40",Success,8/22/2026 18:50,?56.42
249,TXN2026100248,USR4289,MER32,Groceries & Supermarkets,Bank UPI (Direct),"?5,629.51",Success,8/7/2026 19:06,?0.00
250,TXN2026100249,USR3969,MER40,Groceries & Supermarkets,Credit Card on UPI,"?6,025.45",Success,8/14/2026 8:39,?0.00
251,TXN2026100250,USR1534,MER35,Groceries & Supermarkets,Bank UPI (Direct),"?4,537.38",Success,8/29/2026 10:11,?0.00
252,TXN2026100251,USR4988,MER50,Electronics & Gadgets,Bank UPI (Direct),"?5,114.72",Success,8/9/2026 9:24,?0.00
253,TXN2026100252,USR2044,MER22,Food & Dining,Bank UPI (Direct),"?1,758.59",Success,8/8/2026 15:35,?0.00
254,TXN2026100253,USR3481,MER47,Groceries & Supermarkets,PPI Wallet UPI,"?2,287.33",Success,9/3/2026 23:49,?25.16
255,TXN2026100254,USR3776,MER23,Groceries & Supermarkets,PPI Wallet UPI,"?5,834.79",Success,8/23/2026 19:43,?64.18
256,TXN2026100255,USR3471,MER17,Groceries & Supermarkets,Bank UPI (Direct),"?9,541.22",Success,8/13/2026 9:58,?0.00
257,TXN2026100256,USR1407,MER40,Groceries & Supermarkets,Bank UPI (Direct),"?9,185.90",Success,8/9/2026 15:04,?0.00
258,TXN2026100257,USR2287,MER29,Groceries & Supermarkets,PPI Wallet UPI,"?3,554.81",Success,9/4/2026 15:17,?39.10
259,TXN2026100258,USR2264,MER48,Electronics & Gadgets,Bank UPI (Direct),"?14,700.94",Success,8/1/2026 18:10,?0.00
260,TXN2026100259,USR2716,MER18,Food & Dining,Credit Card on UPI,"?4,942.67",Success,9/8/2026 9:54,?0.00
261,TXN2026100260,USR1231,MER17,Groceries & Supermarkets,Bank UPI (Direct),?797.30,Success,8/3/2026 20:22,?0.00
262,TXN2026100261,USR3468,MER18,Groceries & Supermarkets,PPI Wallet UPI,"?11,565.64",Success,9/6/2026 23:14,?127.22
263,TXN2026100262,USR4718,MER34,Groceries & Supermarkets,PPI Wallet UPI,"?1,302.82",Success,9/8/2026 5:16,?0.00
264,TXN2026100263,USR4716,MER49,Electronics & Gadgets,PPI Wallet UPI,"?14,534.76",Success,9/3/2026 12:33,?159.88
265,TXN2026100264,USR2813,MER22,Groceries & Supermarkets,Bank UPI (Direct),"?6,902.51",Success,9/9/2026 23:03,?0.00
266,TXN2026100265,USR2026,MER35,Food & Dining,PPI Wallet UPI,"?2,132.35",Success,8/5/2026 18:38,?23.46
267,TXN2026100266,USR3792,MER40,Food & Dining,Bank UPI (Direct),"?2,682.24",Success,9/9/2026 6:21,?0.00
268,TXN2026100267,USR1400,MER42,Food & Dining,Bank UPI (Direct),"?4,053.97",Success,8/24/2026 6:05,?0.00
269,TXN2026100268,USR2111,MER33,Groceries & Supermarkets,PPI Wallet UPI,"?5,467.93",Success,8/21/2026 3:15,?60.15
270,TXN2026100269,USR3592,MER40,Travel & Hospitality,PPI Wallet UPI,"?14,501.41",Success,8/24/2026 7:08,?159.52
271,TXN2026100270,USR3804,MER28,Food & Dining,Credit Card on UPI,"?5,523.44",Success,8/2/2026 0:03,?0.00
272,TXN2026100271,USR3073,MER43,Food & Dining,Bank UPI (Direct),"?4,434.06",Success,9/7/2026 17:29,?0.00
273,TXN2026100272,USR3842,MER27,Groceries & Supermarkets,PPI Wallet UPI,"?2,973.75",Success,8/27/2026 23:30,?32.71
274,TXN2026100273,USR2583,MER37,Groceries & Supermarkets,Credit Card on UPI,"?12,442.95",Success,8/30/2026 2:47,?0.00
275,TXN2026100274,USR3705,MER42,Groceries & Supermarkets,Bank UPI (Direct),"?2,275.92",Success,8/17/2026 8:18,?0.00
276,TXN2026100275,USR3875,MER15,Groceries & Supermarkets,PPI Wallet UPI,"?1,630.45",Success,9/3/2026 0:16,?0.00
277,TXN2026100276,USR1140,MER33,Electronics & Gadgets,Credit Card on UPI,"?3,742.02",Success,8/30/2026 0:44,?0.00
278,TXN2026100277,USR2799,MER22,Electronics & Gadgets,Credit Card on UPI,"?13,467.29",Success,9/5/2026 8:32,?0.00
279,TXN2026100278,USR3509,MER24,Travel & Hospitality,Credit Card on UPI,"?3,879.26",Failed,8/17/2026 0:30,?0.00
280,TXN2026100279,USR2089,MER41,Food & Dining,PPI Wallet UPI,"?9,592.55",Success,8/2/2026 2:28,?105.52
281,TXN2026100280,USR4127,MER19,Electronics & Gadgets,Bank UPI (Direct),"?13,225.26",Success,8/9/2026 21:53,?0.00
282,TXN2026100281,USR2910,MER15,Groceries & Supermarkets,Bank UPI (Direct),"?2,925.32",Success,8/16/2026 13:01,?0.00
283,TXN2026100282,USR4814,MER38,Travel & Hospitality,Bank UPI (Direct),"?11,665.03",Success,9/9/2026 18:44,?0.00
284,TXN2026100283,USR3496,MER37,Electronics & Gadgets,PPI Wallet UPI,"?4,684.03",Success,8/17/2026 22:23,?51.52
285,TXN2026100284,USR4698,MER37,Groceries & Supermarkets,Bank UPI (Direct),"?11,366.15",Success,8/29/2026 8:51,?0.00
286,TXN2026100285,USR2962,MER43,Travel & Hospitality,Bank UPI (Direct),"?6,818.52",Success,8/5/2026 13:24,?0.00
287,TXN2026100286,USR2702,MER29,Travel & Hospitality,PPI Wallet UPI,"?8,516.36",Success,8/14/2026 17:06,?93.68
288,TXN2026100287,USR4005,MER27,Food & Dining,PPI Wallet UPI,"?6,054.53",Success,8/21/2026 9:32,?66.60
289,TXN2026100288,USR4857,MER48,Electronics & Gadgets,PPI Wallet UPI,"?9,630.03",Success,9/6/2026 19:11,?105.93
290,TXN2026100289,USR3562,MER23,Food & Dining,PPI Wallet UPI,"?1,485.61",Success,8/24/2026 12:25,?0.00
291,TXN2026100290,USR1194,MER23,Groceries & Supermarkets,Bank UPI (Direct),"?4,989.82",Success,8/12/2026 18:36,?0.00
292,TXN2026100291,USR2639,MER40,Electronics & Gadgets,PPI Wallet UPI,"?4,099.43",Success,8/19/2026 23:40,?45.09
293,TXN2026100292,USR1490,MER41,Electronics & Gadgets,PPI Wallet UPI,"?6,573.74",Failed,8/6/2026 2:08,?0.00
294,TXN2026100293,USR4142,MER10,Food & Dining,Bank UPI (Direct),"?8,073.07",Success,9/3/2026 6:58,?0.00
295,TXN2026100294,USR1493,MER39,Electronics & Gadgets,Credit Card on UPI,"?1,430.82",Failed,9/7/2026 19:00,?0.00
296,TXN2026100295,USR4260,MER28,Food & Dining,Credit Card on UPI,"?1,171.13",Success,8/31/2026 14:41,?0.00
297,TXN2026100296,USR1112,MER32,Food & Dining,Bank UPI (Direct),?948.76,Success,8/4/2026 12:51,?0.00
298,TXN2026100297,USR1981,MER29,Groceries & Supermarkets,Bank UPI (Direct),"?6,704.55",Success,8/19/2026 6:49,?0.00
299,TXN2026100298,USR2760,MER38,Groceries & Supermarkets,Bank UPI (Direct),"?11,024.79",Success,9/9/2026 18:12,?0.00
300,TXN2026100299,USR1204,MER23,Groceries & Supermarkets,Bank UPI (Direct),"?10,139.60",Success,8/11/2026 3:32,?0.00
301,TXN2026100300,USR2647,MER20,Electronics & Gadgets,Bank UPI (Direct),"?14,462.30",Success,8/1/2026 7:29,?0.00
302,TXN2026100301,USR2658,MER23,Travel & Hospitality,Bank UPI (Direct),"?1,050.65",Success,8/23/2026 1:07,?0.00
303,TXN2026100302,USR1866,MER19,Electronics & Gadgets,Bank UPI (Direct),"?6,614.36",Success,8/5/2026 2:40,?0.00
304,TXN2026100303,USR1125,MER13,Groceries & Supermarkets,PPI Wallet UPI,"?11,446.55",Success,8/22/2026 21:44,?125.91
305,TXN2026100304,USR4887,MER13,Electronics & Gadgets,Bank UPI (Direct),?350.05,Success,8/23/2026 14:47,?0.00
306,TXN2026100305,USR1514,MER36,Groceries & Supermarkets,Bank UPI (Direct),"?1,598.75",Success,8/10/2026 18:46,?0.00
307,TXN2026100306,USR1297,MER18,Food & Dining,Bank UPI (Direct),"?8,393.20",Success,8/29/2026 10:55,?0.00
308,TXN2026100307,USR2597,MER40,Groceries & Supermarkets,Bank UPI (Direct),"?12,661.57",Success,8/26/2026 19:48,?0.00
309,TXN2026100308,USR4899,MER44,Electronics & Gadgets,Bank UPI (Direct),?307.86,Success,8/23/2026 23:17,?0.00
310,TXN2026100309,USR1223,MER31,Travel & Hospitality,Credit Card on UPI,"?8,042.58",Success,9/14/2026 23:41,?0.00
311,TXN2026100310,USR1120,MER40,Groceries & Supermarkets,PPI Wallet UPI,"?9,436.98",Success,8/17/2026 15:29,?103.81
312,TXN2026100311,USR1568,MER18,Groceries & Supermarkets,Bank UPI (Direct),"?13,644.86",Success,8/11/2026 17:34,?0.00
313,TXN2026100312,USR4167,MER34,Groceries & Supermarkets,Credit Card on UPI,"?4,236.11",Success,8/5/2026 14:08,?0.00
314,TXN2026100313,USR1879,MER31,Food & Dining,Bank UPI (Direct),"?8,246.97",Failed,9/1/2026 20:27,?0.00
315,TXN2026100314,USR2767,MER16,Travel & Hospitality,Bank UPI (Direct),"?11,608.60",Success,8/5/2026 19:55,?0.00
316,TXN2026100315,USR4673,MER48,Electronics & Gadgets,PPI Wallet UPI,"?6,473.35",Success,9/1/2026 3:46,?71.21
317,TXN2026100316,USR4194,MER41,Groceries & Supermarkets,PPI Wallet UPI,"?3,943.17",Success,8/16/2026 4:27,?43.37
318,TXN2026100317,USR2377,MER16,Travel & Hospitality,PPI Wallet UPI,"?7,238.48",Success,9/3/2026 5:22,?79.62
319,TXN2026100318,USR4963,MER45,Electronics & Gadgets,PPI Wallet UPI,"?12,207.97",Success,8/7/2026 23:19,?134.29
320,TXN2026100319,USR2278,MER24,Food & Dining,Bank UPI (Direct),"?8,118.70",Success,8/31/2026 10:57,?0.00
321,TXN2026100320,USR4550,MER49,Food & Dining,Bank UPI (Direct),"?5,662.94",Success,8/22/2026 3:45,?0.00
322,TXN2026100321,USR3444,MER15,Groceries & Supermarkets,Bank UPI (Direct),"?11,137.05",Success,8/24/2026 0:04,?0.00
323,TXN2026100322,USR4262,MER44,Groceries & Supermarkets,Bank UPI (Direct),"?13,394.49",Success,9/8/2026 14:34,?0.00
324,TXN2026100323,USR2210,MER26,Groceries & Supermarkets,PPI Wallet UPI,"?6,518.54",Success,8/4/2026 11:09,?71.70
325,TXN2026100324,USR4948,MER22,Groceries & Supermarkets,Bank UPI (Direct),"?12,824.17",Success,8/19/2026 11:06,?0.00
326,TXN2026100325,USR2174,MER19,Food & Dining,Credit Card on UPI,"?10,545.28",Success,9/8/2026 21:59,?0.00
327,TXN2026100326,USR2794,MER48,Food & Dining,Credit Card on UPI,"?2,418.84",Success,8/24/2026 3:38,?0.00
328,TXN2026100327,USR3886,MER13,Groceries & Supermarkets,Bank UPI (Direct),"?12,065.33",Success,8/11/2026 18:31,?0.00
329,TXN2026100328,USR1467,MER16,Electronics & Gadgets,Bank UPI (Direct),"?8,271.28",Success,8/11/2026 5:54,?0.00
330,TXN2026100329,USR1612,MER15,Food & Dining,PPI Wallet UPI,"?4,155.87",Success,8/18/2026 6:16,?45.71
331,TXN2026100330,USR1599,MER22,Electronics & Gadgets,Bank UPI (Direct),"?11,928.28",Success,9/3/2026 5:19,?0.00
332,TXN2026100331,USR2657,MER43,Food & Dining,PPI Wallet UPI,"?2,944.41",Success,9/1/2026 17:24,?32.39
333,TXN2026100332,USR2741,MER23,Groceries & Supermarkets,Bank UPI (Direct),"?3,044.03",Success,8/19/2026 22:09,?0.00
334,TXN2026100333,USR3444,MER45,Travel & Hospitality,Bank UPI (Direct),"?4,427.07",Success,8/21/2026 4:50,?0.00
335,TXN2026100334,USR4871,MER40,Food & Dining,PPI Wallet UPI,"?14,442.68",Success,9/6/2026 13:01,?158.87
336,TXN2026100335,USR3302,MER44,Electronics & Gadgets,Credit Card on UPI,"?7,495.53",Success,8/29/2026 23:32,?0.00
337,TXN2026100336,USR3314,MER21,Groceries & Supermarkets,PPI Wallet UPI,"?1,480.08",Success,9/1/2026 12:33,?0.00
338,TXN2026100337,USR3274,MER17,Groceries & Supermarkets,Credit Card on UPI,"?12,636.01",Success,8/25/2026 6:36,?0.00
339,TXN2026100338,USR4520,MER48,Food & Dining,PPI Wallet UPI,"?5,416.34",Success,8/20/2026 21:17,?59.58
340,TXN2026100339,USR1615,MER31,Food & Dining,Bank UPI (Direct),"?3,773.56",Success,8/14/2026 3:03,?0.00
341,TXN2026100340,USR2877,MER27,Food & Dining,Bank UPI (Direct),"?1,739.71",Success,8/11/2026 10:28,?0.00
342,TXN2026100341,USR4087,MER19,Groceries & Supermarkets,Credit Card on UPI,"?4,143.72",Success,8/17/2026 9:20,?0.00
343,TXN2026100342,USR1280,MER14,Travel & Hospitality,Bank UPI (Direct),"?5,314.16",Success,9/4/2026 17:36,?0.00
344,TXN2026100343,USR4532,MER13,Food & Dining,PPI Wallet UPI,"?9,130.14",Success,9/12/2026 5:56,?100.43
345,TXN2026100344,USR4176,MER16,Groceries & Supermarkets,Bank UPI (Direct),"?3,325.10",Success,8/5/2026 17:01,?0.00
346,TXN2026100345,USR4224,MER20,Food & Dining,Bank UPI (Direct),"?11,058.13",Success,8/23/2026 13:49,?0.00
347,TXN2026100346,USR3189,MER20,Groceries & Supermarkets,PPI Wallet UPI,"?12,113.94",Success,9/14/2026 8:45,?133.25
348,TXN2026100347,USR2796,MER35,Travel & Hospitality,Bank UPI (Direct),"?13,699.25",Success,8/6/2026 13:23,?0.00
349,TXN2026100348,USR1176,MER50,Groceries & Supermarkets,Bank UPI (Direct),"?1,482.51",Success,9/2/2026 0:32,?0.00
350,TXN2026100349,USR2011,MER23,Groceries & Supermarkets,Bank UPI (Direct),"?6,154.62",Success,8/8/2026 4:15,?0.00
351,TXN2026100350,USR3498,MER29,Groceries & Supermarkets,Credit Card on UPI,"?6,228.66",Success,8/21/2026 7:30,?0.00
352,TXN2026100351,USR1820,MER41,Groceries & Supermarkets,Credit Card on UPI,"?5,216.20",Success,8/11/2026 12:07,?0.00
353,TXN2026100352,USR2483,MER49,Groceries & Supermarkets,PPI Wallet UPI,"?5,155.04",Success,8/6/2026 23:07,?56.71
354,TXN2026100353,USR4146,MER22,Groceries & Supermarkets,PPI Wallet UPI,"?8,057.04",Success,9/14/2026 3:32,?88.63
355,TXN2026100354,USR2591,MER16,Groceries & Supermarkets,PPI Wallet UPI,"?2,889.86",Success,8/21/2026 4:08,?31.79
356,TXN2026100355,USR4120,MER48,Travel & Hospitality,Bank UPI (Direct),"?11,965.56",Success,8/24/2026 8:53,?0.00
357,TXN2026100356,USR1975,MER13,Groceries & Supermarkets,PPI Wallet UPI,"?1,183.10",Pending,8/2/2026 3:50,?0.00
358,TXN2026100357,USR2422,MER19,Groceries & Supermarkets,PPI Wallet UPI,"?11,106.89",Success,8/12/2026 15:42,?122.18
359,TXN2026100358,USR4293,MER16,Travel & Hospitality,PPI Wallet UPI,"?8,734.26",Success,8/30/2026 19:29,?96.08
360,TXN2026100359,USR1080,MER22,Groceries & Supermarkets,Bank UPI (Direct),"?12,751.06",Success,8/30/2026 6:46,?0.00
361,TXN2026100360,USR1196,MER40,Food & Dining,PPI Wallet UPI,"?11,189.08",Success,8/5/2026 22:15,?123.08
362,TXN2026100361,USR3317,MER37,Electronics & Gadgets,PPI Wallet UPI,"?14,497.24",Success,9/3/2026 8:35,?159.47
363,TXN2026100362,USR1474,MER22,Food & Dining,PPI Wallet UPI,"?12,800.23",Success,8/26/2026 5:16,?140.80
364,TXN2026100363,USR3971,MER18,Groceries & Supermarkets,PPI Wallet UPI,"?6,802.84",Success,8/31/2026 9:08,?74.83
365,TXN2026100364,USR1039,MER48,Groceries & Supermarkets,Bank UPI (Direct),"?10,486.81",Success,9/9/2026 6:06,?0.00
366,TXN2026100365,USR1536,MER26,Food & Dining,PPI Wallet UPI,"?6,543.92",Success,8/19/2026 15:16,?71.98
367,TXN2026100366,USR3078,MER38,Groceries & Supermarkets,PPI Wallet UPI,"?7,821.14",Success,8/1/2026 5:52,?86.03
368,TXN2026100367,USR1214,MER27,Groceries & Supermarkets,Bank UPI (Direct),"?10,719.99",Success,9/12/2026 23:45,?0.00
369,TXN2026100368,USR3270,MER39,Groceries & Supermarkets,Bank UPI (Direct),"?13,886.14",Success,8/16/2026 6:12,?0.00
370,TXN2026100369,USR2982,MER32,Travel & Hospitality,Bank UPI (Direct),"?12,169.78",Success,8/15/2026 12:40,?0.00
371,TXN2026100370,USR3869,MER18,Electronics & Gadgets,Credit Card on UPI,"?6,940.58",Success,8/18/2026 21:13,?0.00
372,TXN2026100371,USR1531,MER38,Electronics & Gadgets,Bank UPI (Direct),"?8,326.44",Success,8/10/2026 20:53,?0.00
373,TXN2026100372,USR3049,MER21,Groceries & Supermarkets,Bank UPI (Direct),"?8,156.86",Success,8/23/2026 12:44,?0.00
374,TXN2026100373,USR3269,MER29,Groceries & Supermarkets,PPI Wallet UPI,"?9,900.66",Success,8/5/2026 18:36,?108.91
375,TXN2026100374,USR1397,MER30,Groceries & Supermarkets,Credit Card on UPI,"?5,749.19",Success,8/16/2026 5:43,?0.00
376,TXN2026100375,USR3674,MER14,Electronics & Gadgets,Bank UPI (Direct),"?13,968.19",Success,8/8/2026 8:30,?0.00
377,TXN2026100376,USR2207,MER29,Food & Dining,PPI Wallet UPI,"?3,202.50",Success,8/21/2026 0:25,?35.23
378,TXN2026100377,USR2487,MER35,Groceries & Supermarkets,PPI Wallet UPI,"?3,457.95",Success,8/19/2026 16:42,?38.04
379,TXN2026100378,USR2858,MER29,Groceries & Supermarkets,Bank UPI (Direct),"?3,789.19",Success,9/14/2026 0:30,?0.00
380,TXN2026100379,USR4355,MER43,Food & Dining,Bank UPI (Direct),"?6,036.70",Failed,8/14/2026 2:23,?0.00
381,TXN2026100380,USR1009,MER30,Groceries & Supermarkets,PPI Wallet UPI,"?2,027.70",Success,8/18/2026 22:59,?22.30
382,TXN2026100381,USR3243,MER29,Groceries & Supermarkets,PPI Wallet UPI,"?5,726.22",Success,9/9/2026 8:12,?62.99
383,TXN2026100382,USR2906,MER41,Groceries & Supermarkets,Bank UPI (Direct),"?5,497.46",Success,9/5/2026 21:59,?0.00
384,TXN2026100383,USR3242,MER23,Groceries & Supermarkets,Credit Card on UPI,"?3,301.58",Success,8/31/2026 1:58,?0.00
385,TXN2026100384,USR2020,MER20,Travel & Hospitality,Bank UPI (Direct),"?14,754.43",Success,8/7/2026 4:50,?0.00
386,TXN2026100385,USR2414,MER38,Groceries & Supermarkets,Bank UPI (Direct),"?10,910.41",Success,8/8/2026 6:13,?0.00
387,TXN2026100386,USR4286,MER10,Groceries & Supermarkets,Bank UPI (Direct),"?10,103.75",Success,8/30/2026 6:22,?0.00
388,TXN2026100387,USR2838,MER46,Electronics & Gadgets,Bank UPI (Direct),"?10,820.50",Success,9/15/2026 4:16,?0.00
389,TXN2026100388,USR3622,MER50,Electronics & Gadgets,Bank UPI (Direct),"?4,220.19",Success,8/17/2026 19:24,?0.00
390,TXN2026100389,USR4742,MER42,Groceries & Supermarkets,PPI Wallet UPI,"?4,667.52",Failed,9/6/2026 21:08,?0.00
391,TXN2026100390,USR2986,MER45,Travel & Hospitality,Bank UPI (Direct),"?7,044.57",Success,8/22/2026 1:10,?0.00
392,TXN2026100391,USR2095,MER16,Food & Dining,Bank UPI (Direct),"?13,033.85",Success,9/6/2026 6:53,?0.00
393,TXN2026100392,USR4645,MER34,Travel & Hospitality,Credit Card on UPI,"?10,435.34",Success,9/2/2026 10:36,?0.00
394,TXN2026100393,USR4075,MER25,Electronics & Gadgets,PPI Wallet UPI,"?12,512.36",Success,8/15/2026 8:55,?137.64
395,TXN2026100394,USR4484,MER35,Electronics & Gadgets,PPI Wallet UPI,"?2,325.06",Success,8/25/2026 1:21,?25.58
396,TXN2026100395,USR2234,MER38,Food & Dining,PPI Wallet UPI,?512.04,Success,8/21/2026 9:07,?0.00
397,TXN2026100396,USR4205,MER49,Food & Dining,Credit Card on UPI,"?14,259.26",Success,8/11/2026 16:18,?0.00
398,TXN2026100397,USR3283,MER16,Groceries & Supermarkets,PPI Wallet UPI,"?1,973.58",Success,8/13/2026 12:51,?0.00
399,TXN2026100398,USR3005,MER24,Groceries & Supermarkets,Bank UPI (Direct),"?3,852.95",Success,9/8/2026 14:22,?0.00
400,TXN2026100399,USR2240,MER50,Electronics & Gadgets,PPI Wallet UPI,"?8,967.01",Failed,8/14/2026 17:51,?0.00
401,TXN2026100400,USR4765,MER17,Electronics & Gadgets,Bank UPI (Direct),"?11,031.94",Success,9/4/2026 12:38,?0.00
402,TXN2026100401,USR2022,MER13,Groceries & Supermarkets,Credit Card on UPI,"?13,201.24",Success,9/12/2026 18:19,?0.00
403,TXN2026100402,USR4472,MER48,Travel & Hospitality,Bank UPI (Direct),"?5,787.69",Success,8/12/2026 0:50,?0.00
404,TXN2026100403,USR4976,MER27,Electronics & Gadgets,Bank UPI (Direct),?781.14,Success,9/2/2026 0:09,?0.00
405,TXN2026100404,USR1264,MER44,Food & Dining,Bank UPI (Direct),"?12,581.61",Success,8/19/2026 13:48,?0.00
406,TXN2026100405,USR3985,MER38,Groceries & Supermarkets,Bank UPI (Direct),"?5,866.99",Success,8/22/2026 3:39,?0.00
407,TXN2026100406,USR4165,MER17,Travel & Hospitality,PPI Wallet UPI,"?14,585.12",Success,9/5/2026 14:40,?160.44
408,TXN2026100407,USR4924,MER11,Food & Dining,PPI Wallet UPI,"?11,994.92",Success,8/28/2026 13:11,?131.94
409,TXN2026100408,USR4885,MER10,Food & Dining,Bank UPI (Direct),"?8,289.85",Success,8/10/2026 11:59,?0.00
410,TXN2026100409,USR1763,MER34,Groceries & Supermarkets,Bank UPI (Direct),?562.06,Success,9/11/2026 22:35,?0.00
411,TXN2026100410,USR4629,MER37,Groceries & Supermarkets,Bank UPI (Direct),"?5,429.69",Success,8/21/2026 3:16,?0.00
412,TXN2026100411,USR4279,MER14,Groceries & Supermarkets,PPI Wallet UPI,"?8,580.89",Success,8/16/2026 21:53,?94.39
413,TXN2026100412,USR4576,MER43,Food & Dining,Bank UPI (Direct),"?4,128.10",Success,9/13/2026 17:18,?0.00
414,TXN2026100413,USR1443,MER39,Food & Dining,Bank UPI (Direct),"?10,913.51",Success,9/5/2026 21:49,?0.00
415,TXN2026100414,USR1400,MER29,Groceries & Supermarkets,Bank UPI (Direct),"?13,821.84",Success,8/30/2026 20:01,?0.00
416,TXN2026100415,USR2741,MER25,Travel & Hospitality,PPI Wallet UPI,"?11,892.03",Success,8/2/2026 5:37,?130.81
417,TXN2026100416,USR3053,MER29,Groceries & Supermarkets,PPI Wallet UPI,"?2,670.15",Success,8/15/2026 5:47,?29.37
418,TXN2026100417,USR4159,MER25,Electronics & Gadgets,PPI Wallet UPI,"?6,095.24",Success,8/8/2026 18:11,?67.05
419,TXN2026100418,USR2811,MER21,Travel & Hospitality,Bank UPI (Direct),"?13,053.52",Success,9/11/2026 4:03,?0.00
420,TXN2026100419,USR3392,MER14,Electronics & Gadgets,Bank UPI (Direct),"?10,227.89",Success,8/24/2026 18:43,?0.00
421,TXN2026100420,USR3065,MER15,Travel & Hospitality,Bank UPI (Direct),"?8,488.23",Success,8/26/2026 6:03,?0.00
422,TXN2026100421,USR4411,MER35,Groceries & Supermarkets,Bank UPI (Direct),"?8,014.59",Success,8/3/2026 11:55,?0.00
423,TXN2026100422,USR4190,MER22,Groceries & Supermarkets,PPI Wallet UPI,"?14,182.17",Success,8/30/2026 1:55,?156.00
424,TXN2026100423,USR3249,MER34,Groceries & Supermarkets,Bank UPI (Direct),"?6,606.10",Success,8/28/2026 0:12,?0.00
425,TXN2026100424,USR4705,MER43,Electronics & Gadgets,Credit Card on UPI,?231.67,Success,8/22/2026 9:54,?0.00
426,TXN2026100425,USR4476,MER10,Travel & Hospitality,Bank UPI (Direct),"?13,397.54",Success,8/16/2026 18:53,?0.00
427,TXN2026100426,USR3736,MER13,Food & Dining,PPI Wallet UPI,?535.56,Success,8/1/2026 11:55,?0.00
428,TXN2026100427,USR3496,MER44,Groceries & Supermarkets,Bank UPI (Direct),"?4,779.03",Success,8/21/2026 18:47,?0.00
429,TXN2026100428,USR3611,MER34,Groceries & Supermarkets,Bank UPI (Direct),"?1,327.08",Success,8/13/2026 19:11,?0.00
430,TXN2026100429,USR1814,MER36,Food & Dining,PPI Wallet UPI,"?11,207.52",Success,8/5/2026 12:21,?123.28
431,TXN2026100430,USR1828,MER18,Groceries & Supermarkets,Bank UPI (Direct),"?7,880.79",Success,9/4/2026 22:53,?0.00
432,TXN2026100431,USR2922,MER11,Food & Dining,PPI Wallet UPI,"?2,906.48",Success,8/30/2026 8:30,?31.97
433,TXN2026100432,USR2302,MER48,Food & Dining,Bank UPI (Direct),"?9,172.03",Success,8/6/2026 13:32,?0.00
434,TXN2026100433,USR3712,MER20,Travel & Hospitality,Bank UPI (Direct),"?1,793.13",Success,8/26/2026 8:45,?0.00
435,TXN2026100434,USR4245,MER44,Groceries & Supermarkets,Bank UPI (Direct),"?3,227.86",Success,9/7/2026 20:10,?0.00
436,TXN2026100435,USR1867,MER43,Groceries & Supermarkets,Bank UPI (Direct),"?12,599.92",Success,8/13/2026 5:29,?0.00
437,TXN2026100436,USR4385,MER34,Groceries & Supermarkets,Bank UPI (Direct),"?7,186.58",Success,8/10/2026 5:39,?0.00
438,TXN2026100437,USR2723,MER25,Groceries & Supermarkets,Bank UPI (Direct),"?10,768.95",Success,8/11/2026 22:10,?0.00
439,TXN2026100438,USR1826,MER24,Food & Dining,Credit Card on UPI,"?5,870.09",Success,9/8/2026 20:35,?0.00
440,TXN2026100439,USR3374,MER19,Electronics & Gadgets,Bank UPI (Direct),"?9,505.66",Success,9/9/2026 10:53,?0.00
441,TXN2026100440,USR4425,MER50,Groceries & Supermarkets,PPI Wallet UPI,"?12,658.24",Success,8/14/2026 8:01,?139.24
442,TXN2026100441,USR1942,MER17,Travel & Hospitality,PPI Wallet UPI,"?1,781.27",Success,8/2/2026 13:30,?0.00
443,TXN2026100442,USR4730,MER40,Groceries & Supermarkets,PPI Wallet UPI,"?10,670.73",Success,9/7/2026 3:01,?117.38
444,TXN2026100443,USR1852,MER32,Electronics & Gadgets,Bank UPI (Direct),"?10,563.19",Success,8/25/2026 17:54,?0.00
445,TXN2026100444,USR3880,MER28,Groceries & Supermarkets,PPI Wallet UPI,"?10,752.46",Success,9/11/2026 16:11,?118.28
446,TXN2026100445,USR4809,MER12,Groceries & Supermarkets,Bank UPI (Direct),"?3,465.52",Success,8/25/2026 1:11,?0.00
447,TXN2026100446,USR2621,MER39,Travel & Hospitality,PPI Wallet UPI,"?9,877.56",Failed,8/7/2026 3:44,?0.00
448,TXN2026100447,USR4958,MER26,Electronics & Gadgets,Bank UPI (Direct),"?11,259.16",Success,9/10/2026 0:18,?0.00
449,TXN2026100448,USR4705,MER12,Groceries & Supermarkets,Bank UPI (Direct),"?6,290.41",Success,9/6/2026 22:56,?0.00
450,TXN2026100449,USR4459,MER45,Travel & Hospitality,Bank UPI (Direct),?930.84,Success,8/29/2026 4:45,?0.00
451,TXN2026100450,USR1457,MER27,Electronics & Gadgets,Bank UPI (Direct),"?3,273.54",Success,8/28/2026 15:31,?0.00
452,TXN2026100451,USR2417,MER38,Electronics & Gadgets,Bank UPI (Direct),"?4,113.38",Success,8/22/2026 7:15,?0.00
453,TXN2026100452,USR2889,MER16,Groceries & Supermarkets,Bank UPI (Direct),"?3,523.79",Pending,8/2/2026 12:41,?0.00
454,TXN2026100453,USR4891,MER44,Electronics & Gadgets,PPI Wallet UPI,"?10,396.21",Success,8/10/2026 3:34,?114.36
455,TXN2026100454,USR4638,MER19,Electronics & Gadgets,PPI Wallet UPI,"?13,219.93",Success,8/6/2026 20:26,?145.42
456,TXN2026100455,USR1130,MER36,Groceries & Supermarkets,Bank UPI (Direct),"?12,832.20",Success,9/3/2026 3:26,?0.00
457,TXN2026100456,USR3172,MER50,Groceries & Supermarkets,PPI Wallet UPI,"?11,213.36",Success,8/30/2026 17:38,?123.35
458,TXN2026100457,USR3374,MER27,Food & Dining,Bank UPI (Direct),"?5,384.52",Success,8/30/2026 3:20,?0.00
459,TXN2026100458,USR2039,MER44,Travel & Hospitality,PPI Wallet UPI,"?14,931.51",Failed,8/21/2026 21:51,?0.00
460,TXN2026100459,USR4179,MER24,Travel & Hospitality,PPI Wallet UPI,"?6,239.29",Success,8/22/2026 2:31,?68.63
461,TXN2026100460,USR1070,MER44,Groceries & Supermarkets,Credit Card on UPI,"?1,251.77",Success,8/27/2026 21:47,?0.00
462,TXN2026100461,USR3589,MER32,Electronics & Gadgets,PPI Wallet UPI,"?4,850.78",Success,8/4/2026 3:29,?53.36
463,TXN2026100462,USR4641,MER25,Electronics & Gadgets,Bank UPI (Direct),"?3,460.01",Success,9/12/2026 4:56,?0.00
464,TXN2026100463,USR3704,MER15,Groceries & Supermarkets,Bank UPI (Direct),"?8,995.18",Success,9/9/2026 22:07,?0.00
465,TXN2026100464,USR4282,MER11,Travel & Hospitality,PPI Wallet UPI,"?4,803.96",Success,8/26/2026 20:18,?52.84
466,TXN2026100465,USR2111,MER50,Food & Dining,Bank UPI (Direct),"?7,023.44",Success,8/10/2026 16:06,?0.00
467,TXN2026100466,USR1423,MER45,Groceries & Supermarkets,PPI Wallet UPI,"?14,362.57",Success,8/18/2026 3:41,?157.99
468,TXN2026100467,USR1798,MER36,Groceries & Supermarkets,PPI Wallet UPI,"?14,340.13",Success,8/7/2026 15:14,?157.74
469,TXN2026100468,USR2653,MER41,Groceries & Supermarkets,PPI Wallet UPI,"?1,186.46",Failed,9/12/2026 16:30,?0.00
470,TXN2026100469,USR4759,MER44,Groceries & Supermarkets,Bank UPI (Direct),"?4,026.40",Pending,8/26/2026 16:58,?0.00
471,TXN2026100470,USR1942,MER47,Groceries & Supermarkets,Bank UPI (Direct),"?6,732.07",Success,9/11/2026 18:40,?0.00
472,TXN2026100471,USR3989,MER30,Electronics & Gadgets,Bank UPI (Direct),"?8,122.31",Success,8/8/2026 0:18,?0.00
473,TXN2026100472,USR3099,MER50,Groceries & Supermarkets,Bank UPI (Direct),"?2,738.88",Success,9/12/2026 16:43,?0.00
474,TXN2026100473,USR2505,MER29,Electronics & Gadgets,Credit Card on UPI,"?5,795.23",Success,9/5/2026 18:27,?0.00
475,TXN2026100474,USR2290,MER29,Electronics & Gadgets,PPI Wallet UPI,"?12,178.48",Success,8/10/2026 6:47,?133.96
476,TXN2026100475,USR1665,MER17,Food & Dining,Bank UPI (Direct),"?1,780.05",Success,9/7/2026 16:00,?0.00
477,TXN2026100476,USR2839,MER31,Travel & Hospitality,Bank UPI (Direct),"?13,497.33",Success,9/15/2026 16:59,?0.00
478,TXN2026100477,USR4648,MER25,Groceries & Supermarkets,PPI Wallet UPI,"?2,896.11",Success,9/1/2026 5:05,?31.86
479,TXN2026100478,USR1753,MER19,Travel & Hospitality,Bank UPI (Direct),"?1,758.81",Pending,9/12/2026 19:05,?0.00
480,TXN2026100479,USR1728,MER25,Groceries & Supermarkets,Bank UPI (Direct),"?8,471.61",Success,8/1/2026 19:39,?0.00
481,TXN2026100480,USR2880,MER49,Electronics & Gadgets,Bank UPI (Direct),"?6,602.12",Success,8/25/2026 5:01,?0.00
482,TXN2026100481,USR1714,MER29,Groceries & Supermarkets,Bank UPI (Direct),"?14,885.01",Success,9/1/2026 14:40,?0.00
483,TXN2026100482,USR3026,MER16,Electronics & Gadgets,Bank UPI (Direct),"?2,932.40",Success,8/29/2026 22:35,?0.00
484,TXN2026100483,USR4706,MER34,Electronics & Gadgets,Bank UPI (Direct),?432.77,Failed,9/13/2026 8:25,?0.00
485,TXN2026100484,USR3383,MER22,Groceries & Supermarkets,Bank UPI (Direct),"?5,144.04",Pending,8/11/2026 17:50,?0.00
486,TXN2026100485,USR3078,MER42,Food & Dining,Bank UPI (Direct),"?13,115.87",Success,9/4/2026 6:59,?0.00
487,TXN2026100486,USR3363,MER11,Groceries & Supermarkets,PPI Wallet UPI,"?2,640.22",Success,8/27/2026 13:47,?29.04
488,TXN2026100487,USR4079,MER24,Electronics & Gadgets,PPI Wallet UPI,"?3,235.55",Success,8/2/2026 1:00,?35.59
489,TXN2026100488,USR1281,MER15,Groceries & Supermarkets,PPI Wallet UPI,"?8,851.64",Success,8/20/2026 1:13,?97.37
490,TXN2026100489,USR1943,MER17,Groceries & Supermarkets,PPI Wallet UPI,"?13,867.23",Success,8/10/2026 4:51,?152.54
491,TXN2026100490,USR1409,MER10,Travel & Hospitality,Bank UPI (Direct),"?9,548.72",Success,9/7/2026 0:06,?0.00
492,TXN2026100491,USR2724,MER37,Food & Dining,Bank UPI (Direct),"?7,240.65",Success,8/8/2026 16:23,?0.00
493,TXN2026100492,USR1699,MER25,Food & Dining,PPI Wallet UPI,"?1,354.64",Success,9/13/2026 2:18,?0.00
494,TXN2026100493,USR4085,MER17,Electronics & Gadgets,Bank UPI (Direct),"?11,576.23",Success,8/31/2026 14:54,?0.00
495,TXN2026100494,USR2172,MER45,Food & Dining,Bank UPI (Direct),"?7,551.60",Success,8/8/2026 2:27,?0.00
496,TXN2026100495,USR3879,MER42,Groceries & Supermarkets,PPI Wallet UPI,"?9,994.92",Success,8/5/2026 22:39,?109.94
497,TXN2026100496,USR3440,MER37,Food & Dining,Bank UPI (Direct),?817.84,Success,8/15/2026 13:29,?0.00
498,TXN2026100497,USR2611,MER43,Food & Dining,PPI Wallet UPI,"?4,279.48",Success,8/29/2026 5:40,?47.07
499,TXN2026100498,USR1402,MER20,Groceries & Supermarkets,Bank UPI (Direct),"?10,213.11",Success,9/8/2026 2:15,?0.00
500,TXN2026100499,USR1301,MER47,Groceries & Supermarkets,Bank UPI (Direct),"?13,579.02",Success,8/22/2026 18:45,?0.00
501,TXN2026100500,USR2079,MER50,Groceries & Supermarkets,Bank UPI (Direct),"?11,326.93",Success,8/30/2026 19:34,?0.00
502,TXN2026100501,USR2898,MER12,Electronics & Gadgets,PPI Wallet UPI,"?11,400.61",Success,9/8/2026 8:45,?125.41
503,TXN2026100502,USR2190,MER33,Electronics & Gadgets,Bank UPI (Direct),"?10,252.25",Failed,8/8/2026 3:37,?0.00
504,TXN2026100503,USR2673,MER13,Groceries & Supermarkets,PPI Wallet UPI,"?11,693.71",Success,8/27/2026 2:55,?128.63
505,TXN2026100504,USR3430,MER17,Groceries & Supermarkets,PPI Wallet UPI,"?12,816.57",Success,8/14/2026 7:14,?140.98
506,TXN2026100505,USR1421,MER20,Groceries & Supermarkets,Bank UPI (Direct),"?2,466.40",Success,8/18/2026 16:38,?0.00
507,TXN2026100506,USR4263,MER24,Groceries & Supermarkets,Credit Card on UPI,"?11,308.51",Success,8/27/2026 10:26,?0.00
508,TXN2026100507,USR4613,MER27,Food & Dining,Credit Card on UPI,"?5,192.84",Success,8/13/2026 6:05,?0.00
509,TXN2026100508,USR4653,MER38,Electronics & Gadgets,Credit Card on UPI,"?12,749.42",Success,8/15/2026 2:54,?0.00
510,TXN2026100509,USR1882,MER14,Groceries & Supermarkets,Bank UPI (Direct),"?9,461.59",Success,8/6/2026 1:12,?0.00
511,TXN2026100510,USR2185,MER45,Groceries & Supermarkets,PPI Wallet UPI,"?7,736.11",Success,8/8/2026 9:49,?85.10
512,TXN2026100511,USR1571,MER10,Groceries & Supermarkets,Bank UPI (Direct),"?14,072.71",Success,9/8/2026 9:27,?0.00
513,TXN2026100512,USR2697,MER29,Groceries & Supermarkets,Bank UPI (Direct),"?12,761.97",Pending,9/11/2026 17:48,?0.00
514,TXN2026100513,USR1202,MER25,Electronics & Gadgets,Bank UPI (Direct),"?11,637.49",Success,8/15/2026 20:15,?0.00
515,TXN2026100514,USR2489,MER17,Electronics & Gadgets,Bank UPI (Direct),"?5,980.55",Success,9/2/2026 6:33,?0.00
516,TXN2026100515,USR1957,MER22,Electronics & Gadgets,Bank UPI (Direct),"?5,248.42",Success,9/14/2026 14:27,?0.00
517,TXN2026100516,USR4478,MER41,Food & Dining,Bank UPI (Direct),"?1,952.75",Success,9/5/2026 3:25,?0.00
518,TXN2026100517,USR4478,MER14,Food & Dining,PPI Wallet UPI,"?5,038.67",Success,8/9/2026 5:56,?55.43
519,TXN2026100518,USR1597,MER44,Groceries & Supermarkets,Bank UPI (Direct),"?7,537.04",Success,9/14/2026 18:57,?0.00
520,TXN2026100519,USR4108,MER43,Groceries & Supermarkets,Bank UPI (Direct),"?7,178.05",Success,8/14/2026 17:49,?0.00
521,TXN2026100520,USR4879,MER39,Food & Dining,Bank UPI (Direct),"?6,604.01",Success,9/14/2026 14:51,?0.00
522,TXN2026100521,USR4001,MER19,Electronics & Gadgets,Bank UPI (Direct),"?6,095.36",Success,9/5/2026 15:52,?0.00
523,TXN2026100522,USR2303,MER33,Electronics & Gadgets,Bank UPI (Direct),"?11,481.15",Success,8/18/2026 5:20,?0.00
524,TXN2026100523,USR1579,MER24,Electronics & Gadgets,PPI Wallet UPI,"?7,791.09",Success,8/12/2026 4:28,?85.70
525,TXN2026100524,USR3679,MER48,Electronics & Gadgets,Bank UPI (Direct),"?5,221.34",Success,9/12/2026 2:32,?0.00
526,TXN2026100525,USR2773,MER25,Groceries & Supermarkets,PPI Wallet UPI,"?1,399.26",Success,9/9/2026 14:37,?0.00
527,TXN2026100526,USR1174,MER15,Groceries & Supermarkets,Bank UPI (Direct),"?10,950.96",Success,8/6/2026 11:33,?0.00
528,TXN2026100527,USR3992,MER49,Electronics & Gadgets,PPI Wallet UPI,"?14,332.53",Success,8/20/2026 1:25,?157.66
529,TXN2026100528,USR1496,MER29,Electronics & Gadgets,Credit Card on UPI,"?8,726.07",Failed,8/26/2026 6:06,?0.00
530,TXN2026100529,USR3256,MER35,Electronics & Gadgets,PPI Wallet UPI,"?8,701.33",Success,8/9/2026 22:06,?95.71
531,TXN2026100530,USR1275,MER46,Travel & Hospitality,Credit Card on UPI,"?5,915.67",Success,9/4/2026 17:38,?0.00
532,TXN2026100531,USR3067,MER26,Groceries & Supermarkets,Credit Card on UPI,?417.45,Success,8/13/2026 1:27,?0.00
533,TXN2026100532,USR4361,MER26,Electronics & Gadgets,Bank UPI (Direct),"?8,831.04",Success,8/19/2026 16:04,?0.00
534,TXN2026100533,USR4457,MER31,Groceries & Supermarkets,Bank UPI (Direct),?107.13,Success,8/10/2026 2:49,?0.00
535,TXN2026100534,USR3628,MER40,Electronics & Gadgets,PPI Wallet UPI,"?9,958.48",Success,8/26/2026 8:57,?109.54
536,TXN2026100535,USR2605,MER48,Groceries & Supermarkets,Bank UPI (Direct),"?1,004.28",Success,8/20/2026 3:15,?0.00
537,TXN2026100536,USR4549,MER49,Food & Dining,Bank UPI (Direct),"?13,642.89",Success,8/14/2026 16:37,?0.00
538,TXN2026100537,USR3690,MER14,Groceries & Supermarkets,PPI Wallet UPI,"?6,923.00",Success,8/8/2026 8:42,?76.15
539,TXN2026100538,USR3423,MER44,Travel & Hospitality,Bank UPI (Direct),"?11,958.58",Success,8/14/2026 14:04,?0.00
540,TXN2026100539,USR4242,MER46,Travel & Hospitality,Bank UPI (Direct),"?10,391.41",Success,8/14/2026 14:53,?0.00
541,TXN2026100540,USR2325,MER42,Electronics & Gadgets,PPI Wallet UPI,"?7,659.06",Success,8/20/2026 1:30,?84.25
542,TXN2026100541,USR4552,MER15,Food & Dining,Bank UPI (Direct),"?1,578.59",Success,9/12/2026 15:43,?0.00
543,TXN2026100542,USR2113,MER39,Travel & Hospitality,Credit Card on UPI,"?8,641.30",Success,8/29/2026 8:27,?0.00
544,TXN2026100543,USR1494,MER12,Groceries & Supermarkets,PPI Wallet UPI,"?2,835.72",Success,8/25/2026 20:05,?31.19
545,TXN2026100544,USR2430,MER34,Groceries & Supermarkets,PPI Wallet UPI,"?3,842.16",Success,9/2/2026 0:26,?42.26
546,TXN2026100545,USR2824,MER26,Food & Dining,PPI Wallet UPI,?706.02,Success,9/1/2026 10:50,?0.00
547,TXN2026100546,USR3205,MER17,Travel & Hospitality,Bank UPI (Direct),"?11,815.70",Success,9/3/2026 11:21,?0.00
548,TXN2026100547,USR2229,MER18,Electronics & Gadgets,Bank UPI (Direct),"?13,709.86",Success,8/7/2026 13:51,?0.00
549,TXN2026100548,USR4487,MER17,Groceries & Supermarkets,PPI Wallet UPI,?988.65,Success,9/8/2026 3:11,?0.00
550,TXN2026100549,USR3889,MER10,Food & Dining,Bank UPI (Direct),"?8,303.45",Success,8/29/2026 6:18,?0.00
551,TXN2026100550,USR1396,MER31,Electronics & Gadgets,PPI Wallet UPI,"?6,550.32",Success,8/1/2026 7:44,?72.05
552,TXN2026100551,USR3081,MER22,Groceries & Supermarkets,PPI Wallet UPI,"?14,651.25",Success,8/5/2026 14:31,?161.16
553,TXN2026100552,USR4975,MER19,Groceries & Supermarkets,Bank UPI (Direct),"?11,051.26",Success,8/7/2026 19:24,?0.00
554,TXN2026100553,USR2153,MER14,Groceries & Supermarkets,Credit Card on UPI,"?12,907.40",Success,8/31/2026 16:04,?0.00
555,TXN2026100554,USR1702,MER42,Electronics & Gadgets,Bank UPI (Direct),"?11,465.68",Success,9/6/2026 11:08,?0.00
556,TXN2026100555,USR1714,MER26,Groceries & Supermarkets,Bank UPI (Direct),"?7,284.06",Success,9/4/2026 17:25,?0.00
557,TXN2026100556,USR3960,MER14,Travel & Hospitality,Bank UPI (Direct),"?2,592.40",Failed,9/10/2026 15:58,?0.00
558,TXN2026100557,USR4706,MER28,Groceries & Supermarkets,Bank UPI (Direct),"?3,209.61",Success,8/13/2026 11:17,?0.00
559,TXN2026100558,USR3277,MER49,Groceries & Supermarkets,PPI Wallet UPI,"?11,677.39",Pending,8/1/2026 19:47,?0.00
560,TXN2026100559,USR4665,MER44,Food & Dining,PPI Wallet UPI,"?3,807.34",Success,8/30/2026 4:38,?41.88
561,TXN2026100560,USR1533,MER40,Electronics & Gadgets,Bank UPI (Direct),"?12,792.59",Success,8/12/2026 3:38,?0.00
562,TXN2026100561,USR3050,MER30,Food & Dining,Bank UPI (Direct),"?9,753.29",Success,9/6/2026 16:48,?0.00
563,TXN2026100562,USR3894,MER28,Groceries & Supermarkets,Bank UPI (Direct),"?6,615.13",Success,8/17/2026 0:24,?0.00
564,TXN2026100563,USR1160,MER50,Groceries & Supermarkets,Bank UPI (Direct),"?2,122.17",Success,9/4/2026 13:33,?0.00
565,TXN2026100564,USR4516,MER12,Travel & Hospitality,Credit Card on UPI,"?3,427.33",Success,8/28/2026 18:47,?0.00
566,TXN2026100565,USR1000,MER18,Electronics & Gadgets,Bank UPI (Direct),"?14,233.47",Success,8/20/2026 5:05,?0.00
567,TXN2026100566,USR1599,MER23,Groceries & Supermarkets,Credit Card on UPI,"?2,088.26",Success,8/21/2026 13:54,?0.00
568,TXN2026100567,USR4234,MER35,Food & Dining,Credit Card on UPI,"?6,983.70",Success,9/2/2026 2:20,?0.00
569,TXN2026100568,USR4404,MER30,Groceries & Supermarkets,Credit Card on UPI,"?8,001.84",Failed,8/25/2026 3:26,?0.00
570,TXN2026100569,USR2902,MER37,Electronics & Gadgets,Credit Card on UPI,"?1,238.80",Success,9/4/2026 10:48,?0.00
571,TXN2026100570,USR2474,MER40,Groceries & Supermarkets,PPI Wallet UPI,"?8,215.13",Success,8/7/2026 17:11,?90.37
572,TXN2026100571,USR1207,MER49,Groceries & Supermarkets,Credit Card on UPI,"?8,213.21",Success,8/12/2026 23:12,?0.00
573,TXN2026100572,USR3649,MER39,Food & Dining,Bank UPI (Direct),"?5,009.39",Success,8/7/2026 5:14,?0.00
574,TXN2026100573,USR2712,MER33,Food & Dining,Credit Card on UPI,"?1,729.49",Success,9/12/2026 8:36,?0.00
575,TXN2026100574,USR4748,MER13,Groceries & Supermarkets,PPI Wallet UPI,"?11,754.18",Success,9/4/2026 18:32,?129.30
576,TXN2026100575,USR3398,MER50,Food & Dining,PPI Wallet UPI,"?11,657.94",Success,8/18/2026 2:35,?128.24
577,TXN2026100576,USR3120,MER13,Electronics & Gadgets,Credit Card on UPI,"?1,222.80",Failed,8/22/2026 15:02,?0.00
578,TXN2026100577,USR3629,MER49,Groceries & Supermarkets,Credit Card on UPI,"?10,359.56",Success,8/1/2026 4:12,?0.00
579,TXN2026100578,USR2273,MER13,Electronics & Gadgets,PPI Wallet UPI,?153.27,Success,9/14/2026 11:56,?0.00
580,TXN2026100579,USR1252,MER12,Food & Dining,Credit Card on UPI,"?2,010.06",Success,9/6/2026 22:25,?0.00
581,TXN2026100580,USR2172,MER39,Electronics & Gadgets,PPI Wallet UPI,"?11,519.04",Success,8/12/2026 1:14,?126.71
582,TXN2026100581,USR4247,MER31,Food & Dining,PPI Wallet UPI,"?9,706.67",Success,8/26/2026 7:08,?106.77
583,TXN2026100582,USR1743,MER50,Food & Dining,PPI Wallet UPI,"?8,335.88",Success,8/20/2026 1:46,?91.69
584,TXN2026100583,USR2555,MER26,Groceries & Supermarkets,PPI Wallet UPI,?806.09,Success,8/24/2026 15:45,?0.00
585,TXN2026100584,USR4652,MER46,Travel & Hospitality,Bank UPI (Direct),"?11,311.27",Success,8/23/2026 17:22,?0.00
586,TXN2026100585,USR3525,MER34,Food & Dining,Credit Card on UPI,"?12,898.43",Success,9/14/2026 16:50,?0.00
587,TXN2026100586,USR1094,MER39,Food & Dining,Bank UPI (Direct),"?8,679.97",Success,9/4/2026 9:10,?0.00
588,TXN2026100587,USR4258,MER33,Groceries & Supermarkets,Credit Card on UPI,"?1,227.23",Success,8/18/2026 23:19,?0.00
589,TXN2026100588,USR1674,MER44,Groceries & Supermarkets,Bank UPI (Direct),"?5,308.05",Success,8/27/2026 22:25,?0.00
590,TXN2026100589,USR4008,MER22,Groceries & Supermarkets,Credit Card on UPI,"?11,776.46",Success,8/13/2026 4:17,?0.00
591,TXN2026100590,USR2325,MER49,Groceries & Supermarkets,Bank UPI (Direct),"?1,511.64",Success,8/9/2026 1:43,?0.00
592,TXN2026100591,USR4457,MER44,Food & Dining,Credit Card on UPI,"?4,414.69",Success,8/9/2026 12:35,?0.00
593,TXN2026100592,USR2949,MER33,Groceries & Supermarkets,PPI Wallet UPI,"?3,920.41",Success,9/3/2026 21:31,?43.12
594,TXN2026100593,USR1412,MER31,Travel & Hospitality,PPI Wallet UPI,"?14,546.49",Success,9/11/2026 21:07,?160.01
595,TXN2026100594,USR1325,MER24,Groceries & Supermarkets,Bank UPI (Direct),"?8,284.23",Success,8/12/2026 0:24,?0.00
596,TXN2026100595,USR1670,MER18,Groceries & Supermarkets,PPI Wallet UPI,"?12,315.39",Success,8/10/2026 19:19,?135.47
597,TXN2026100596,USR1681,MER33,Groceries & Supermarkets,Bank UPI (Direct),"?11,778.35",Success,8/17/2026 7:44,?0.00
598,TXN2026100597,USR2320,MER20,Food & Dining,Credit Card on UPI,"?2,686.83",Success,9/13/2026 4:20,?0.00
599,TXN2026100598,USR2562,MER22,Travel & Hospitality,Credit Card on UPI,"?6,783.28",Success,9/9/2026 4:06,?0.00
600,TXN2026100599,USR3890,MER36,Electronics & Gadgets,PPI Wallet UPI,"?10,128.02",Success,8/23/2026 2:48,?111.41
601,TXN2026100600,USR2892,MER37,Electronics & Gadgets,Credit Card on UPI,"?5,049.70",Success,9/9/2026 2:25,?0.00
602,TXN2026100601,USR2998,MER38,Electronics & Gadgets,Bank UPI (Direct),"?9,080.05",Failed,8/27/2026 17:39,?0.00
603,TXN2026100602,USR2116,MER15,Groceries & Supermarkets,Bank UPI (Direct),"?1,877.47",Success,8/28/2026 2:55,?0.00
604,TXN2026100603,USR4624,MER13,Food & Dining,Bank UPI (Direct),"?11,687.70",Success,8/11/2026 13:05,?0.00
605,TXN2026100604,USR3115,MER44,Food & Dining,Bank UPI (Direct),?715.23,Success,9/9/2026 10:33,?0.00
606,TXN2026100605,USR3264,MER31,Food & Dining,Credit Card on UPI,"?3,022.86",Success,9/9/2026 4:04,?0.00
607,TXN2026100606,USR4685,MER10,Groceries & Supermarkets,Bank UPI (Direct),"?3,769.94",Pending,9/8/2026 9:03,?0.00
608,TXN2026100607,USR1277,MER40,Food & Dining,Bank UPI (Direct),"?7,205.63",Success,8/17/2026 19:24,?0.00
609,TXN2026100608,USR1166,MER11,Groceries & Supermarkets,Bank UPI (Direct),"?13,040.71",Failed,8/16/2026 23:30,?0.00
610,TXN2026100609,USR3404,MER16,Groceries & Supermarkets,PPI Wallet UPI,"?5,601.90",Success,8/17/2026 23:20,?61.62
611,TXN2026100610,USR2798,MER40,Travel & Hospitality,Bank UPI (Direct),"?13,928.55",Success,8/8/2026 6:08,?0.00
612,TXN2026100611,USR3855,MER26,Travel & Hospitality,Bank UPI (Direct),"?10,832.81",Success,8/6/2026 18:11,?0.00
613,TXN2026100612,USR1775,MER22,Food & Dining,Bank UPI (Direct),"?13,605.23",Success,9/3/2026 11:49,?0.00
614,TXN2026100613,USR3619,MER38,Groceries & Supermarkets,Credit Card on UPI,"?14,327.17",Pending,8/28/2026 14:25,?0.00
615,TXN2026100614,USR2465,MER32,Food & Dining,Bank UPI (Direct),?980.93,Success,8/29/2026 11:19,?0.00
616,TXN2026100615,USR1524,MER35,Groceries & Supermarkets,Bank UPI (Direct),"?14,298.61",Success,9/10/2026 17:43,?0.00
617,TXN2026100616,USR4804,MER18,Groceries & Supermarkets,PPI Wallet UPI,"?12,133.40",Pending,8/20/2026 6:45,?0.00
618,TXN2026100617,USR1576,MER19,Food & Dining,Credit Card on UPI,"?9,630.63",Success,8/18/2026 21:41,?0.00
619,TXN2026100618,USR3219,MER37,Groceries & Supermarkets,Bank UPI (Direct),"?11,803.30",Success,9/5/2026 6:06,?0.00
620,TXN2026100619,USR2209,MER37,Groceries & Supermarkets,Bank UPI (Direct),"?5,514.41",Success,8/28/2026 6:01,?0.00
621,TXN2026100620,USR1675,MER24,Groceries & Supermarkets,Bank UPI (Direct),"?7,354.85",Success,8/31/2026 16:25,?0.00
622,TXN2026100621,USR3235,MER10,Groceries & Supermarkets,Bank UPI (Direct),"?2,477.63",Success,8/29/2026 13:09,?0.00
623,TXN2026100622,USR4259,MER43,Groceries & Supermarkets,Bank UPI (Direct),"?8,685.37",Success,9/4/2026 12:52,?0.00
624,TXN2026100623,USR4036,MER36,Electronics & Gadgets,PPI Wallet UPI,"?1,048.21",Success,8/4/2026 22:53,?0.00
625,TXN2026100624,USR4357,MER14,Food & Dining,Bank UPI (Direct),"?12,960.47",Pending,8/10/2026 12:37,?0.00
626,TXN2026100625,USR1093,MER16,Food & Dining,Credit Card on UPI,"?13,240.95",Pending,8/15/2026 14:21,?0.00
627,TXN2026100626,USR3565,MER46,Electronics & Gadgets,Bank UPI (Direct),"?10,081.13",Success,8/26/2026 2:50,?0.00
628,TXN2026100627,USR2464,MER48,Food & Dining,PPI Wallet UPI,?319.00,Success,8/23/2026 11:46,?0.00
629,TXN2026100628,USR4033,MER33,Travel & Hospitality,Bank UPI (Direct),"?9,495.80",Success,9/4/2026 2:09,?0.00
630,TXN2026100629,USR4242,MER21,Groceries & Supermarkets,Bank UPI (Direct),"?12,014.80",Success,8/27/2026 20:40,?0.00
631,TXN2026100630,USR3340,MER31,Groceries & Supermarkets,Credit Card on UPI,"?6,096.34",Success,8/6/2026 21:39,?0.00
632,TXN2026100631,USR2288,MER45,Food & Dining,PPI Wallet UPI,"?5,254.51",Success,9/15/2026 11:47,?57.80
633,TXN2026100632,USR3163,MER45,Food & Dining,PPI Wallet UPI,"?1,147.64",Pending,8/7/2026 15:31,?0.00
634,TXN2026100633,USR1262,MER23,Travel & Hospitality,Bank UPI (Direct),"?8,564.37",Success,9/3/2026 15:00,?0.00
635,TXN2026100634,USR4626,MER33,Food & Dining,Credit Card on UPI,"?4,049.74",Success,8/6/2026 1:41,?0.00
636,TXN2026100635,USR2197,MER46,Groceries & Supermarkets,Bank UPI (Direct),"?9,385.26",Success,8/16/2026 11:30,?0.00
637,TXN2026100636,USR2999,MER22,Electronics & Gadgets,PPI Wallet UPI,"?2,374.56",Success,8/20/2026 14:30,?26.12
638,TXN2026100637,USR2025,MER50,Food & Dining,Bank UPI (Direct),"?2,636.20",Success,8/13/2026 12:01,?0.00
639,TXN2026100638,USR1099,MER45,Groceries & Supermarkets,Bank UPI (Direct),"?13,644.51",Success,9/2/2026 7:49,?0.00
640,TXN2026100639,USR2324,MER10,Travel & Hospitality,Credit Card on UPI,"?1,388.13",Success,9/11/2026 16:16,?0.00
641,TXN2026100640,USR1312,MER16,Food & Dining,Bank UPI (Direct),"?5,750.13",Success,8/15/2026 8:37,?0.00
642,TXN2026100641,USR3376,MER19,Groceries & Supermarkets,Bank UPI (Direct),"?2,631.90",Failed,8/13/2026 3:01,?0.00
643,TXN2026100642,USR1222,MER19,Groceries & Supermarkets,Bank UPI (Direct),"?13,217.58",Success,8/3/2026 8:55,?0.00
644,TXN2026100643,USR2976,MER40,Groceries & Supermarkets,Bank UPI (Direct),"?12,662.85",Success,9/1/2026 14:03,?0.00
645,TXN2026100644,USR2345,MER11,Electronics & Gadgets,Credit Card on UPI,"?3,642.48",Success,8/9/2026 9:13,?0.00
646,TXN2026100645,USR2277,MER15,Groceries & Supermarkets,PPI Wallet UPI,"?10,858.55",Success,9/8/2026 10:52,?119.44
647,TXN2026100646,USR2423,MER46,Travel & Hospitality,PPI Wallet UPI,"?9,191.75",Pending,9/10/2026 11:16,?0.00
648,TXN2026100647,USR3221,MER32,Travel & Hospitality,Bank UPI (Direct),"?5,505.15",Success,8/4/2026 19:00,?0.00
649,TXN2026100648,USR4464,MER20,Groceries & Supermarkets,PPI Wallet UPI,"?3,186.06",Success,8/17/2026 18:30,?35.05
650,TXN2026100649,USR1047,MER10,Groceries & Supermarkets,Bank UPI (Direct),"?14,822.89",Success,9/4/2026 22:54,?0.00
651,TXN2026100650,USR3942,MER47,Groceries & Supermarkets,Bank UPI (Direct),"?13,197.35",Success,8/18/2026 9:46,?0.00
652,TXN2026100651,USR4847,MER27,Groceries & Supermarkets,Credit Card on UPI,"?3,113.02",Success,9/6/2026 22:13,?0.00
653,TXN2026100652,USR4581,MER36,Electronics & Gadgets,Credit Card on UPI,"?14,982.51",Success,8/17/2026 12:11,?0.00
654,TXN2026100653,USR4684,MER15,Groceries & Supermarkets,Credit Card on UPI,"?6,761.26",Success,9/14/2026 6:10,?0.00
655,TXN2026100654,USR1245,MER46,Food & Dining,Bank UPI (Direct),"?8,462.03",Success,8/13/2026 13:18,?0.00
656,TXN2026100655,USR4710,MER25,Food & Dining,Bank UPI (Direct),"?14,015.70",Pending,8/27/2026 4:08,?0.00
657,TXN2026100656,USR3345,MER11,Groceries & Supermarkets,PPI Wallet UPI,"?10,169.04",Success,8/24/2026 13:52,?111.86
658,TXN2026100657,USR1452,MER32,Groceries & Supermarkets,PPI Wallet UPI,"?13,715.68",Failed,8/1/2026 17:57,?0.00
659,TXN2026100658,USR2246,MER47,Groceries & Supermarkets,Bank UPI (Direct),"?2,643.78",Success,8/7/2026 14:32,?0.00
660,TXN2026100659,USR1725,MER47,Groceries & Supermarkets,Credit Card on UPI,"?1,178.31",Failed,9/7/2026 14:27,?0.00
661,TXN2026100660,USR3089,MER23,Food & Dining,PPI Wallet UPI,"?3,953.41",Success,8/1/2026 1:43,?43.49
662,TXN2026100661,USR4733,MER34,Groceries & Supermarkets,Bank UPI (Direct),"?14,367.15",Success,9/3/2026 10:27,?0.00
663,TXN2026100662,USR3540,MER26,Groceries & Supermarkets,PPI Wallet UPI,"?9,413.33",Success,8/2/2026 4:10,?103.55
664,TXN2026100663,USR1845,MER47,Travel & Hospitality,Bank UPI (Direct),"?1,705.22",Success,9/7/2026 13:21,?0.00
665,TXN2026100664,USR3380,MER20,Food & Dining,Bank UPI (Direct),"?6,167.93",Success,8/9/2026 0:35,?0.00
666,TXN2026100665,USR3668,MER34,Groceries & Supermarkets,PPI Wallet UPI,?348.21,Success,8/14/2026 22:26,?0.00
667,TXN2026100666,USR1841,MER23,Groceries & Supermarkets,PPI Wallet UPI,"?13,008.94",Success,8/2/2026 17:40,?143.10
668,TXN2026100667,USR4620,MER18,Food & Dining,Bank UPI (Direct),"?1,160.82",Success,8/2/2026 15:58,?0.00
669,TXN2026100668,USR1609,MER43,Electronics & Gadgets,PPI Wallet UPI,"?4,400.83",Success,8/12/2026 4:17,?48.41
670,TXN2026100669,USR1793,MER44,Electronics & Gadgets,PPI Wallet UPI,"?1,396.34",Success,8/1/2026 1:25,?0.00
671,TXN2026100670,USR2426,MER15,Groceries & Supermarkets,Bank UPI (Direct),?846.46,Success,8/18/2026 1:40,?0.00
672,TXN2026100671,USR3533,MER27,Groceries & Supermarkets,Bank UPI (Direct),"?7,943.88",Success,8/4/2026 21:45,?0.00
673,TXN2026100672,USR3907,MER21,Electronics & Gadgets,PPI Wallet UPI,"?9,082.24",Success,9/9/2026 9:38,?99.90
674,TXN2026100673,USR4948,MER18,Electronics & Gadgets,Bank UPI (Direct),"?5,592.84",Success,8/14/2026 12:13,?0.00
675,TXN2026100674,USR4708,MER49,Groceries & Supermarkets,PPI Wallet UPI,"?3,480.60",Success,9/10/2026 3:20,?38.29
676,TXN2026100675,USR4690,MER37,Groceries & Supermarkets,Credit Card on UPI,"?7,546.05",Success,8/5/2026 1:00,?0.00
677,TXN2026100676,USR3681,MER23,Electronics & Gadgets,PPI Wallet UPI,"?5,191.38",Success,8/4/2026 13:02,?57.11
678,TXN2026100677,USR1480,MER10,Food & Dining,Bank UPI (Direct),"?12,746.92",Success,8/27/2026 10:14,?0.00
679,TXN2026100678,USR2774,MER16,Groceries & Supermarkets,Credit Card on UPI,"?6,661.89",Success,9/9/2026 8:35,?0.00
680,TXN2026100679,USR1001,MER31,Travel & Hospitality,Bank UPI (Direct),"?13,672.03",Success,9/4/2026 4:50,?0.00
681,TXN2026100680,USR1967,MER12,Travel & Hospitality,PPI Wallet UPI,"?5,061.12",Success,9/12/2026 16:00,?55.67
682,TXN2026100681,USR1063,MER32,Groceries & Supermarkets,Credit Card on UPI,?499.41,Success,9/7/2026 18:08,?0.00
683,TXN2026100682,USR3822,MER31,Food & Dining,Credit Card on UPI,"?4,990.34",Failed,8/24/2026 17:14,?0.00
684,TXN2026100683,USR4958,MER27,Electronics & Gadgets,Bank UPI (Direct),"?12,335.92",Success,8/11/2026 3:13,?0.00
685,TXN2026100684,USR1719,MER17,Electronics & Gadgets,Bank UPI (Direct),"?4,765.74",Success,8/20/2026 14:44,?0.00
686,TXN2026100685,USR1797,MER35,Electronics & Gadgets,Credit Card on UPI,"?7,537.48",Success,8/8/2026 20:59,?0.00
687,TXN2026100686,USR1828,MER22,Travel & Hospitality,Bank UPI (Direct),"?4,588.38",Success,8/7/2026 7:21,?0.00
688,TXN2026100687,USR1554,MER35,Electronics & Gadgets,PPI Wallet UPI,"?6,051.99",Success,8/11/2026 20:21,?66.57
689,TXN2026100688,USR4140,MER23,Groceries & Supermarkets,Bank UPI (Direct),"?8,003.83",Success,8/25/2026 12:18,?0.00
690,TXN2026100689,USR3322,MER41,Groceries & Supermarkets,Bank UPI (Direct),"?2,037.68",Success,8/20/2026 4:36,?0.00
691,TXN2026100690,USR2535,MER30,Food & Dining,Credit Card on UPI,"?1,054.10",Success,8/17/2026 20:48,?0.00
692,TXN2026100691,USR4968,MER22,Groceries & Supermarkets,PPI Wallet UPI,"?4,220.07",Success,8/5/2026 20:37,?46.42
693,TXN2026100692,USR4727,MER15,Groceries & Supermarkets,Bank UPI (Direct),"?6,097.62",Success,8/5/2026 13:33,?0.00
694,TXN2026100693,USR2790,MER47,Groceries & Supermarkets,Credit Card on UPI,"?13,808.98",Success,8/1/2026 6:54,?0.00
695,TXN2026100694,USR1196,MER26,Groceries & Supermarkets,PPI Wallet UPI,"?11,833.25",Success,8/4/2026 9:39,?130.17
696,TXN2026100695,USR4882,MER24,Electronics & Gadgets,PPI Wallet UPI,"?8,473.85",Success,9/13/2026 3:35,?93.21
697,TXN2026100696,USR1783,MER40,Groceries & Supermarkets,PPI Wallet UPI,"?7,622.10",Success,8/20/2026 2:30,?83.84
698,TXN2026100697,USR3919,MER21,Groceries & Supermarkets,Bank UPI (Direct),"?3,171.74",Success,9/12/2026 14:13,?0.00
699,TXN2026100698,USR2459,MER22,Groceries & Supermarkets,Credit Card on UPI,"?11,273.67",Success,9/1/2026 0:47,?0.00
700,TXN2026100699,USR2626,MER31,Food & Dining,Bank UPI (Direct),"?11,109.36",Success,8/22/2026 14:58,?0.00
701,TXN2026100700,USR1009,MER17,Groceries & Supermarkets,PPI Wallet UPI,"?4,682.38",Success,8/7/2026 13:10,?51.51
702,TXN2026100701,USR1825,MER11,Groceries & Supermarkets,Bank UPI (Direct),"?10,091.52",Pending,9/1/2026 9:03,?0.00
703,TXN2026100702,USR2278,MER10,Groceries & Supermarkets,Bank UPI (Direct),"?3,012.84",Success,9/10/2026 7:34,?0.00
704,TXN2026100703,USR2857,MER11,Electronics & Gadgets,PPI Wallet UPI,"?1,128.37",Success,8/11/2026 22:44,?0.00
705,TXN2026100704,USR2595,MER34,Food & Dining,PPI Wallet UPI,"?2,634.38",Success,8/21/2026 1:15,?28.98
706,TXN2026100705,USR3379,MER43,Groceries & Supermarkets,Bank UPI (Direct),"?14,866.43",Success,8/15/2026 0:03,?0.00
707,TXN2026100706,USR3055,MER35,Electronics & Gadgets,PPI Wallet UPI,"?13,689.23",Success,8/27/2026 8:32,?150.58
708,TXN2026100707,USR3232,MER16,Food & Dining,Bank UPI (Direct),"?14,644.84",Success,8/12/2026 16:58,?0.00
709,TXN2026100708,USR1148,MER46,Electronics & Gadgets,Bank UPI (Direct),"?8,672.10",Success,8/14/2026 4:29,?0.00
710,TXN2026100709,USR4050,MER17,Food & Dining,Bank UPI (Direct),"?9,340.38",Success,8/10/2026 11:38,?0.00
711,TXN2026100710,USR1690,MER21,Travel & Hospitality,PPI Wallet UPI,"?12,738.75",Failed,8/4/2026 8:19,?0.00
712,TXN2026100711,USR2973,MER18,Groceries & Supermarkets,PPI Wallet UPI,"?10,819.83",Success,8/18/2026 11:37,?119.02
713,TXN2026100712,USR2491,MER27,Groceries & Supermarkets,Credit Card on UPI,?926.06,Success,9/14/2026 7:11,?0.00
714,TXN2026100713,USR2912,MER13,Groceries & Supermarkets,PPI Wallet UPI,"?6,582.86",Success,9/5/2026 16:30,?72.41
715,TXN2026100714,USR1677,MER48,Groceries & Supermarkets,PPI Wallet UPI,"?5,885.97",Success,9/9/2026 9:56,?64.75
716,TXN2026100715,USR3118,MER48,Travel & Hospitality,Bank UPI (Direct),"?1,495.17",Success,9/15/2026 8:03,?0.00
717,TXN2026100716,USR1358,MER12,Food & Dining,Bank UPI (Direct),?671.13,Success,8/16/2026 17:19,?0.00
718,TXN2026100717,USR2554,MER38,Groceries & Supermarkets,PPI Wallet UPI,"?11,635.61",Success,8/9/2026 7:14,?127.99
719,TXN2026100718,USR2384,MER22,Food & Dining,PPI Wallet UPI,"?7,397.42",Success,9/11/2026 12:18,?81.37
720,TXN2026100719,USR2672,MER38,Groceries & Supermarkets,Bank UPI (Direct),?392.76,Success,8/7/2026 2:17,?0.00
721,TXN2026100720,USR3400,MER15,Travel & Hospitality,PPI Wallet UPI,"?3,446.19",Success,8/23/2026 10:01,?37.91
722,TXN2026100721,USR3247,MER40,Food & Dining,Bank UPI (Direct),"?3,843.76",Success,8/29/2026 18:54,?0.00
723,TXN2026100722,USR2231,MER14,Electronics & Gadgets,PPI Wallet UPI,"?5,223.18",Success,8/18/2026 5:28,?57.45
724,TXN2026100723,USR1998,MER37,Electronics & Gadgets,Bank UPI (Direct),"?11,618.19",Pending,8/13/2026 2:36,?0.00
725,TXN2026100724,USR3228,MER25,Groceries & Supermarkets,Bank UPI (Direct),"?14,415.78",Success,9/4/2026 6:51,?0.00
726,TXN2026100725,USR3255,MER19,Travel & Hospitality,Credit Card on UPI,"?11,934.18",Success,8/20/2026 17:11,?0.00
727,TXN2026100726,USR2919,MER42,Electronics & Gadgets,Credit Card on UPI,"?6,890.10",Success,8/12/2026 5:12,?0.00
728,TXN2026100727,USR4375,MER28,Travel & Hospitality,PPI Wallet UPI,"?3,399.83",Success,9/15/2026 19:08,?37.40
729,TXN2026100728,USR1458,MER32,Groceries & Supermarkets,PPI Wallet UPI,"?6,726.50",Pending,8/16/2026 18:34,?0.00
730,TXN2026100729,USR1984,MER20,Groceries & Supermarkets,Credit Card on UPI,"?9,481.61",Failed,8/22/2026 11:09,?0.00
731,TXN2026100730,USR4568,MER33,Groceries & Supermarkets,Bank UPI (Direct),"?7,231.11",Success,8/18/2026 18:49,?0.00
732,TXN2026100731,USR3852,MER31,Electronics & Gadgets,Bank UPI (Direct),"?1,850.26",Success,9/13/2026 13:34,?0.00
733,TXN2026100732,USR2212,MER19,Food & Dining,Bank UPI (Direct),"?13,923.93",Success,8/1/2026 11:01,?0.00
734,TXN2026100733,USR1400,MER50,Groceries & Supermarkets,Bank UPI (Direct),"?3,085.12",Success,9/1/2026 7:21,?0.00
735,TXN2026100734,USR3415,MER39,Groceries & Supermarkets,Bank UPI (Direct),"?2,757.04",Success,9/11/2026 2:05,?0.00
736,TXN2026100735,USR1707,MER40,Travel & Hospitality,Bank UPI (Direct),"?13,471.26",Failed,8/16/2026 10:45,?0.00
737,TXN2026100736,USR1510,MER23,Food & Dining,Credit Card on UPI,"?9,510.80",Success,8/29/2026 8:52,?0.00
738,TXN2026100737,USR1955,MER25,Groceries & Supermarkets,PPI Wallet UPI,"?10,498.32",Success,9/9/2026 19:42,?115.48
739,TXN2026100738,USR2648,MER48,Electronics & Gadgets,Bank UPI (Direct),"?13,590.61",Success,8/26/2026 11:53,?0.00
740,TXN2026100739,USR2847,MER43,Groceries & Supermarkets,Bank UPI (Direct),"?10,672.99",Success,9/5/2026 15:28,?0.00
741,TXN2026100740,USR2074,MER15,Groceries & Supermarkets,PPI Wallet UPI,"?7,781.66",Success,9/4/2026 4:09,?85.60
742,TXN2026100741,USR3121,MER40,Groceries & Supermarkets,Bank UPI (Direct),"?8,451.94",Failed,8/14/2026 18:24,?0.00
743,TXN2026100742,USR3686,MER12,Groceries & Supermarkets,PPI Wallet UPI,"?11,901.78",Success,8/14/2026 18:38,?130.92
744,TXN2026100743,USR3218,MER13,Travel & Hospitality,PPI Wallet UPI,"?13,804.06",Success,8/3/2026 10:34,?151.84
745,TXN2026100744,USR3251,MER29,Electronics & Gadgets,PPI Wallet UPI,?41.44,Success,8/13/2026 21:58,?0.00
746,TXN2026100745,USR3884,MER20,Electronics & Gadgets,PPI Wallet UPI,"?2,833.27",Success,8/23/2026 18:26,?31.17
747,TXN2026100746,USR4838,MER36,Electronics & Gadgets,Bank UPI (Direct),"?10,873.22",Success,8/14/2026 19:39,?0.00
748,TXN2026100747,USR2051,MER48,Groceries & Supermarkets,Bank UPI (Direct),"?9,794.42",Success,9/6/2026 22:24,?0.00
749,TXN2026100748,USR1631,MER16,Electronics & Gadgets,Credit Card on UPI,"?8,652.88",Failed,8/8/2026 1:45,?0.00
750,TXN2026100749,USR2295,MER33,Groceries & Supermarkets,Bank UPI (Direct),"?1,054.37",Success,8/20/2026 12:01,?0.00
751,TXN2026100750,USR3751,MER18,Electronics & Gadgets,Credit Card on UPI,"?4,141.63",Success,9/9/2026 4:16,?0.00
752,TXN2026100751,USR2132,MER34,Electronics & Gadgets,Bank UPI (Direct),"?8,382.69",Success,9/2/2026 22:32,?0.00
753,TXN2026100752,USR2529,MER44,Food & Dining,Credit Card on UPI,"?5,492.86",Failed,8/20/2026 10:00,?0.00
754,TXN2026100753,USR3769,MER21,Travel & Hospitality,Bank UPI (Direct),"?3,870.87",Success,8/18/2026 15:46,?0.00
755,TXN2026100754,USR3378,MER20,Food & Dining,PPI Wallet UPI,"?3,716.24",Failed,8/2/2026 7:26,?0.00
756,TXN2026100755,USR1446,MER45,Food & Dining,PPI Wallet UPI,"?12,432.36",Success,8/15/2026 6:08,?136.76
757,TXN2026100756,USR2834,MER21,Groceries & Supermarkets,Bank UPI (Direct),?428.98,Success,8/25/2026 5:37,?0.00
758,TXN2026100757,USR3568,MER35,Travel & Hospitality,Bank UPI (Direct),?401.28,Success,8/5/2026 20:05,?0.00
759,TXN2026100758,USR1108,MER34,Electronics & Gadgets,Bank UPI (Direct),"?11,500.07",Success,9/14/2026 21:06,?0.00
760,TXN2026100759,USR3133,MER17,Groceries & Supermarkets,PPI Wallet UPI,"?4,125.54",Success,8/31/2026 23:02,?45.38
761,TXN2026100760,USR3052,MER32,Electronics & Gadgets,PPI Wallet UPI,"?3,725.42",Success,8/8/2026 17:40,?40.98
762,TXN2026100761,USR2844,MER22,Travel & Hospitality,PPI Wallet UPI,"?9,768.05",Success,8/28/2026 15:24,?107.45
763,TXN2026100762,USR4249,MER24,Groceries & Supermarkets,Bank UPI (Direct),"?1,829.20",Success,9/2/2026 19:48,?0.00
764,TXN2026100763,USR1925,MER15,Electronics & Gadgets,PPI Wallet UPI,"?8,071.49",Success,8/2/2026 1:12,?88.79
765,TXN2026100764,USR1749,MER21,Electronics & Gadgets,PPI Wallet UPI,"?13,895.06",Success,8/20/2026 12:58,?152.85
766,TXN2026100765,USR3439,MER28,Travel & Hospitality,PPI Wallet UPI,"?12,890.81",Success,9/12/2026 6:01,?141.80
767,TXN2026100766,USR4653,MER30,Travel & Hospitality,Bank UPI (Direct),"?4,061.98",Success,8/5/2026 15:17,?0.00
768,TXN2026100767,USR2165,MER41,Electronics & Gadgets,Bank UPI (Direct),"?13,193.30",Success,8/2/2026 15:13,?0.00
769,TXN2026100768,USR3046,MER47,Electronics & Gadgets,Credit Card on UPI,"?6,879.19",Success,8/12/2026 23:08,?0.00
770,TXN2026100769,USR1179,MER11,Groceries & Supermarkets,Bank UPI (Direct),"?12,473.72",Success,8/22/2026 2:15,?0.00
771,TXN2026100770,USR1665,MER44,Groceries & Supermarkets,PPI Wallet UPI,"?13,126.80",Success,9/13/2026 1:48,?144.39
772,TXN2026100771,USR1035,MER22,Food & Dining,Credit Card on UPI,"?2,962.01",Success,8/14/2026 13:02,?0.00
773,TXN2026100772,USR1718,MER48,Groceries & Supermarkets,Credit Card on UPI,"?10,776.68",Success,9/13/2026 10:34,?0.00
774,TXN2026100773,USR2371,MER24,Groceries & Supermarkets,PPI Wallet UPI,"?12,072.58",Success,9/9/2026 13:57,?132.80
775,TXN2026100774,USR4165,MER44,Travel & Hospitality,Credit Card on UPI,"?10,094.43",Success,8/2/2026 17:13,?0.00
776,TXN2026100775,USR2210,MER25,Groceries & Supermarkets,PPI Wallet UPI,"?7,746.78",Success,8/16/2026 7:10,?85.21
777,TXN2026100776,USR3439,MER30,Electronics & Gadgets,Bank UPI (Direct),"?4,989.03",Success,8/3/2026 23:02,?0.00
778,TXN2026100777,USR4559,MER41,Electronics & Gadgets,PPI Wallet UPI,"?12,065.99",Success,8/31/2026 9:25,?132.73
779,TXN2026100778,USR2370,MER48,Electronics & Gadgets,Credit Card on UPI,"?1,194.69",Success,8/8/2026 0:43,?0.00
780,TXN2026100779,USR4500,MER41,Groceries & Supermarkets,Bank UPI (Direct),"?5,974.19",Success,8/8/2026 9:55,?0.00
781,TXN2026100780,USR2310,MER19,Food & Dining,Bank UPI (Direct),"?8,920.24",Success,8/29/2026 17:21,?0.00
782,TXN2026100781,USR1398,MER16,Groceries & Supermarkets,PPI Wallet UPI,"?8,721.79",Success,8/9/2026 3:08,?95.94
783,TXN2026100782,USR1482,MER16,Groceries & Supermarkets,PPI Wallet UPI,"?9,245.73",Success,8/17/2026 13:30,?101.70
784,TXN2026100783,USR2287,MER14,Food & Dining,PPI Wallet UPI,"?8,997.60",Success,8/13/2026 9:48,?98.97
785,TXN2026100784,USR4330,MER45,Electronics & Gadgets,PPI Wallet UPI,"?11,485.38",Success,8/30/2026 16:14,?126.34
786,TXN2026100785,USR2130,MER23,Travel & Hospitality,Bank UPI (Direct),"?4,942.64",Success,8/10/2026 12:11,?0.00
787,TXN2026100786,USR4243,MER21,Groceries & Supermarkets,PPI Wallet UPI,"?1,046.41",Pending,8/16/2026 0:43,?0.00
788,TXN2026100787,USR1214,MER28,Groceries & Supermarkets,Bank UPI (Direct),"?10,078.71",Success,9/7/2026 2:01,?0.00
789,TXN2026100788,USR3990,MER36,Groceries & Supermarkets,PPI Wallet UPI,"?2,122.15",Success,8/28/2026 14:41,?23.34
790,TXN2026100789,USR1984,MER34,Electronics & Gadgets,PPI Wallet UPI,"?1,821.33",Success,8/6/2026 12:00,?0.00
791,TXN2026100790,USR2628,MER35,Groceries & Supermarkets,Credit Card on UPI,?664.89,Success,8/24/2026 10:07,?0.00
792,TXN2026100791,USR3025,MER29,Groceries & Supermarkets,Bank UPI (Direct),"?7,071.45",Success,8/8/2026 12:12,?0.00
793,TXN2026100792,USR4886,MER20,Groceries & Supermarkets,Bank UPI (Direct),"?4,089.99",Success,8/14/2026 3:12,?0.00
794,TXN2026100793,USR3344,MER30,Electronics & Gadgets,PPI Wallet UPI,"?12,689.80",Success,8/31/2026 2:51,?139.59
795,TXN2026100794,USR4410,MER33,Groceries & Supermarkets,Bank UPI (Direct),"?10,258.76",Success,8/18/2026 5:06,?0.00
796,TXN2026100795,USR4164,MER16,Travel & Hospitality,Bank UPI (Direct),"?2,348.07",Success,8/18/2026 17:50,?0.00
797,TXN2026100796,USR1890,MER10,Food & Dining,Credit Card on UPI,"?7,036.97",Failed,8/27/2026 3:15,?0.00
798,TXN2026100797,USR1312,MER36,Groceries & Supermarkets,PPI Wallet UPI,"?13,366.03",Failed,9/2/2026 14:12,?0.00
799,TXN2026100798,USR4246,MER41,Food & Dining,Bank UPI (Direct),"?12,980.78",Success,8/23/2026 19:42,?0.00
800,TXN2026100799,USR4296,MER33,Groceries & Supermarkets,PPI Wallet UPI,"?3,379.02",Success,8/8/2026 22:11,?37.17
801,TXN2026100800,USR1339,MER39,Groceries & Supermarkets,PPI Wallet UPI,"?1,448.12",Success,9/1/2026 4:53,?0.00
802,TXN2026100801,USR4528,MER48,Groceries & Supermarkets,Bank UPI (Direct),"?7,552.40",Success,8/10/2026 18:58,?0.00
803,TXN2026100802,USR2653,MER42,Electronics & Gadgets,PPI Wallet UPI,"?2,787.63",Success,9/3/2026 23:29,?30.66
804,TXN2026100803,USR2112,MER49,Electronics & Gadgets,PPI Wallet UPI,"?3,106.51",Success,8/6/2026 13:17,?34.17
805,TXN2026100804,USR4035,MER46,Food & Dining,Bank UPI (Direct),"?1,796.15",Success,8/21/2026 6:07,?0.00
806,TXN2026100805,USR1177,MER38,Groceries & Supermarkets,PPI Wallet UPI,"?5,598.96",Success,8/22/2026 3:51,?61.59
807,TXN2026100806,USR4925,MER44,Groceries & Supermarkets,Bank UPI (Direct),"?1,320.27",Success,8/19/2026 2:41,?0.00
808,TXN2026100807,USR4489,MER39,Electronics & Gadgets,Bank UPI (Direct),"?1,617.88",Success,9/1/2026 22:02,?0.00
809,TXN2026100808,USR3947,MER13,Groceries & Supermarkets,PPI Wallet UPI,"?1,891.10",Success,8/18/2026 10:18,?0.00
810,TXN2026100809,USR2327,MER46,Electronics & Gadgets,Bank UPI (Direct),"?13,262.78",Success,8/30/2026 6:10,?0.00
811,TXN2026100810,USR4464,MER27,Electronics & Gadgets,PPI Wallet UPI,"?12,602.91",Success,8/16/2026 10:51,?138.63
812,TXN2026100811,USR2343,MER49,Electronics & Gadgets,Bank UPI (Direct),"?14,899.02",Success,8/14/2026 10:50,?0.00
813,TXN2026100812,USR2034,MER16,Electronics & Gadgets,Bank UPI (Direct),?683.14,Success,8/14/2026 5:12,?0.00
814,TXN2026100813,USR1188,MER33,Food & Dining,Bank UPI (Direct),"?10,874.32",Success,9/6/2026 16:36,?0.00
815,TXN2026100814,USR3714,MER12,Electronics & Gadgets,Bank UPI (Direct),"?14,356.49",Success,8/14/2026 21:09,?0.00
816,TXN2026100815,USR1882,MER27,Food & Dining,Bank UPI (Direct),"?3,842.98",Success,8/22/2026 13:35,?0.00
817,TXN2026100816,USR4072,MER12,Food & Dining,Bank UPI (Direct),"?2,558.70",Success,9/14/2026 18:58,?0.00
818,TXN2026100817,USR1220,MER10,Groceries & Supermarkets,Bank UPI (Direct),"?12,078.53",Success,8/30/2026 19:59,?0.00
819,TXN2026100818,USR4337,MER41,Travel & Hospitality,Bank UPI (Direct),"?10,917.19",Success,9/6/2026 12:30,?0.00
820,TXN2026100819,USR1511,MER32,Electronics & Gadgets,Bank UPI (Direct),"?3,092.12",Success,9/15/2026 14:17,?0.00
821,TXN2026100820,USR4922,MER29,Food & Dining,Credit Card on UPI,"?8,463.47",Success,8/28/2026 19:18,?0.00
822,TXN2026100821,USR2869,MER46,Groceries & Supermarkets,Bank UPI (Direct),"?12,714.65",Success,8/9/2026 17:24,?0.00
823,TXN2026100822,USR3288,MER33,Electronics & Gadgets,PPI Wallet UPI,"?11,054.99",Success,8/2/2026 7:56,?121.60
824,TXN2026100823,USR1346,MER24,Groceries & Supermarkets,Bank UPI (Direct),"?1,302.46",Success,8/22/2026 2:36,?0.00
825,TXN2026100824,USR2668,MER14,Food & Dining,Bank UPI (Direct),"?10,611.86",Success,8/30/2026 22:27,?0.00
826,TXN2026100825,USR4065,MER17,Groceries & Supermarkets,PPI Wallet UPI,"?10,267.88",Success,8/27/2026 11:24,?112.95
827,TXN2026100826,USR4677,MER25,Electronics & Gadgets,Credit Card on UPI,"?2,314.41",Success,8/25/2026 9:09,?0.00
828,TXN2026100827,USR3971,MER19,Food & Dining,PPI Wallet UPI,"?6,858.33",Success,8/22/2026 3:12,?75.44
829,TXN2026100828,USR4464,MER37,Electronics & Gadgets,Bank UPI (Direct),"?4,774.73",Success,9/13/2026 11:11,?0.00
830,TXN2026100829,USR1885,MER11,Food & Dining,Credit Card on UPI,?671.12,Success,9/11/2026 11:13,?0.00
831,TXN2026100830,USR2909,MER44,Groceries & Supermarkets,Credit Card on UPI,"?1,569.07",Success,8/16/2026 23:49,?0.00
832,TXN2026100831,USR4472,MER15,Food & Dining,Bank UPI (Direct),"?9,384.14",Success,8/14/2026 15:30,?0.00
833,TXN2026100832,USR4140,MER17,Groceries & Supermarkets,PPI Wallet UPI,"?11,180.08",Failed,8/23/2026 10:15,?0.00
834,TXN2026100833,USR4831,MER42,Groceries & Supermarkets,PPI Wallet UPI,"?4,503.97",Success,8/31/2026 0:15,?49.54
835,TXN2026100834,USR4086,MER15,Food & Dining,Bank UPI (Direct),"?10,631.67",Success,9/3/2026 18:36,?0.00
836,TXN2026100835,USR2297,MER49,Electronics & Gadgets,Bank UPI (Direct),"?4,287.76",Success,8/12/2026 14:05,?0.00
837,TXN2026100836,USR2716,MER17,Groceries & Supermarkets,PPI Wallet UPI,"?9,235.91",Success,9/11/2026 4:19,?101.60
838,TXN2026100837,USR4079,MER48,Food & Dining,Bank UPI (Direct),"?11,873.56",Success,8/30/2026 5:54,?0.00
839,TXN2026100838,USR1770,MER11,Travel & Hospitality,Bank UPI (Direct),"?3,870.65",Success,8/7/2026 1:26,?0.00
840,TXN2026100839,USR1147,MER14,Groceries & Supermarkets,PPI Wallet UPI,"?8,065.40",Success,8/31/2026 5:09,?88.72
841,TXN2026100840,USR3136,MER18,Electronics & Gadgets,Credit Card on UPI,"?11,169.09",Success,8/10/2026 19:03,?0.00
842,TXN2026100841,USR3122,MER21,Food & Dining,PPI Wallet UPI,"?5,422.63",Success,8/31/2026 13:57,?59.65
843,TXN2026100842,USR4713,MER37,Groceries & Supermarkets,Bank UPI (Direct),"?14,862.39",Success,9/1/2026 12:48,?0.00
844,TXN2026100843,USR4079,MER49,Groceries & Supermarkets,Bank UPI (Direct),"?10,450.84",Success,8/1/2026 11:01,?0.00
845,TXN2026100844,USR2448,MER18,Groceries & Supermarkets,PPI Wallet UPI,"?5,273.57",Failed,8/29/2026 22:33,?0.00
846,TXN2026100845,USR1054,MER50,Groceries & Supermarkets,Bank UPI (Direct),"?12,562.72",Success,9/4/2026 3:52,?0.00
847,TXN2026100846,USR1706,MER25,Food & Dining,Bank UPI (Direct),"?8,563.62",Success,8/27/2026 11:04,?0.00
848,TXN2026100847,USR4262,MER34,Electronics & Gadgets,Bank UPI (Direct),"?13,873.66",Success,8/7/2026 1:30,?0.00
849,TXN2026100848,USR1744,MER26,Groceries & Supermarkets,PPI Wallet UPI,"?7,175.07",Success,8/25/2026 16:45,?78.93
850,TXN2026100849,USR3111,MER46,Food & Dining,Bank UPI (Direct),"?2,507.40",Success,8/7/2026 8:34,?0.00
851,TXN2026100850,USR2985,MER45,Groceries & Supermarkets,Bank UPI (Direct),"?1,966.34",Success,9/12/2026 11:30,?0.00
852,TXN2026100851,USR1940,MER26,Groceries & Supermarkets,PPI Wallet UPI,"?5,867.97",Success,8/19/2026 4:26,?64.55
853,TXN2026100852,USR4946,MER47,Food & Dining,PPI Wallet UPI,"?5,533.59",Pending,8/30/2026 13:37,?0.00
854,TXN2026100853,USR2187,MER49,Travel & Hospitality,Credit Card on UPI,"?2,583.86",Success,9/8/2026 9:51,?0.00
855,TXN2026100854,USR3001,MER48,Travel & Hospitality,PPI Wallet UPI,?235.69,Success,8/4/2026 9:23,?0.00
856,TXN2026100855,USR4462,MER21,Groceries & Supermarkets,Bank UPI (Direct),"?14,575.22",Success,8/5/2026 1:07,?0.00
857,TXN2026100856,USR3002,MER28,Groceries & Supermarkets,PPI Wallet UPI,"?6,700.05",Success,9/8/2026 5:03,?73.70
858,TXN2026100857,USR3113,MER28,Food & Dining,Bank UPI (Direct),"?10,820.23",Success,8/18/2026 10:58,?0.00
859,TXN2026100858,USR2109,MER44,Electronics & Gadgets,Bank UPI (Direct),"?5,636.39",Success,8/10/2026 20:16,?0.00
860,TXN2026100859,USR1680,MER21,Groceries & Supermarkets,Bank UPI (Direct),"?12,962.36",Success,9/12/2026 1:00,?0.00
861,TXN2026100860,USR3033,MER41,Travel & Hospitality,Bank UPI (Direct),?333.53,Success,8/24/2026 20:21,?0.00
862,TXN2026100861,USR4088,MER42,Groceries & Supermarkets,Bank UPI (Direct),"?3,309.11",Success,8/25/2026 1:38,?0.00
863,TXN2026100862,USR4169,MER47,Electronics & Gadgets,Credit Card on UPI,"?3,149.40",Success,9/8/2026 16:10,?0.00
864,TXN2026100863,USR4193,MER23,Electronics & Gadgets,Bank UPI (Direct),"?3,922.53",Success,8/22/2026 8:17,?0.00
865,TXN2026100864,USR4753,MER42,Food & Dining,Bank UPI (Direct),"?4,300.29",Success,8/20/2026 21:29,?0.00
866,TXN2026100865,USR2251,MER10,Groceries & Supermarkets,Bank UPI (Direct),"?4,362.54",Success,8/24/2026 8:22,?0.00
867,TXN2026100866,USR2657,MER28,Food & Dining,PPI Wallet UPI,"?5,623.57",Failed,8/16/2026 5:49,?0.00
868,TXN2026100867,USR4633,MER18,Groceries & Supermarkets,Bank UPI (Direct),"?7,557.50",Success,8/25/2026 5:57,?0.00
869,TXN2026100868,USR1280,MER37,Electronics & Gadgets,PPI Wallet UPI,"?13,418.04",Success,9/7/2026 8:08,?147.60
870,TXN2026100869,USR4303,MER36,Travel & Hospitality,Bank UPI (Direct),"?9,294.19",Success,8/15/2026 22:00,?0.00
871,TXN2026100870,USR4856,MER23,Travel & Hospitality,Bank UPI (Direct),"?4,771.01",Failed,8/14/2026 21:48,?0.00
872,TXN2026100871,USR3010,MER38,Food & Dining,Credit Card on UPI,"?8,969.84",Success,8/9/2026 2:55,?0.00
873,TXN2026100872,USR2653,MER40,Food & Dining,Credit Card on UPI,?732.17,Success,8/20/2026 22:24,?0.00
874,TXN2026100873,USR2589,MER48,Groceries & Supermarkets,Bank UPI (Direct),"?7,324.23",Success,9/9/2026 9:58,?0.00
875,TXN2026100874,USR2650,MER35,Travel & Hospitality,Credit Card on UPI,"?8,946.43",Success,8/8/2026 16:57,?0.00
876,TXN2026100875,USR4768,MER41,Groceries & Supermarkets,Bank UPI (Direct),"?6,315.22",Success,9/2/2026 15:36,?0.00
877,TXN2026100876,USR1640,MER44,Food & Dining,Bank UPI (Direct),"?5,938.44",Success,8/21/2026 16:16,?0.00
878,TXN2026100877,USR3349,MER20,Food & Dining,PPI Wallet UPI,"?12,969.40",Success,9/4/2026 18:20,?142.66
879,TXN2026100878,USR3110,MER30,Electronics & Gadgets,Bank UPI (Direct),"?8,270.02",Success,9/15/2026 23:55,?0.00
880,TXN2026100879,USR3090,MER45,Groceries & Supermarkets,Credit Card on UPI,"?13,539.55",Success,9/13/2026 22:45,?0.00
881,TXN2026100880,USR3082,MER39,Groceries & Supermarkets,Credit Card on UPI,"?5,251.47",Success,9/14/2026 17:59,?0.00
882,TXN2026100881,USR2347,MER13,Electronics & Gadgets,Bank UPI (Direct),"?13,117.19",Success,8/3/2026 22:12,?0.00
883,TXN2026100882,USR1751,MER14,Groceries & Supermarkets,Bank UPI (Direct),"?10,956.49",Success,8/12/2026 16:18,?0.00
884,TXN2026100883,USR1818,MER31,Groceries & Supermarkets,Bank UPI (Direct),"?7,589.16",Success,8/31/2026 20:43,?0.00
885,TXN2026100884,USR3953,MER31,Groceries & Supermarkets,Bank UPI (Direct),"?3,825.21",Success,8/12/2026 6:08,?0.00
886,TXN2026100885,USR4848,MER30,Food & Dining,PPI Wallet UPI,"?13,368.16",Success,8/15/2026 2:43,?147.05
887,TXN2026100886,USR3784,MER48,Electronics & Gadgets,Bank UPI (Direct),"?13,818.85",Success,8/7/2026 7:09,?0.00
888,TXN2026100887,USR4440,MER29,Groceries & Supermarkets,PPI Wallet UPI,"?14,931.97",Success,8/17/2026 21:58,?164.25
889,TXN2026100888,USR3520,MER30,Food & Dining,PPI Wallet UPI,"?3,853.72",Success,9/13/2026 14:21,?42.39
890,TXN2026100889,USR4020,MER47,Food & Dining,Bank UPI (Direct),"?9,723.62",Success,8/1/2026 5:38,?0.00
891,TXN2026100890,USR2711,MER43,Electronics & Gadgets,Bank UPI (Direct),"?3,025.85",Success,8/30/2026 5:41,?0.00
892,TXN2026100891,USR4568,MER42,Food & Dining,PPI Wallet UPI,"?12,639.97",Success,9/6/2026 19:12,?139.04
893,TXN2026100892,USR1878,MER47,Electronics & Gadgets,Bank UPI (Direct),"?5,680.58",Success,8/3/2026 8:56,?0.00
894,TXN2026100893,USR3376,MER28,Groceries & Supermarkets,PPI Wallet UPI,"?7,923.97",Success,8/6/2026 17:27,?87.16
895,TXN2026100894,USR3134,MER26,Electronics & Gadgets,Bank UPI (Direct),"?7,283.27",Success,8/25/2026 15:56,?0.00
896,TXN2026100895,USR4333,MER17,Groceries & Supermarkets,Bank UPI (Direct),"?4,990.83",Success,8/20/2026 17:49,?0.00
897,TXN2026100896,USR3853,MER48,Electronics & Gadgets,Bank UPI (Direct),"?10,441.84",Success,8/12/2026 10:11,?0.00
898,TXN2026100897,USR3853,MER19,Travel & Hospitality,PPI Wallet UPI,"?14,947.37",Success,8/21/2026 11:19,?164.42
899,TXN2026100898,USR1041,MER10,Groceries & Supermarkets,PPI Wallet UPI,"?14,576.26",Success,8/3/2026 5:07,?160.34
900,TXN2026100899,USR2314,MER14,Electronics & Gadgets,Bank UPI (Direct),"?7,777.74",Success,8/26/2026 7:34,?0.00
901,TXN2026100900,USR4860,MER29,Food & Dining,Bank UPI (Direct),"?2,484.18",Success,8/7/2026 8:18,?0.00
902,TXN2026100901,USR4103,MER28,Food & Dining,Credit Card on UPI,"?4,222.66",Success,8/25/2026 7:31,?0.00
903,TXN2026100902,USR4847,MER48,Groceries & Supermarkets,Bank UPI (Direct),"?11,088.70",Success,9/7/2026 7:12,?0.00
904,TXN2026100903,USR1171,MER34,Electronics & Gadgets,PPI Wallet UPI,"?5,487.39",Success,8/31/2026 0:10,?60.36
905,TXN2026100904,USR1398,MER12,Food & Dining,Bank UPI (Direct),"?12,419.81",Success,8/24/2026 12:56,?0.00
906,TXN2026100905,USR4825,MER48,Groceries & Supermarkets,Bank UPI (Direct),"?14,934.17",Success,8/13/2026 14:46,?0.00
907,TXN2026100906,USR1095,MER39,Electronics & Gadgets,PPI Wallet UPI,"?7,733.99",Success,8/16/2026 0:48,?85.07
908,TXN2026100907,USR4741,MER24,Travel & Hospitality,PPI Wallet UPI,"?14,246.31",Success,8/27/2026 14:49,?156.71
909,TXN2026100908,USR2683,MER21,Food & Dining,PPI Wallet UPI,"?12,783.38",Success,8/16/2026 3:38,?140.62
910,TXN2026100909,USR1228,MER37,Electronics & Gadgets,Bank UPI (Direct),"?4,884.76",Success,8/27/2026 19:08,?0.00
911,TXN2026100910,USR2502,MER16,Food & Dining,Bank UPI (Direct),"?14,397.09",Success,8/25/2026 14:44,?0.00
912,TXN2026100911,USR3765,MER29,Groceries & Supermarkets,Bank UPI (Direct),"?10,377.30",Success,8/25/2026 11:17,?0.00
913,TXN2026100912,USR2109,MER33,Groceries & Supermarkets,PPI Wallet UPI,"?11,894.59",Success,9/12/2026 4:32,?130.84
914,TXN2026100913,USR1622,MER33,Electronics & Gadgets,PPI Wallet UPI,"?1,801.00",Success,8/15/2026 2:45,?0.00
915,TXN2026100914,USR4205,MER49,Groceries & Supermarkets,Bank UPI (Direct),"?2,997.00",Success,8/16/2026 2:17,?0.00
916,TXN2026100915,USR4874,MER23,Groceries & Supermarkets,PPI Wallet UPI,"?9,615.82",Success,8/10/2026 7:49,?105.77
917,TXN2026100916,USR2843,MER38,Groceries & Supermarkets,Credit Card on UPI,"?4,148.24",Success,9/9/2026 5:42,?0.00
918,TXN2026100917,USR4505,MER10,Groceries & Supermarkets,PPI Wallet UPI,"?1,876.58",Success,8/25/2026 10:00,?0.00
919,TXN2026100918,USR1989,MER23,Food & Dining,Bank UPI (Direct),"?2,198.68",Success,8/9/2026 10:13,?0.00
920,TXN2026100919,USR4892,MER25,Electronics & Gadgets,Bank UPI (Direct),"?11,809.57",Success,8/7/2026 7:43,?0.00
921,TXN2026100920,USR2564,MER45,Food & Dining,Bank UPI (Direct),"?3,483.63",Success,8/13/2026 4:30,?0.00
922,TXN2026100921,USR1102,MER34,Travel & Hospitality,PPI Wallet UPI,"?12,099.45",Success,8/5/2026 6:32,?133.09
923,TXN2026100922,USR1012,MER44,Electronics & Gadgets,Bank UPI (Direct),"?5,610.78",Success,8/12/2026 10:59,?0.00
924,TXN2026100923,USR4548,MER18,Electronics & Gadgets,Bank UPI (Direct),"?7,939.35",Success,8/14/2026 7:16,?0.00
925,TXN2026100924,USR4139,MER49,Groceries & Supermarkets,Bank UPI (Direct),"?7,462.05",Success,8/4/2026 22:20,?0.00
926,TXN2026100925,USR1591,MER10,Groceries & Supermarkets,Credit Card on UPI,"?7,528.01",Success,9/4/2026 6:54,?0.00
927,TXN2026100926,USR3690,MER22,Groceries & Supermarkets,Bank UPI (Direct),"?2,608.54",Success,8/24/2026 3:01,?0.00
928,TXN2026100927,USR3649,MER47,Groceries & Supermarkets,Bank UPI (Direct),"?7,185.40",Success,8/30/2026 19:18,?0.00
929,TXN2026100928,USR3973,MER12,Electronics & Gadgets,PPI Wallet UPI,"?9,836.97",Success,8/8/2026 5:38,?108.21
930,TXN2026100929,USR2080,MER15,Food & Dining,PPI Wallet UPI,"?4,082.30",Success,8/23/2026 2:58,?44.91
931,TXN2026100930,USR3388,MER32,Electronics & Gadgets,Bank UPI (Direct),"?14,744.07",Success,8/31/2026 16:30,?0.00
932,TXN2026100931,USR4202,MER42,Groceries & Supermarkets,Bank UPI (Direct),"?3,064.77",Success,8/9/2026 4:06,?0.00
933,TXN2026100932,USR3431,MER14,Groceries & Supermarkets,Credit Card on UPI,"?11,066.51",Success,8/21/2026 13:20,?0.00
934,TXN2026100933,USR1892,MER49,Travel & Hospitality,PPI Wallet UPI,"?4,419.80",Success,8/16/2026 23:30,?48.62
935,TXN2026100934,USR2559,MER25,Travel & Hospitality,Bank UPI (Direct),"?4,183.16",Success,9/12/2026 15:10,?0.00
936,TXN2026100935,USR2392,MER44,Groceries & Supermarkets,Bank UPI (Direct),?101.29,Success,8/1/2026 15:15,?0.00
937,TXN2026100936,USR1127,MER45,Food & Dining,Credit Card on UPI,"?1,255.68",Success,8/21/2026 7:02,?0.00
938,TXN2026100937,USR3730,MER23,Groceries & Supermarkets,Bank UPI (Direct),"?14,812.32",Success,9/7/2026 17:28,?0.00
939,TXN2026100938,USR2979,MER29,Groceries & Supermarkets,PPI Wallet UPI,"?6,852.53",Failed,8/29/2026 18:09,?0.00
940,TXN2026100939,USR4827,MER31,Travel & Hospitality,PPI Wallet UPI,"?2,021.82",Success,9/11/2026 2:52,?22.24
941,TXN2026100940,USR4835,MER25,Food & Dining,PPI Wallet UPI,"?2,951.88",Success,8/8/2026 4:23,?32.47
942,TXN2026100941,USR3652,MER24,Groceries & Supermarkets,PPI Wallet UPI,"?2,573.12",Success,9/4/2026 6:59,?28.30
943,TXN2026100942,USR2871,MER47,Groceries & Supermarkets,Credit Card on UPI,"?7,980.75",Success,8/20/2026 10:34,?0.00
944,TXN2026100943,USR3909,MER49,Groceries & Supermarkets,PPI Wallet UPI,"?6,826.71",Success,8/9/2026 1:41,?75.09
945,TXN2026100944,USR4189,MER41,Electronics & Gadgets,Bank UPI (Direct),"?4,005.12",Success,9/11/2026 12:54,?0.00
946,TXN2026100945,USR1562,MER22,Electronics & Gadgets,Bank UPI (Direct),"?7,487.91",Success,8/5/2026 7:47,?0.00
947,TXN2026100946,USR2657,MER36,Food & Dining,Bank UPI (Direct),"?12,967.52",Success,8/25/2026 5:30,?0.00
948,TXN2026100947,USR1945,MER17,Food & Dining,Bank UPI (Direct),?656.59,Success,8/26/2026 7:01,?0.00
949,TXN2026100948,USR2062,MER22,Groceries & Supermarkets,Bank UPI (Direct),"?7,915.10",Success,9/4/2026 9:22,?0.00
950,TXN2026100949,USR4496,MER44,Groceries & Supermarkets,Bank UPI (Direct),"?11,502.36",Success,8/5/2026 13:24,?0.00
951,TXN2026100950,USR1824,MER19,Electronics & Gadgets,Bank UPI (Direct),"?9,682.83",Success,9/7/2026 0:55,?0.00
952,TXN2026100951,USR4893,MER20,Food & Dining,PPI Wallet UPI,"?8,424.97",Success,8/21/2026 4:48,?92.67
953,TXN2026100952,USR4284,MER28,Food & Dining,PPI Wallet UPI,"?1,405.15",Success,9/11/2026 20:37,?0.00
954,TXN2026100953,USR3100,MER18,Food & Dining,Bank UPI (Direct),?160.27,Failed,8/23/2026 6:46,?0.00
955,TXN2026100954,USR3123,MER30,Travel & Hospitality,Credit Card on UPI,"?9,875.06",Success,8/20/2026 8:58,?0.00
956,TXN2026100955,USR2907,MER38,Travel & Hospitality,Bank UPI (Direct),"?14,255.87",Success,9/1/2026 0:14,?0.00
957,TXN2026100956,USR3208,MER49,Food & Dining,PPI Wallet UPI,"?14,735.19",Success,8/22/2026 4:14,?162.09
958,TXN2026100957,USR2374,MER30,Groceries & Supermarkets,Bank UPI (Direct),"?7,316.89",Success,8/27/2026 15:04,?0.00
959,TXN2026100958,USR1103,MER22,Groceries & Supermarkets,Bank UPI (Direct),"?4,430.07",Success,8/16/2026 1:50,?0.00
960,TXN2026100959,USR4357,MER36,Electronics & Gadgets,Bank UPI (Direct),"?7,023.49",Success,8/4/2026 17:00,?0.00
961,TXN2026100960,USR3766,MER46,Groceries & Supermarkets,Bank UPI (Direct),"?8,110.16",Success,8/29/2026 20:32,?0.00
962,TXN2026100961,USR3024,MER30,Groceries & Supermarkets,Bank UPI (Direct),"?3,502.56",Success,8/4/2026 7:41,?0.00
963,TXN2026100962,USR1225,MER40,Travel & Hospitality,PPI Wallet UPI,"?14,044.88",Success,9/7/2026 15:14,?154.49
964,TXN2026100963,USR3551,MER44,Groceries & Supermarkets,PPI Wallet UPI,"?1,359.44",Success,9/5/2026 14:15,?0.00
965,TXN2026100964,USR1069,MER23,Groceries & Supermarkets,Bank UPI (Direct),"?7,824.33",Success,8/19/2026 16:55,?0.00
966,TXN2026100965,USR3553,MER13,Electronics & Gadgets,Bank UPI (Direct),"?13,502.80",Failed,8/13/2026 12:24,?0.00
967,TXN2026100966,USR1979,MER23,Electronics & Gadgets,Bank UPI (Direct),?904.69,Success,8/17/2026 21:37,?0.00
968,TXN2026100967,USR2632,MER13,Food & Dining,PPI Wallet UPI,"?1,382.29",Success,9/14/2026 5:43,?0.00
969,TXN2026100968,USR2201,MER16,Electronics & Gadgets,PPI Wallet UPI,"?9,546.53",Success,8/2/2026 4:48,?105.01
970,TXN2026100969,USR4089,MER31,Groceries & Supermarkets,PPI Wallet UPI,"?7,494.75",Success,8/30/2026 17:02,?82.44
971,TXN2026100970,USR1001,MER40,Groceries & Supermarkets,Bank UPI (Direct),"?5,325.82",Success,9/13/2026 4:38,?0.00
972,TXN2026100971,USR2839,MER36,Travel & Hospitality,Bank UPI (Direct),"?12,795.54",Success,8/11/2026 2:37,?0.00
973,TXN2026100972,USR2000,MER18,Groceries & Supermarkets,Bank UPI (Direct),"?1,175.86",Success,8/14/2026 17:28,?0.00
974,TXN2026100973,USR3664,MER12,Food & Dining,Bank UPI (Direct),"?9,025.48",Success,8/28/2026 10:09,?0.00
975,TXN2026100974,USR2275,MER27,Electronics & Gadgets,Credit Card on UPI,"?8,927.58",Success,8/6/2026 19:18,?0.00
976,TXN2026100975,USR4360,MER48,Food & Dining,Bank UPI (Direct),"?9,030.59",Success,9/1/2026 1:18,?0.00
977,TXN2026100976,USR1441,MER17,Electronics & Gadgets,PPI Wallet UPI,"?12,718.47",Success,8/8/2026 11:19,?139.90
978,TXN2026100977,USR2519,MER10,Electronics & Gadgets,Bank UPI (Direct),"?5,007.92",Success,9/4/2026 8:43,?0.00
979,TXN2026100978,USR2266,MER27,Groceries & Supermarkets,PPI Wallet UPI,"?2,467.10",Success,8/19/2026 22:01,?27.14
980,TXN2026100979,USR2050,MER33,Electronics & Gadgets,Bank UPI (Direct),"?9,685.93",Failed,9/3/2026 3:07,?0.00
981,TXN2026100980,USR2643,MER45,Electronics & Gadgets,PPI Wallet UPI,"?8,349.49",Success,8/12/2026 8:39,?91.84
982,TXN2026100981,USR3342,MER16,Groceries & Supermarkets,Bank UPI (Direct),"?2,196.11",Success,8/24/2026 0:17,?0.00
983,TXN2026100982,USR2138,MER24,Groceries & Supermarkets,Credit Card on UPI,"?6,900.19",Success,8/18/2026 3:54,?0.00
984,TXN2026100983,USR4670,MER33,Groceries & Supermarkets,Bank UPI (Direct),"?13,107.81",Success,8/19/2026 17:23,?0.00
985,TXN2026100984,USR2687,MER15,Groceries & Supermarkets,PPI Wallet UPI,"?6,003.57",Success,8/6/2026 19:51,?66.04
986,TXN2026100985,USR1012,MER10,Groceries & Supermarkets,PPI Wallet UPI,"?11,927.51",Failed,8/24/2026 8:32,?0.00
987,TXN2026100986,USR2477,MER27,Groceries & Supermarkets,Bank UPI (Direct),"?8,887.19",Success,9/14/2026 3:35,?0.00
988,TXN2026100987,USR4622,MER40,Food & Dining,Bank UPI (Direct),"?9,553.92",Failed,8/26/2026 1:09,?0.00
989,TXN2026100988,USR3380,MER19,Electronics & Gadgets,Bank UPI (Direct),"?7,006.71",Success,8/10/2026 11:46,?0.00
990,TXN2026100989,USR4113,MER18,Travel & Hospitality,PPI Wallet UPI,"?7,969.52",Success,8/23/2026 5:06,?87.66
991,TXN2026100990,USR4960,MER44,Food & Dining,Bank UPI (Direct),"?5,662.81",Success,8/9/2026 14:08,?0.00
992,TXN2026100991,USR1210,MER38,Groceries & Supermarkets,Bank UPI (Direct),"?3,419.56",Success,8/2/2026 8:47,?0.00
993,TXN2026100992,USR1876,MER35,Food & Dining,Credit Card on UPI,?600.15,Success,8/6/2026 13:48,?0.00
994,TXN2026100993,USR2755,MER41,Electronics & Gadgets,Bank UPI (Direct),"?5,150.20",Success,9/11/2026 20:06,?0.00
995,TXN2026100994,USR3575,MER14,Travel & Hospitality,PPI Wallet UPI,"?14,510.35",Success,8/9/2026 21:49,?159.61
996,TXN2026100995,USR3271,MER41,Groceries & Supermarkets,Bank UPI (Direct),"?7,232.65",Success,8/21/2026 15:33,?0.00
997,TXN2026100996,USR4184,MER26,Travel & Hospitality,Bank UPI (Direct),"?6,216.11",Success,8/25/2026 8:30,?0.00
998,TXN2026100997,USR1454,MER49,Electronics & Gadgets,Bank UPI (Direct),"?10,155.24",Success,8/5/2026 2:06,?0.00
999,TXN2026100998,USR1634,MER32,Groceries & Supermarkets,Credit Card on UPI,"?10,085.06",Success,8/11/2026 1:50,?0.00
1000,TXN2026100999,USR2891,MER33,Groceries & Supermarkets,Bank UPI (Direct),"?8,823.70",Success,8/19/2026 23:14,?0.00
1001,TXN2026101000,USR4828,MER19,Groceries & Supermarkets,Bank UPI (Direct),"?6,658.02",Success,8/30/2026 13:08,?0.00
1002,TXN2026101001,USR2675,MER17,Groceries & Supermarkets,Credit Card on UPI,"?8,417.02",Success,8/12/2026 22:36,?0.00
1003,TXN2026101002,USR3081,MER23,Travel & Hospitality,Bank UPI (Direct),"?11,441.36",Success,8/23/2026 5:49,?0.00
1004,TXN2026101003,USR3191,MER48,Groceries & Supermarkets,Credit Card on UPI,"?12,216.42",Success,8/30/2026 15:24,?0.00
1005,TXN2026101004,USR4875,MER14,Groceries & Supermarkets,Bank UPI (Direct),"?4,268.07",Success,8/28/2026 6:53,?0.00
1006,TXN2026101005,USR3128,MER36,Food & Dining,PPI Wallet UPI,"?11,630.78",Success,8/8/2026 10:28,?127.94
1007,TXN2026101006,USR1918,MER35,Electronics & Gadgets,PPI Wallet UPI,"?10,050.19",Success,9/1/2026 11:19,?110.55
1008,TXN2026101007,USR1184,MER32,Travel & Hospitality,PPI Wallet UPI,"?8,765.80",Success,8/11/2026 5:50,?96.42
1009,TXN2026101008,USR1904,MER38,Travel & Hospitality,Bank UPI (Direct),"?12,182.87",Success,9/14/2026 10:16,?0.00
1010,TXN2026101009,USR4682,MER34,Food & Dining,PPI Wallet UPI,"?14,986.92",Success,9/1/2026 19:56,?164.86
1011,TXN2026101010,USR3897,MER10,Groceries & Supermarkets,Bank UPI (Direct),"?2,278.05",Success,8/8/2026 15:50,?0.00
1012,TXN2026101011,USR3337,MER28,Groceries & Supermarkets,Bank UPI (Direct),"?5,237.19",Success,8/22/2026 19:57,?0.00
1013,TXN2026101012,USR3028,MER19,Groceries & Supermarkets,PPI Wallet UPI,"?1,649.76",Success,9/6/2026 6:13,?0.00
1014,TXN2026101013,USR1518,MER44,Food & Dining,PPI Wallet UPI,"?2,295.78",Success,9/12/2026 20:46,?25.25
1015,TXN2026101014,USR1096,MER27,Food & Dining,Bank UPI (Direct),"?1,611.05",Success,8/8/2026 3:13,?0.00
1016,TXN2026101015,USR1920,MER32,Groceries & Supermarkets,Bank UPI (Direct),"?2,851.58",Success,8/30/2026 9:36,?0.00
1017,TXN2026101016,USR4308,MER12,Groceries & Supermarkets,PPI Wallet UPI,"?5,375.84",Failed,8/2/2026 5:59,?0.00
1018,TXN2026101017,USR1324,MER42,Groceries & Supermarkets,PPI Wallet UPI,"?6,051.64",Success,8/23/2026 9:31,?66.57
1019,TXN2026101018,USR4032,MER10,Groceries & Supermarkets,Bank UPI (Direct),"?7,173.95",Success,8/24/2026 18:03,?0.00
1020,TXN2026101019,USR4114,MER25,Electronics & Gadgets,Credit Card on UPI,"?9,428.44",Success,8/27/2026 12:38,?0.00
1021,TXN2026101020,USR1487,MER27,Groceries & Supermarkets,PPI Wallet UPI,?253.85,Success,9/3/2026 10:03,?0.00
1022,TXN2026101021,USR3971,MER24,Travel & Hospitality,Bank UPI (Direct),"?6,291.20",Success,8/6/2026 17:57,?0.00
1023,TXN2026101022,USR1149,MER26,Food & Dining,Bank UPI (Direct),"?11,117.71",Pending,9/13/2026 1:28,?0.00
1024,TXN2026101023,USR1196,MER49,Groceries & Supermarkets,Credit Card on UPI,?828.27,Success,8/11/2026 19:18,?0.00
1025,TXN2026101024,USR3973,MER12,Electronics & Gadgets,Credit Card on UPI,"?1,290.95",Success,8/22/2026 21:14,?0.00
1026,TXN2026101025,USR3318,MER48,Groceries & Supermarkets,Bank UPI (Direct),"?4,697.35",Success,9/4/2026 0:27,?0.00
1027,TXN2026101026,USR3567,MER30,Electronics & Gadgets,PPI Wallet UPI,"?1,876.51",Success,8/16/2026 21:11,?0.00
1028,TXN2026101027,USR1850,MER15,Food & Dining,Credit Card on UPI,"?12,884.86",Success,8/1/2026 19:29,?0.00
1029,TXN2026101028,USR1960,MER31,Groceries & Supermarkets,PPI Wallet UPI,"?10,279.67",Success,8/13/2026 22:28,?113.08
1030,TXN2026101029,USR4876,MER16,Electronics & Gadgets,Bank UPI (Direct),"?7,923.75",Success,8/7/2026 3:53,?0.00
1031,TXN2026101030,USR2244,MER44,Electronics & Gadgets,PPI Wallet UPI,"?4,067.73",Success,8/17/2026 15:38,?44.75
1032,TXN2026101031,USR2223,MER12,Groceries & Supermarkets,Bank UPI (Direct),?183.10,Success,9/7/2026 13:52,?0.00
1033,TXN2026101032,USR3101,MER46,Groceries & Supermarkets,PPI Wallet UPI,"?8,162.90",Success,8/9/2026 4:08,?89.79
1034,TXN2026101033,USR3813,MER19,Groceries & Supermarkets,Bank UPI (Direct),"?5,380.64",Success,9/6/2026 13:41,?0.00
1035,TXN2026101034,USR4035,MER16,Travel & Hospitality,Bank UPI (Direct),"?14,240.80",Failed,9/6/2026 5:18,?0.00
1036,TXN2026101035,USR4776,MER48,Electronics & Gadgets,Bank UPI (Direct),"?6,523.86",Success,8/15/2026 5:38,?0.00
1037,TXN2026101036,USR4986,MER18,Travel & Hospitality,PPI Wallet UPI,"?8,547.86",Success,9/14/2026 17:10,?94.03
1038,TXN2026101037,USR1700,MER16,Groceries & Supermarkets,Credit Card on UPI,"?13,455.25",Success,8/4/2026 11:19,?0.00
1039,TXN2026101038,USR3828,MER31,Groceries & Supermarkets,Bank UPI (Direct),"?12,170.58",Success,8/28/2026 11:52,?0.00
1040,TXN2026101039,USR4507,MER38,Food & Dining,Bank UPI (Direct),"?5,487.35",Success,8/23/2026 16:20,?0.00
1041,TXN2026101040,USR2006,MER26,Groceries & Supermarkets,Bank UPI (Direct),"?6,198.74",Pending,8/7/2026 13:53,?0.00
1042,TXN2026101041,USR1309,MER47,Groceries & Supermarkets,Bank UPI (Direct),"?1,013.01",Success,8/11/2026 7:16,?0.00
1043,TXN2026101042,USR3569,MER47,Travel & Hospitality,PPI Wallet UPI,"?14,079.60",Success,8/29/2026 11:17,?154.88
1044,TXN2026101043,USR1238,MER42,Groceries & Supermarkets,Bank UPI (Direct),"?13,809.82",Success,8/20/2026 19:55,?0.00
1045,TXN2026101044,USR2576,MER24,Food & Dining,Credit Card on UPI,"?12,390.11",Success,9/7/2026 7:04,?0.00
1046,TXN2026101045,USR2161,MER38,Travel & Hospitality,Bank UPI (Direct),"?1,604.18",Success,8/22/2026 2:57,?0.00
1047,TXN2026101046,USR1868,MER10,Groceries & Supermarkets,Bank UPI (Direct),"?12,681.68",Success,8/18/2026 2:33,?0.00
1048,TXN2026101047,USR4457,MER45,Groceries & Supermarkets,Credit Card on UPI,"?3,887.76",Success,8/17/2026 23:24,?0.00
1049,TXN2026101048,USR2436,MER33,Electronics & Gadgets,Bank UPI (Direct),"?5,036.08",Success,9/2/2026 22:10,?0.00
1050,TXN2026101049,USR3436,MER43,Food & Dining,PPI Wallet UPI,?279.58,Success,9/15/2026 13:42,?0.00
1051,TXN2026101050,USR4611,MER10,Food & Dining,Credit Card on UPI,"?2,204.09",Success,8/10/2026 0:55,?0.00
1052,TXN2026101051,USR4022,MER30,Groceries & Supermarkets,Bank UPI (Direct),"?13,008.94",Success,8/31/2026 0:57,?0.00
1053,TXN2026101052,USR1829,MER27,Groceries & Supermarkets,Credit Card on UPI,"?11,633.51",Success,9/7/2026 19:09,?0.00
1054,TXN2026101053,USR1196,MER41,Food & Dining,Bank UPI (Direct),"?11,065.24",Success,8/3/2026 0:12,?0.00
1055,TXN2026101054,USR2248,MER23,Groceries & Supermarkets,Credit Card on UPI,"?8,937.07",Success,8/23/2026 15:28,?0.00
1056,TXN2026101055,USR4573,MER36,Groceries & Supermarkets,Bank UPI (Direct),"?5,638.02",Success,9/9/2026 23:47,?0.00
1057,TXN2026101056,USR4550,MER22,Travel & Hospitality,PPI Wallet UPI,"?9,117.47",Success,9/11/2026 13:41,?100.29
1058,TXN2026101057,USR2766,MER31,Groceries & Supermarkets,Bank UPI (Direct),"?8,876.76",Success,8/8/2026 23:16,?0.00
1059,TXN2026101058,USR4666,MER19,Travel & Hospitality,PPI Wallet UPI,"?13,357.58",Success,9/12/2026 5:23,?146.93
1060,TXN2026101059,USR4920,MER32,Travel & Hospitality,Credit Card on UPI,"?2,938.00",Success,8/31/2026 7:02,?0.00
1061,TXN2026101060,USR1808,MER34,Groceries & Supermarkets,PPI Wallet UPI,"?13,648.52",Success,8/7/2026 12:37,?150.13
1062,TXN2026101061,USR3526,MER18,Food & Dining,PPI Wallet UPI,"?7,381.51",Success,8/9/2026 9:21,?81.20
1063,TXN2026101062,USR4164,MER17,Travel & Hospitality,PPI Wallet UPI,"?13,210.16",Success,8/5/2026 18:40,?145.31
1064,TXN2026101063,USR4911,MER49,Travel & Hospitality,Credit Card on UPI,"?7,862.73",Success,9/9/2026 10:52,?0.00
1065,TXN2026101064,USR1403,MER23,Electronics & Gadgets,Bank UPI (Direct),?723.84,Success,8/7/2026 0:51,?0.00
1066,TXN2026101065,USR2521,MER37,Food & Dining,PPI Wallet UPI,"?11,403.75",Success,8/16/2026 6:11,?125.44
1067,TXN2026101066,USR4780,MER25,Electronics & Gadgets,Bank UPI (Direct),"?7,848.38",Success,9/11/2026 1:12,?0.00
1068,TXN2026101067,USR1391,MER27,Travel & Hospitality,PPI Wallet UPI,?300.95,Success,9/9/2026 8:31,?0.00
1069,TXN2026101068,USR1857,MER44,Food & Dining,PPI Wallet UPI,"?3,276.52",Success,8/22/2026 0:47,?36.04
1070,TXN2026101069,USR1309,MER24,Food & Dining,PPI Wallet UPI,"?9,622.05",Success,8/6/2026 7:11,?105.84
1071,TXN2026101070,USR1805,MER38,Travel & Hospitality,PPI Wallet UPI,"?2,547.72",Failed,8/13/2026 9:12,?0.00
1072,TXN2026101071,USR1775,MER48,Groceries & Supermarkets,Bank UPI (Direct),"?12,533.85",Success,8/5/2026 8:35,?0.00
1073,TXN2026101072,USR3403,MER14,Groceries & Supermarkets,Bank UPI (Direct),"?6,035.35",Success,9/13/2026 22:40,?0.00
1074,TXN2026101073,USR2424,MER18,Groceries & Supermarkets,Bank UPI (Direct),"?6,176.63",Success,8/20/2026 20:45,?0.00
1075,TXN2026101074,USR4229,MER37,Travel & Hospitality,PPI Wallet UPI,"?5,748.24",Success,8/5/2026 16:50,?63.23
1076,TXN2026101075,USR4532,MER42,Electronics & Gadgets,Bank UPI (Direct),"?5,936.43",Success,9/11/2026 4:27,?0.00
1077,TXN2026101076,USR3431,MER47,Electronics & Gadgets,PPI Wallet UPI,"?4,385.84",Success,8/8/2026 17:27,?48.24
1078,TXN2026101077,USR4498,MER24,Food & Dining,PPI Wallet UPI,"?7,928.38",Success,9/2/2026 21:08,?87.21
1079,TXN2026101078,USR1813,MER22,Groceries & Supermarkets,Bank UPI (Direct),"?8,767.24",Success,9/15/2026 23:46,?0.00
1080,TXN2026101079,USR4964,MER40,Electronics & Gadgets,Bank UPI (Direct),"?8,534.41",Success,9/12/2026 3:15,?0.00
1081,TXN2026101080,USR3337,MER36,Food & Dining,Bank UPI (Direct),"?8,360.55",Success,9/8/2026 4:59,?0.00
1082,TXN2026101081,USR1966,MER10,Groceries & Supermarkets,Bank UPI (Direct),"?13,530.35",Success,8/15/2026 2:07,?0.00
1083,TXN2026101082,USR1476,MER32,Groceries & Supermarkets,Bank UPI (Direct),"?6,378.05",Success,9/1/2026 10:17,?0.00
1084,TXN2026101083,USR1526,MER31,Electronics & Gadgets,Bank UPI (Direct),"?6,978.78",Success,9/8/2026 22:47,?0.00
1085,TXN2026101084,USR2147,MER40,Groceries & Supermarkets,Credit Card on UPI,"?9,484.55",Success,8/17/2026 19:06,?0.00
1086,TXN2026101085,USR4972,MER26,Groceries & Supermarkets,Credit Card on UPI,"?14,505.54",Success,8/14/2026 14:08,?0.00
1087,TXN2026101086,USR3122,MER16,Groceries & Supermarkets,Bank UPI (Direct),"?8,544.61",Success,9/15/2026 13:12,?0.00
1088,TXN2026101087,USR1667,MER16,Travel & Hospitality,Bank UPI (Direct),"?6,105.89",Success,8/29/2026 3:14,?0.00
1089,TXN2026101088,USR3319,MER19,Groceries & Supermarkets,PPI Wallet UPI,"?9,802.68",Success,8/30/2026 12:50,?107.83
1090,TXN2026101089,USR1693,MER45,Groceries & Supermarkets,PPI Wallet UPI,"?6,597.91",Success,8/29/2026 17:07,?72.58
1091,TXN2026101090,USR2724,MER24,Groceries & Supermarkets,Bank UPI (Direct),?77.77,Success,9/13/2026 5:53,?0.00
1092,TXN2026101091,USR2282,MER41,Food & Dining,Bank UPI (Direct),"?10,156.40",Success,9/5/2026 23:18,?0.00
1093,TXN2026101092,USR3190,MER36,Travel & Hospitality,PPI Wallet UPI,"?7,726.40",Success,8/12/2026 2:56,?84.99
1094,TXN2026101093,USR1625,MER40,Travel & Hospitality,Bank UPI (Direct),"?6,623.88",Success,8/8/2026 19:05,?0.00
1095,TXN2026101094,USR1735,MER42,Groceries & Supermarkets,Bank UPI (Direct),"?6,112.86",Success,8/3/2026 17:12,?0.00
1096,TXN2026101095,USR1039,MER46,Food & Dining,PPI Wallet UPI,"?12,876.66",Success,8/3/2026 20:09,?141.64
1097,TXN2026101096,USR2918,MER18,Electronics & Gadgets,Bank UPI (Direct),?48.16,Success,8/2/2026 2:14,?0.00
1098,TXN2026101097,USR2504,MER33,Groceries & Supermarkets,Bank UPI (Direct),"?11,117.35",Success,8/26/2026 8:14,?0.00
1099,TXN2026101098,USR1834,MER49,Food & Dining,Bank UPI (Direct),?493.76,Success,8/8/2026 19:14,?0.00
1100,TXN2026101099,USR2222,MER32,Food & Dining,Bank UPI (Direct),"?14,577.23",Success,8/9/2026 10:36,?0.00
1101,TXN2026101100,USR1882,MER33,Groceries & Supermarkets,PPI Wallet UPI,"?10,535.85",Success,8/15/2026 16:17,?115.89
1102,TXN2026101101,USR1653,MER36,Electronics & Gadgets,Credit Card on UPI,"?13,798.04",Success,8/11/2026 2:18,?0.00
1103,TXN2026101102,USR3622,MER29,Groceries & Supermarkets,Bank UPI (Direct),"?5,072.20",Success,8/3/2026 5:08,?0.00
1104,TXN2026101103,USR1507,MER21,Food & Dining,PPI Wallet UPI,?922.90,Success,8/23/2026 13:27,?0.00
1105,TXN2026101104,USR3571,MER41,Electronics & Gadgets,PPI Wallet UPI,"?5,642.69",Success,8/3/2026 1:15,?62.07
1106,TXN2026101105,USR2331,MER13,Travel & Hospitality,Bank UPI (Direct),"?3,842.35",Success,8/18/2026 21:29,?0.00
1107,TXN2026101106,USR3703,MER14,Travel & Hospitality,Bank UPI (Direct),"?6,309.85",Success,9/4/2026 21:47,?0.00
1108,TXN2026101107,USR3895,MER33,Travel & Hospitality,Bank UPI (Direct),"?2,855.48",Success,8/22/2026 12:45,?0.00
1109,TXN2026101108,USR4717,MER15,Groceries & Supermarkets,Bank UPI (Direct),"?4,850.65",Success,9/8/2026 11:56,?0.00
1110,TXN2026101109,USR1499,MER35,Groceries & Supermarkets,Bank UPI (Direct),"?7,075.77",Success,8/11/2026 11:04,?0.00
1111,TXN2026101110,USR2419,MER12,Groceries & Supermarkets,Bank UPI (Direct),"?13,778.52",Success,8/4/2026 2:42,?0.00
1112,TXN2026101111,USR4543,MER47,Electronics & Gadgets,Credit Card on UPI,"?6,070.89",Success,9/11/2026 4:07,?0.00
1113,TXN2026101112,USR3238,MER50,Food & Dining,Bank UPI (Direct),"?10,460.73",Success,8/1/2026 4:27,?0.00
1114,TXN2026101113,USR2453,MER26,Groceries & Supermarkets,Credit Card on UPI,"?3,372.92",Success,9/5/2026 13:09,?0.00
1115,TXN2026101114,USR1375,MER43,Food & Dining,PPI Wallet UPI,"?5,332.18",Failed,8/18/2026 17:42,?0.00
1116,TXN2026101115,USR3254,MER46,Groceries & Supermarkets,Credit Card on UPI,"?12,064.41",Success,8/5/2026 8:06,?0.00
1117,TXN2026101116,USR1341,MER11,Electronics & Gadgets,Bank UPI (Direct),"?4,618.02",Success,8/18/2026 19:35,?0.00
1118,TXN2026101117,USR4055,MER39,Groceries & Supermarkets,PPI Wallet UPI,"?2,671.80",Success,9/12/2026 16:41,?29.39
1119,TXN2026101118,USR2520,MER30,Electronics & Gadgets,PPI Wallet UPI,"?6,783.72",Failed,9/8/2026 12:43,?0.00
1120,TXN2026101119,USR4732,MER50,Groceries & Supermarkets,Bank UPI (Direct),"?1,004.70",Success,9/4/2026 7:57,?0.00
1121,TXN2026101120,USR3291,MER38,Groceries & Supermarkets,Bank UPI (Direct),"?5,758.67",Success,9/1/2026 0:36,?0.00
1122,TXN2026101121,USR2414,MER36,Food & Dining,Bank UPI (Direct),"?9,616.82",Failed,8/28/2026 21:02,?0.00
1123,TXN2026101122,USR1283,MER49,Food & Dining,PPI Wallet UPI,"?13,922.53",Success,8/21/2026 23:21,?153.15
1124,TXN2026101123,USR2605,MER38,Electronics & Gadgets,Bank UPI (Direct),"?3,309.52",Success,8/21/2026 0:05,?0.00
1125,TXN2026101124,USR4866,MER45,Food & Dining,PPI Wallet UPI,"?5,381.69",Success,8/7/2026 11:01,?59.20
1126,TXN2026101125,USR2160,MER41,Groceries & Supermarkets,PPI Wallet UPI,"?14,016.65",Success,9/3/2026 13:13,?154.18
1127,TXN2026101126,USR3774,MER39,Groceries & Supermarkets,PPI Wallet UPI,?137.22,Success,8/12/2026 1:42,?0.00
1128,TXN2026101127,USR3050,MER24,Groceries & Supermarkets,Bank UPI (Direct),"?11,622.92",Success,9/6/2026 5:39,?0.00
1129,TXN2026101128,USR4920,MER28,Travel & Hospitality,Bank UPI (Direct),"?11,422.07",Failed,8/11/2026 5:46,?0.00
1130,TXN2026101129,USR2749,MER37,Food & Dining,PPI Wallet UPI,"?8,867.59",Failed,9/12/2026 18:12,?0.00
1131,TXN2026101130,USR1816,MER44,Groceries & Supermarkets,Bank UPI (Direct),"?1,338.77",Failed,8/25/2026 4:40,?0.00
1132,TXN2026101131,USR2290,MER32,Groceries & Supermarkets,PPI Wallet UPI,"?12,789.13",Success,8/26/2026 15:56,?140.68
1133,TXN2026101132,USR1304,MER19,Travel & Hospitality,Bank UPI (Direct),"?9,754.55",Success,9/3/2026 10:40,?0.00
1134,TXN2026101133,USR4051,MER43,Groceries & Supermarkets,Bank UPI (Direct),"?10,403.97",Success,8/16/2026 15:16,?0.00
1135,TXN2026101134,USR3707,MER39,Travel & Hospitality,PPI Wallet UPI,"?14,014.82",Success,8/11/2026 12:42,?154.16
1136,TXN2026101135,USR3770,MER26,Travel & Hospitality,Bank UPI (Direct),"?9,174.81",Success,8/3/2026 18:51,?0.00
1137,TXN2026101136,USR2314,MER43,Groceries & Supermarkets,PPI Wallet UPI,"?3,420.43",Success,9/4/2026 13:33,?37.62
1138,TXN2026101137,USR2587,MER38,Groceries & Supermarkets,PPI Wallet UPI,"?4,117.49",Success,9/4/2026 14:34,?45.29
1139,TXN2026101138,USR2367,MER48,Groceries & Supermarkets,PPI Wallet UPI,"?4,199.53",Success,8/11/2026 18:28,?46.19
1140,TXN2026101139,USR3173,MER27,Electronics & Gadgets,Bank UPI (Direct),"?4,271.95",Success,9/6/2026 9:41,?0.00
1141,TXN2026101140,USR2109,MER26,Groceries & Supermarkets,PPI Wallet UPI,"?2,400.84",Success,8/19/2026 23:30,?26.41
1142,TXN2026101141,USR1677,MER31,Groceries & Supermarkets,Bank UPI (Direct),"?8,744.87",Success,9/5/2026 16:17,?0.00
1143,TXN2026101142,USR3169,MER27,Electronics & Gadgets,Bank UPI (Direct),"?6,962.33",Success,8/21/2026 0:12,?0.00
1144,TXN2026101143,USR2725,MER18,Food & Dining,PPI Wallet UPI,"?6,068.69",Success,8/29/2026 19:01,?66.76
1145,TXN2026101144,USR3194,MER27,Groceries & Supermarkets,PPI Wallet UPI,"?5,350.13",Success,8/17/2026 2:42,?58.85
1146,TXN2026101145,USR1834,MER18,Food & Dining,Bank UPI (Direct),"?6,004.76",Success,9/2/2026 19:36,?0.00
1147,TXN2026101146,USR4223,MER17,Food & Dining,Bank UPI (Direct),"?14,484.53",Success,8/10/2026 9:02,?0.00
1148,TXN2026101147,USR1246,MER30,Travel & Hospitality,Credit Card on UPI,"?10,594.07",Success,9/14/2026 0:40,?0.00
1149,TXN2026101148,USR1359,MER26,Travel & Hospitality,Credit Card on UPI,"?1,307.64",Success,9/14/2026 20:07,?0.00
1150,TXN2026101149,USR4746,MER15,Electronics & Gadgets,PPI Wallet UPI,"?12,498.20",Success,8/6/2026 22:27,?137.48
1151,TXN2026101150,USR3808,MER13,Travel & Hospitality,PPI Wallet UPI,"?11,123.63",Success,9/13/2026 6:26,?122.36
1152,TXN2026101151,USR4458,MER40,Food & Dining,PPI Wallet UPI,"?6,040.11",Success,9/14/2026 21:22,?66.44
1153,TXN2026101152,USR4561,MER31,Travel & Hospitality,Bank UPI (Direct),"?3,041.61",Success,8/5/2026 18:16,?0.00
1154,TXN2026101153,USR4002,MER45,Food & Dining,Bank UPI (Direct),"?12,918.84",Success,8/21/2026 17:31,?0.00
1155,TXN2026101154,USR2437,MER25,Food & Dining,Credit Card on UPI,"?8,778.48",Success,8/30/2026 17:45,?0.00
1156,TXN2026101155,USR1551,MER36,Electronics & Gadgets,Bank UPI (Direct),"?14,790.89",Success,8/11/2026 20:07,?0.00
1157,TXN2026101156,USR3510,MER33,Groceries & Supermarkets,Bank UPI (Direct),"?12,927.84",Success,9/4/2026 12:54,?0.00
1158,TXN2026101157,USR2132,MER23,Food & Dining,Bank UPI (Direct),"?10,696.95",Success,8/18/2026 12:14,?0.00
1159,TXN2026101158,USR4916,MER11,Food & Dining,Credit Card on UPI,"?4,661.62",Success,8/10/2026 19:15,?0.00
1160,TXN2026101159,USR3552,MER17,Electronics & Gadgets,Bank UPI (Direct),"?8,913.34",Success,8/23/2026 6:57,?0.00
1161,TXN2026101160,USR2871,MER25,Electronics & Gadgets,Bank UPI (Direct),"?7,702.76",Success,8/27/2026 11:23,?0.00
1162,TXN2026101161,USR3992,MER42,Groceries & Supermarkets,PPI Wallet UPI,"?9,149.83",Success,8/21/2026 5:53,?100.65
1163,TXN2026101162,USR3800,MER18,Travel & Hospitality,Bank UPI (Direct),"?6,468.79",Success,8/17/2026 5:44,?0.00
1164,TXN2026101163,USR1003,MER34,Groceries & Supermarkets,PPI Wallet UPI,"?12,286.72",Success,9/7/2026 21:43,?135.15
1165,TXN2026101164,USR4862,MER36,Electronics & Gadgets,Bank UPI (Direct),"?13,203.98",Success,8/25/2026 13:08,?0.00
1166,TXN2026101165,USR2678,MER22,Food & Dining,PPI Wallet UPI,"?8,173.38",Success,8/21/2026 1:50,?89.91
1167,TXN2026101166,USR3863,MER24,Travel & Hospitality,PPI Wallet UPI,"?1,641.06",Success,8/13/2026 4:22,?0.00
1168,TXN2026101167,USR4878,MER32,Food & Dining,PPI Wallet UPI,"?7,448.68",Failed,9/2/2026 18:06,?0.00
1169,TXN2026101168,USR1774,MER35,Food & Dining,Bank UPI (Direct),"?5,130.53",Success,8/23/2026 19:20,?0.00
1170,TXN2026101169,USR2967,MER22,Travel & Hospitality,Credit Card on UPI,"?11,134.65",Success,9/2/2026 21:09,?0.00
1171,TXN2026101170,USR2547,MER43,Travel & Hospitality,PPI Wallet UPI,"?13,286.88",Success,8/31/2026 18:37,?146.16
1172,TXN2026101171,USR3982,MER13,Electronics & Gadgets,Credit Card on UPI,"?10,098.23",Success,8/13/2026 4:27,?0.00
1173,TXN2026101172,USR3494,MER29,Groceries & Supermarkets,Bank UPI (Direct),"?8,809.86",Failed,8/11/2026 12:40,?0.00
1174,TXN2026101173,USR1007,MER50,Groceries & Supermarkets,Credit Card on UPI,"?7,668.40",Success,8/13/2026 9:11,?0.00
1175,TXN2026101174,USR2413,MER25,Groceries & Supermarkets,Credit Card on UPI,"?14,896.23",Success,8/14/2026 12:05,?0.00
1176,TXN2026101175,USR4721,MER46,Travel & Hospitality,PPI Wallet UPI,"?3,568.24",Success,8/19/2026 4:20,?39.25
1177,TXN2026101176,USR3029,MER28,Electronics & Gadgets,PPI Wallet UPI,"?1,705.94",Success,8/1/2026 14:14,?0.00
1178,TXN2026101177,USR2774,MER40,Food & Dining,PPI Wallet UPI,"?6,102.62",Success,9/10/2026 18:59,?67.13
1179,TXN2026101178,USR1786,MER50,Food & Dining,Bank UPI (Direct),"?13,373.65",Success,9/3/2026 16:16,?0.00
1180,TXN2026101179,USR2919,MER44,Electronics & Gadgets,PPI Wallet UPI,"?11,716.58",Success,8/1/2026 12:51,?128.88
1181,TXN2026101180,USR3472,MER44,Groceries & Supermarkets,Bank UPI (Direct),"?2,068.70",Success,9/15/2026 13:00,?0.00
1182,TXN2026101181,USR2301,MER20,Electronics & Gadgets,PPI Wallet UPI,"?2,259.48",Success,8/5/2026 13:00,?24.85
1183,TXN2026101182,USR1149,MER20,Groceries & Supermarkets,Credit Card on UPI,"?9,512.80",Success,8/10/2026 2:18,?0.00
1184,TXN2026101183,USR2887,MER49,Groceries & Supermarkets,PPI Wallet UPI,"?2,359.24",Success,8/21/2026 17:58,?25.95
1185,TXN2026101184,USR3999,MER29,Groceries & Supermarkets,Bank UPI (Direct),"?2,563.75",Success,8/25/2026 16:33,?0.00
1186,TXN2026101185,USR4075,MER14,Groceries & Supermarkets,Bank UPI (Direct),"?1,724.95",Success,9/1/2026 4:36,?0.00
1187,TXN2026101186,USR2138,MER31,Travel & Hospitality,PPI Wallet UPI,"?10,344.43",Success,8/28/2026 19:28,?113.79
1188,TXN2026101187,USR4375,MER17,Groceries & Supermarkets,PPI Wallet UPI,"?7,237.11",Success,9/10/2026 6:30,?79.61
1189,TXN2026101188,USR1196,MER39,Groceries & Supermarkets,Bank UPI (Direct),"?2,657.73",Success,8/20/2026 23:29,?0.00
1190,TXN2026101189,USR3070,MER17,Groceries & Supermarkets,Bank UPI (Direct),"?5,536.50",Success,8/1/2026 11:20,?0.00
1191,TXN2026101190,USR2450,MER35,Groceries & Supermarkets,Bank UPI (Direct),"?2,943.63",Success,8/13/2026 22:09,?0.00
1192,TXN2026101191,USR4664,MER24,Groceries & Supermarkets,PPI Wallet UPI,"?6,615.73",Success,8/23/2026 10:47,?72.77
1193,TXN2026101192,USR2088,MER47,Groceries & Supermarkets,Bank UPI (Direct),"?7,901.58",Pending,9/8/2026 7:54,?0.00
1194,TXN2026101193,USR2595,MER12,Groceries & Supermarkets,PPI Wallet UPI,"?7,170.65",Success,8/14/2026 0:29,?78.88
1195,TXN2026101194,USR4048,MER32,Travel & Hospitality,Bank UPI (Direct),"?3,344.19",Success,9/9/2026 5:26,?0.00
1196,TXN2026101195,USR1657,MER16,Food & Dining,Bank UPI (Direct),"?4,667.09",Success,9/13/2026 9:56,?0.00
1197,TXN2026101196,USR2209,MER32,Food & Dining,Bank UPI (Direct),"?3,881.95",Success,8/14/2026 7:28,?0.00
1198,TXN2026101197,USR4032,MER36,Groceries & Supermarkets,Bank UPI (Direct),"?7,315.44",Success,9/2/2026 3:29,?0.00
1199,TXN2026101198,USR2382,MER47,Groceries & Supermarkets,Bank UPI (Direct),"?3,876.89",Success,9/4/2026 2:02,?0.00
1200,TXN2026101199,USR1218,MER40,Food & Dining,PPI Wallet UPI,"?3,324.03",Success,8/29/2026 3:48,?36.56
1201,TXN2026101200,USR3947,MER13,Travel & Hospitality,Bank UPI (Direct),"?6,882.70",Success,8/17/2026 21:38,?0.00
1202,TXN2026101201,USR2084,MER17,Groceries & Supermarkets,Bank UPI (Direct),?43.83,Success,9/12/2026 20:05,?0.00
1203,TXN2026101202,USR2063,MER46,Groceries & Supermarkets,Bank UPI (Direct),"?3,456.08",Success,8/9/2026 19:16,?0.00
1204,TXN2026101203,USR1400,MER41,Groceries & Supermarkets,Credit Card on UPI,"?5,487.22",Success,9/11/2026 11:30,?0.00
1205,TXN2026101204,USR3681,MER48,Travel & Hospitality,PPI Wallet UPI,"?7,489.90",Success,9/6/2026 17:07,?82.39
1206,TXN2026101205,USR1221,MER32,Travel & Hospitality,Bank UPI (Direct),"?10,168.43",Success,8/19/2026 6:36,?0.00
1207,TXN2026101206,USR2664,MER37,Groceries & Supermarkets,Bank UPI (Direct),"?8,469.72",Success,8/28/2026 18:34,?0.00
1208,TXN2026101207,USR3479,MER21,Food & Dining,Bank UPI (Direct),"?1,369.59",Success,9/7/2026 21:56,?0.00
1209,TXN2026101208,USR3372,MER49,Electronics & Gadgets,Bank UPI (Direct),"?12,038.15",Success,9/1/2026 5:43,?0.00
1210,TXN2026101209,USR4117,MER46,Groceries & Supermarkets,PPI Wallet UPI,"?7,639.51",Success,8/10/2026 14:19,?84.03
1211,TXN2026101210,USR3389,MER38,Groceries & Supermarkets,Credit Card on UPI,"?12,797.78",Success,8/24/2026 17:39,?0.00
1212,TXN2026101211,USR4712,MER17,Groceries & Supermarkets,Bank UPI (Direct),"?13,852.99",Success,8/8/2026 17:11,?0.00
1213,TXN2026101212,USR4160,MER12,Groceries & Supermarkets,Bank UPI (Direct),"?2,927.31",Success,8/29/2026 0:08,?0.00
1214,TXN2026101213,USR3230,MER36,Food & Dining,PPI Wallet UPI,"?14,309.52",Success,8/1/2026 20:47,?157.40
1215,TXN2026101214,USR2714,MER35,Food & Dining,PPI Wallet UPI,"?11,810.39",Success,8/16/2026 22:57,?129.91
1216,TXN2026101215,USR1283,MER22,Groceries & Supermarkets,Bank UPI (Direct),"?9,360.41",Success,8/19/2026 9:57,?0.00
1217,TXN2026101216,USR4353,MER44,Electronics & Gadgets,Bank UPI (Direct),"?2,632.97",Success,8/5/2026 23:51,?0.00
1218,TXN2026101217,USR2563,MER23,Electronics & Gadgets,Bank UPI (Direct),"?4,756.08",Success,8/28/2026 23:57,?0.00
1219,TXN2026101218,USR3563,MER35,Food & Dining,Credit Card on UPI,"?3,237.99",Success,9/6/2026 12:25,?0.00
1220,TXN2026101219,USR1687,MER49,Electronics & Gadgets,Credit Card on UPI,"?9,781.51",Success,9/10/2026 2:09,?0.00
1221,TXN2026101220,USR3426,MER31,Travel & Hospitality,Bank UPI (Direct),"?10,880.66",Success,8/18/2026 12:51,?0.00
1222,TXN2026101221,USR3698,MER50,Electronics & Gadgets,Bank UPI (Direct),?67.12,Success,8/13/2026 9:50,?0.00
1223,TXN2026101222,USR2830,MER34,Travel & Hospitality,PPI Wallet UPI,"?9,397.07",Success,9/14/2026 4:41,?103.37
1224,TXN2026101223,USR3838,MER22,Groceries & Supermarkets,PPI Wallet UPI,"?9,939.25",Success,8/25/2026 18:18,?109.33
1225,TXN2026101224,USR1995,MER27,Groceries & Supermarkets,PPI Wallet UPI,"?2,166.33",Success,8/2/2026 19:46,?23.83
1226,TXN2026101225,USR1851,MER39,Food & Dining,Bank UPI (Direct),?343.93,Success,8/5/2026 13:26,?0.00
1227,TXN2026101226,USR1717,MER39,Groceries & Supermarkets,Bank UPI (Direct),"?14,363.73",Success,8/4/2026 11:26,?0.00
1228,TXN2026101227,USR2340,MER30,Food & Dining,PPI Wallet UPI,"?3,897.91",Success,8/11/2026 11:42,?42.88
1229,TXN2026101228,USR4130,MER48,Electronics & Gadgets,Bank UPI (Direct),"?9,036.65",Success,9/9/2026 13:37,?0.00
1230,TXN2026101229,USR3176,MER12,Groceries & Supermarkets,Credit Card on UPI,"?10,252.87",Success,8/31/2026 16:07,?0.00
1231,TXN2026101230,USR2524,MER44,Travel & Hospitality,PPI Wallet UPI,"?6,550.74",Success,8/18/2026 10:04,?72.06
1232,TXN2026101231,USR3047,MER14,Electronics & Gadgets,PPI Wallet UPI,"?3,565.81",Success,8/25/2026 4:03,?39.22
1233,TXN2026101232,USR2951,MER21,Food & Dining,Bank UPI (Direct),"?7,486.60",Success,8/11/2026 1:18,?0.00
1234,TXN2026101233,USR4189,MER36,Groceries & Supermarkets,PPI Wallet UPI,"?3,903.43",Success,9/7/2026 8:47,?42.94
1235,TXN2026101234,USR3453,MER22,Groceries & Supermarkets,Bank UPI (Direct),"?6,261.69",Success,8/14/2026 21:23,?0.00
1236,TXN2026101235,USR2567,MER23,Food & Dining,Bank UPI (Direct),"?14,918.03",Success,9/2/2026 1:23,?0.00
1237,TXN2026101236,USR1452,MER42,Food & Dining,PPI Wallet UPI,"?8,758.28",Success,8/1/2026 14:07,?96.34
1238,TXN2026101237,USR4490,MER48,Groceries & Supermarkets,Credit Card on UPI,"?5,044.44",Success,9/15/2026 15:14,?0.00
1239,TXN2026101238,USR3729,MER31,Groceries & Supermarkets,PPI Wallet UPI,"?2,607.51",Success,8/28/2026 2:18,?28.68
1240,TXN2026101239,USR4740,MER39,Electronics & Gadgets,Credit Card on UPI,"?14,165.47",Success,8/13/2026 7:17,?0.00
1241,TXN2026101240,USR4733,MER10,Food & Dining,Bank UPI (Direct),"?2,675.08",Success,8/26/2026 8:39,?0.00
1242,TXN2026101241,USR4552,MER10,Groceries & Supermarkets,Bank UPI (Direct),"?11,677.64",Success,8/5/2026 4:45,?0.00
1243,TXN2026101242,USR2128,MER10,Electronics & Gadgets,PPI Wallet UPI,"?10,750.13",Success,8/11/2026 3:05,?118.25
1244,TXN2026101243,USR1752,MER38,Groceries & Supermarkets,Bank UPI (Direct),"?4,481.47",Success,8/15/2026 17:10,?0.00
1245,TXN2026101244,USR1641,MER32,Groceries & Supermarkets,PPI Wallet UPI,?866.88,Success,8/5/2026 3:38,?0.00
1246,TXN2026101245,USR3819,MER25,Electronics & Gadgets,Bank UPI (Direct),"?12,322.04",Success,8/10/2026 14:06,?0.00
1247,TXN2026101246,USR2856,MER38,Travel & Hospitality,Bank UPI (Direct),"?9,742.54",Success,8/25/2026 2:11,?0.00
1248,TXN2026101247,USR4309,MER21,Groceries & Supermarkets,Credit Card on UPI,"?14,843.93",Success,8/16/2026 7:01,?0.00
1249,TXN2026101248,USR1832,MER35,Groceries & Supermarkets,Bank UPI (Direct),"?13,194.22",Success,9/2/2026 9:08,?0.00
1250,TXN2026101249,USR3209,MER25,Groceries & Supermarkets,Bank UPI (Direct),"?1,828.32",Success,9/4/2026 6:51,?0.00
1251,TXN2026101250,USR1191,MER45,Groceries & Supermarkets,PPI Wallet UPI,"?8,618.61",Success,8/11/2026 11:11,?94.80
1252,TXN2026101251,USR4062,MER30,Electronics & Gadgets,Bank UPI (Direct),"?9,233.19",Success,9/11/2026 14:52,?0.00
1253,TXN2026101252,USR3961,MER33,Groceries & Supermarkets,Credit Card on UPI,"?9,868.82",Success,8/24/2026 4:23,?0.00
1254,TXN2026101253,USR3018,MER32,Groceries & Supermarkets,PPI Wallet UPI,"?6,450.91",Success,9/12/2026 10:00,?70.96
1255,TXN2026101254,USR4547,MER46,Travel & Hospitality,PPI Wallet UPI,?234.65,Success,8/3/2026 18:11,?0.00
1256,TXN2026101255,USR1113,MER49,Electronics & Gadgets,PPI Wallet UPI,"?11,506.83",Success,8/8/2026 19:25,?126.58
1257,TXN2026101256,USR1989,MER10,Groceries & Supermarkets,PPI Wallet UPI,"?13,471.28",Success,8/24/2026 11:52,?148.18
1258,TXN2026101257,USR3440,MER15,Groceries & Supermarkets,Bank UPI (Direct),"?11,392.11",Success,8/6/2026 1:46,?0.00
1259,TXN2026101258,USR1990,MER41,Electronics & Gadgets,PPI Wallet UPI,"?7,609.22",Success,8/12/2026 14:02,?83.70
1260,TXN2026101259,USR3265,MER45,Food & Dining,Bank UPI (Direct),"?4,300.92",Success,8/5/2026 11:52,?0.00
1261,TXN2026101260,USR1020,MER44,Groceries & Supermarkets,Bank UPI (Direct),"?2,195.09",Success,9/6/2026 5:52,?0.00
1262,TXN2026101261,USR2128,MER48,Food & Dining,PPI Wallet UPI,?226.97,Success,8/29/2026 1:09,?0.00
1263,TXN2026101262,USR3728,MER35,Food & Dining,PPI Wallet UPI,"?12,653.55",Success,8/4/2026 3:03,?139.19
1264,TXN2026101263,USR4985,MER41,Groceries & Supermarkets,Bank UPI (Direct),"?1,296.62",Success,8/8/2026 6:50,?0.00
1265,TXN2026101264,USR1955,MER29,Groceries & Supermarkets,PPI Wallet UPI,"?8,801.75",Success,8/17/2026 15:55,?96.82
1266,TXN2026101265,USR1838,MER28,Electronics & Gadgets,PPI Wallet UPI,"?7,756.90",Success,9/5/2026 14:28,?85.33
1267,TXN2026101266,USR3049,MER33,Groceries & Supermarkets,Bank UPI (Direct),"?13,890.55",Success,8/13/2026 11:32,?0.00
1268,TXN2026101267,USR1840,MER25,Groceries & Supermarkets,Credit Card on UPI,"?2,198.27",Success,8/31/2026 2:05,?0.00
1269,TXN2026101268,USR4993,MER49,Food & Dining,Credit Card on UPI,"?7,905.09",Success,9/7/2026 10:06,?0.00
1270,TXN2026101269,USR2340,MER30,Electronics & Gadgets,Bank UPI (Direct),"?6,028.81",Success,8/7/2026 12:23,?0.00
1271,TXN2026101270,USR2518,MER28,Travel & Hospitality,Bank UPI (Direct),"?1,239.49",Success,9/11/2026 8:36,?0.00
1272,TXN2026101271,USR2234,MER14,Food & Dining,Bank UPI (Direct),"?5,650.82",Success,8/28/2026 23:06,?0.00
1273,TXN2026101272,USR3329,MER43,Groceries & Supermarkets,Bank UPI (Direct),"?9,576.18",Success,9/3/2026 0:01,?0.00
1274,TXN2026101273,USR1689,MER28,Groceries & Supermarkets,PPI Wallet UPI,"?9,317.61",Failed,9/8/2026 22:38,?0.00
1275,TXN2026101274,USR3885,MER14,Groceries & Supermarkets,Bank UPI (Direct),"?11,364.45",Success,8/8/2026 18:26,?0.00
1276,TXN2026101275,USR4308,MER26,Groceries & Supermarkets,Bank UPI (Direct),"?1,286.78",Success,8/28/2026 8:47,?0.00
1277,TXN2026101276,USR1728,MER40,Groceries & Supermarkets,Bank UPI (Direct),"?6,900.53",Success,8/23/2026 20:40,?0.00
1278,TXN2026101277,USR4530,MER13,Food & Dining,Credit Card on UPI,"?7,228.15",Success,8/14/2026 13:32,?0.00
1279,TXN2026101278,USR2281,MER30,Electronics & Gadgets,PPI Wallet UPI,"?12,712.37",Success,9/4/2026 23:47,?139.84
1280,TXN2026101279,USR4235,MER17,Electronics & Gadgets,Credit Card on UPI,"?10,680.74",Success,9/3/2026 1:11,?0.00
1281,TXN2026101280,USR4311,MER31,Food & Dining,Bank UPI (Direct),"?6,462.23",Pending,8/16/2026 20:40,?0.00
1282,TXN2026101281,USR3423,MER16,Food & Dining,Credit Card on UPI,"?9,987.92",Success,9/11/2026 0:49,?0.00
1283,TXN2026101282,USR3691,MER28,Groceries & Supermarkets,Bank UPI (Direct),"?10,483.00",Success,8/25/2026 9:47,?0.00
1284,TXN2026101283,USR3114,MER28,Electronics & Gadgets,Credit Card on UPI,"?6,356.02",Success,8/22/2026 12:21,?0.00
1285,TXN2026101284,USR2474,MER25,Electronics & Gadgets,Bank UPI (Direct),"?10,880.87",Success,8/13/2026 4:24,?0.00
1286,TXN2026101285,USR4753,MER10,Travel & Hospitality,Bank UPI (Direct),"?11,917.79",Success,9/7/2026 17:06,?0.00
1287,TXN2026101286,USR4816,MER17,Groceries & Supermarkets,Bank UPI (Direct),"?1,409.30",Success,8/9/2026 14:22,?0.00
1288,TXN2026101287,USR2377,MER40,Food & Dining,Credit Card on UPI,"?13,412.93",Success,8/3/2026 4:06,?0.00
1289,TXN2026101288,USR3333,MER48,Food & Dining,PPI Wallet UPI,"?14,898.00",Success,8/24/2026 16:39,?163.88
1290,TXN2026101289,USR4515,MER44,Groceries & Supermarkets,Bank UPI (Direct),"?9,674.46",Failed,9/15/2026 3:54,?0.00
1291,TXN2026101290,USR2812,MER38,Food & Dining,PPI Wallet UPI,?635.35,Success,9/6/2026 18:14,?0.00
1292,TXN2026101291,USR3810,MER15,Groceries & Supermarkets,Bank UPI (Direct),"?1,088.65",Success,9/5/2026 23:24,?0.00
1293,TXN2026101292,USR2843,MER19,Travel & Hospitality,Credit Card on UPI,"?4,700.59",Success,8/1/2026 7:05,?0.00
1294,TXN2026101293,USR2712,MER37,Electronics & Gadgets,PPI Wallet UPI,"?6,889.45",Success,9/7/2026 14:20,?75.78
1295,TXN2026101294,USR2457,MER31,Groceries & Supermarkets,Bank UPI (Direct),"?14,855.18",Success,8/15/2026 2:17,?0.00
1296,TXN2026101295,USR4083,MER27,Groceries & Supermarkets,Credit Card on UPI,"?14,874.31",Pending,8/4/2026 16:40,?0.00
1297,TXN2026101296,USR2150,MER36,Groceries & Supermarkets,PPI Wallet UPI,"?12,441.15",Success,8/5/2026 8:29,?136.85
1298,TXN2026101297,USR4139,MER11,Travel & Hospitality,Bank UPI (Direct),"?2,785.07",Success,9/4/2026 7:32,?0.00
1299,TXN2026101298,USR2641,MER29,Groceries & Supermarkets,Credit Card on UPI,"?8,831.83",Success,9/15/2026 13:08,?0.00
1300,TXN2026101299,USR1516,MER36,Groceries & Supermarkets,Bank UPI (Direct),"?9,208.06",Success,8/9/2026 23:07,?0.00
1301,TXN2026101300,USR4311,MER16,Groceries & Supermarkets,Bank UPI (Direct),"?14,468.82",Success,8/28/2026 19:11,?0.00
1302,TXN2026101301,USR1148,MER33,Groceries & Supermarkets,Bank UPI (Direct),"?9,738.64",Success,9/7/2026 1:00,?0.00
1303,TXN2026101302,USR4815,MER42,Travel & Hospitality,Bank UPI (Direct),"?12,809.34",Success,8/17/2026 15:50,?0.00
1304,TXN2026101303,USR2845,MER20,Groceries & Supermarkets,PPI Wallet UPI,"?6,576.72",Success,9/15/2026 8:55,?72.34
1305,TXN2026101304,USR2556,MER48,Electronics & Gadgets,Bank UPI (Direct),"?9,036.67",Success,9/13/2026 7:24,?0.00
1306,TXN2026101305,USR1548,MER46,Food & Dining,PPI Wallet UPI,"?11,003.64",Success,9/15/2026 3:28,?121.04
1307,TXN2026101306,USR1614,MER50,Groceries & Supermarkets,Bank UPI (Direct),"?8,709.25",Success,8/16/2026 9:59,?0.00
1308,TXN2026101307,USR4805,MER47,Groceries & Supermarkets,PPI Wallet UPI,"?14,424.29",Success,9/4/2026 12:46,?158.67
1309,TXN2026101308,USR4612,MER25,Groceries & Supermarkets,PPI Wallet UPI,"?1,866.40",Success,9/13/2026 19:50,?0.00
1310,TXN2026101309,USR2925,MER16,Groceries & Supermarkets,Bank UPI (Direct),"?13,847.20",Failed,9/7/2026 12:35,?0.00
1311,TXN2026101310,USR1474,MER17,Electronics & Gadgets,Bank UPI (Direct),"?14,834.22",Success,8/2/2026 7:11,?0.00
1312,TXN2026101311,USR1512,MER13,Groceries & Supermarkets,Bank UPI (Direct),"?1,727.14",Success,8/29/2026 4:45,?0.00
1313,TXN2026101312,USR4271,MER29,Travel & Hospitality,PPI Wallet UPI,"?13,992.61",Success,8/24/2026 17:40,?153.92
1314,TXN2026101313,USR1670,MER45,Groceries & Supermarkets,Bank UPI (Direct),"?2,873.11",Success,9/12/2026 9:02,?0.00
1315,TXN2026101314,USR3004,MER28,Travel & Hospitality,PPI Wallet UPI,?68.77,Failed,8/24/2026 10:26,?0.00
1316,TXN2026101315,USR2463,MER25,Groceries & Supermarkets,Bank UPI (Direct),"?5,455.41",Success,8/17/2026 14:34,?0.00
1317,TXN2026101316,USR1462,MER46,Groceries & Supermarkets,PPI Wallet UPI,"?13,380.30",Success,8/13/2026 7:49,?147.18
1318,TXN2026101317,USR4867,MER16,Groceries & Supermarkets,Bank UPI (Direct),"?7,719.30",Success,8/2/2026 13:22,?0.00
1319,TXN2026101318,USR3297,MER25,Food & Dining,PPI Wallet UPI,"?13,793.25",Success,8/15/2026 5:13,?151.73
1320,TXN2026101319,USR3494,MER43,Groceries & Supermarkets,PPI Wallet UPI,"?11,252.16",Success,8/5/2026 8:01,?123.77
1321,TXN2026101320,USR1144,MER36,Groceries & Supermarkets,PPI Wallet UPI,"?12,048.31",Success,9/10/2026 11:34,?132.53
1322,TXN2026101321,USR2152,MER32,Food & Dining,PPI Wallet UPI,"?5,829.20",Success,8/9/2026 8:22,?64.12
1323,TXN2026101322,USR4672,MER45,Food & Dining,PPI Wallet UPI,"?13,166.74",Success,8/20/2026 11:16,?144.83
1324,TXN2026101323,USR2527,MER31,Groceries & Supermarkets,PPI Wallet UPI,"?6,855.27",Success,8/22/2026 13:45,?75.41
1325,TXN2026101324,USR1707,MER14,Electronics & Gadgets,PPI Wallet UPI,?648.57,Success,8/15/2026 10:53,?0.00
1326,TXN2026101325,USR2412,MER46,Food & Dining,Bank UPI (Direct),?754.50,Success,8/5/2026 6:17,?0.00
1327,TXN2026101326,USR3643,MER30,Groceries & Supermarkets,Credit Card on UPI,"?10,402.24",Success,9/14/2026 5:08,?0.00
1328,TXN2026101327,USR3038,MER45,Groceries & Supermarkets,PPI Wallet UPI,"?10,356.56",Success,9/10/2026 18:25,?113.92
1329,TXN2026101328,USR1406,MER23,Food & Dining,Bank UPI (Direct),"?10,562.10",Success,8/8/2026 20:39,?0.00
1330,TXN2026101329,USR1385,MER21,Electronics & Gadgets,PPI Wallet UPI,"?8,088.87",Success,8/28/2026 2:55,?88.98
1331,TXN2026101330,USR1082,MER11,Travel & Hospitality,Credit Card on UPI,"?5,834.59",Success,8/28/2026 9:38,?0.00
1332,TXN2026101331,USR2359,MER39,Groceries & Supermarkets,Bank UPI (Direct),"?8,408.14",Success,9/3/2026 7:14,?0.00
1333,TXN2026101332,USR1627,MER41,Groceries & Supermarkets,Bank UPI (Direct),"?4,235.01",Success,9/13/2026 0:16,?0.00
1334,TXN2026101333,USR4201,MER28,Food & Dining,PPI Wallet UPI,"?10,196.14",Success,8/2/2026 10:47,?112.16
1335,TXN2026101334,USR4993,MER12,Groceries & Supermarkets,PPI Wallet UPI,"?2,518.74",Success,8/24/2026 10:34,?27.71
1336,TXN2026101335,USR1616,MER21,Food & Dining,Bank UPI (Direct),"?11,407.62",Success,8/4/2026 18:03,?0.00
1337,TXN2026101336,USR2744,MER19,Groceries & Supermarkets,Bank UPI (Direct),?310.82,Success,8/5/2026 2:11,?0.00
1338,TXN2026101337,USR2956,MER48,Groceries & Supermarkets,Bank UPI (Direct),"?9,229.17",Success,8/2/2026 9:37,?0.00
1339,TXN2026101338,USR2067,MER15,Travel & Hospitality,PPI Wallet UPI,"?1,382.17",Success,8/26/2026 18:55,?0.00
1340,TXN2026101339,USR1195,MER32,Electronics & Gadgets,Credit Card on UPI,"?8,798.66",Success,8/24/2026 22:57,?0.00
1341,TXN2026101340,USR3016,MER19,Food & Dining,PPI Wallet UPI,"?8,267.64",Success,8/22/2026 19:05,?90.94
1342,TXN2026101341,USR4042,MER29,Groceries & Supermarkets,Bank UPI (Direct),"?8,533.35",Success,9/10/2026 23:19,?0.00
1343,TXN2026101342,USR1599,MER11,Groceries & Supermarkets,PPI Wallet UPI,"?14,955.84",Success,8/27/2026 1:14,?164.51
1344,TXN2026101343,USR1003,MER18,Travel & Hospitality,PPI Wallet UPI,"?13,576.83",Success,9/15/2026 4:44,?149.35
1345,TXN2026101344,USR4801,MER27,Food & Dining,PPI Wallet UPI,"?10,833.75",Success,8/2/2026 0:04,?119.17
1346,TXN2026101345,USR1158,MER39,Travel & Hospitality,PPI Wallet UPI,"?8,810.83",Success,9/9/2026 9:19,?96.92
1347,TXN2026101346,USR4569,MER38,Travel & Hospitality,Bank UPI (Direct),"?6,706.04",Success,8/22/2026 13:13,?0.00
1348,TXN2026101347,USR2569,MER50,Food & Dining,PPI Wallet UPI,"?3,340.35",Success,9/3/2026 1:26,?36.74
1349,TXN2026101348,USR2408,MER26,Groceries & Supermarkets,Bank UPI (Direct),"?8,674.46",Success,8/15/2026 6:19,?0.00
1350,TXN2026101349,USR3846,MER18,Groceries & Supermarkets,Bank UPI (Direct),"?8,805.03",Success,8/17/2026 5:37,?0.00
1351,TXN2026101350,USR1379,MER29,Food & Dining,PPI Wallet UPI,"?14,028.26",Success,8/22/2026 15:24,?154.31
1352,TXN2026101351,USR1574,MER28,Food & Dining,Bank UPI (Direct),"?9,742.21",Success,8/5/2026 2:49,?0.00
1353,TXN2026101352,USR3096,MER31,Electronics & Gadgets,Bank UPI (Direct),"?14,963.62",Success,8/10/2026 15:23,?0.00
1354,TXN2026101353,USR1860,MER43,Electronics & Gadgets,Bank UPI (Direct),"?1,621.76",Success,8/28/2026 11:06,?0.00
1355,TXN2026101354,USR2519,MER33,Groceries & Supermarkets,Bank UPI (Direct),"?9,101.38",Success,8/3/2026 13:30,?0.00
1356,TXN2026101355,USR1425,MER38,Groceries & Supermarkets,Bank UPI (Direct),"?8,498.90",Success,9/8/2026 10:32,?0.00
1357,TXN2026101356,USR1554,MER17,Travel & Hospitality,PPI Wallet UPI,"?14,529.99",Success,8/15/2026 21:55,?159.83
1358,TXN2026101357,USR4358,MER39,Travel & Hospitality,Bank UPI (Direct),"?1,625.44",Success,9/7/2026 11:18,?0.00
1359,TXN2026101358,USR1041,MER45,Groceries & Supermarkets,Bank UPI (Direct),"?14,015.21",Failed,8/21/2026 20:19,?0.00
1360,TXN2026101359,USR3759,MER28,Groceries & Supermarkets,Bank UPI (Direct),"?10,512.10",Success,8/25/2026 6:57,?0.00
1361,TXN2026101360,USR1563,MER37,Electronics & Gadgets,PPI Wallet UPI,"?9,412.42",Success,8/27/2026 2:51,?103.54
1362,TXN2026101361,USR2383,MER24,Groceries & Supermarkets,PPI Wallet UPI,"?3,014.59",Success,8/30/2026 14:33,?33.16
1363,TXN2026101362,USR4188,MER18,Electronics & Gadgets,PPI Wallet UPI,"?7,094.69",Success,8/22/2026 16:50,?78.04
1364,TXN2026101363,USR4959,MER42,Groceries & Supermarkets,PPI Wallet UPI,"?6,411.20",Failed,8/24/2026 1:15,?0.00
1365,TXN2026101364,USR1285,MER30,Food & Dining,Bank UPI (Direct),"?6,515.23",Success,8/5/2026 7:15,?0.00
1366,TXN2026101365,USR2899,MER23,Electronics & Gadgets,Credit Card on UPI,"?14,415.90",Success,8/2/2026 1:29,?0.00
1367,TXN2026101366,USR2132,MER36,Groceries & Supermarkets,Credit Card on UPI,"?6,649.49",Success,9/12/2026 15:25,?0.00
1368,TXN2026101367,USR2894,MER16,Electronics & Gadgets,PPI Wallet UPI,"?1,794.13",Success,8/1/2026 16:20,?0.00
1369,TXN2026101368,USR1790,MER17,Travel & Hospitality,Bank UPI (Direct),"?4,925.41",Success,8/27/2026 19:19,?0.00
1370,TXN2026101369,USR3520,MER23,Electronics & Gadgets,Bank UPI (Direct),"?13,185.65",Success,8/9/2026 1:24,?0.00
1371,TXN2026101370,USR3613,MER31,Food & Dining,PPI Wallet UPI,"?4,377.05",Success,8/13/2026 5:04,?48.15
1372,TXN2026101371,USR3150,MER21,Electronics & Gadgets,Credit Card on UPI,"?4,458.40",Success,8/25/2026 7:17,?0.00
1373,TXN2026101372,USR3361,MER20,Groceries & Supermarkets,Bank UPI (Direct),"?2,221.14",Success,8/8/2026 22:22,?0.00
1374,TXN2026101373,USR4311,MER21,Food & Dining,PPI Wallet UPI,"?7,809.14",Success,8/21/2026 17:48,?85.90
1375,TXN2026101374,USR2667,MER36,Electronics & Gadgets,Bank UPI (Direct),"?8,450.95",Success,9/11/2026 13:31,?0.00
1376,TXN2026101375,USR1432,MER33,Groceries & Supermarkets,Bank UPI (Direct),"?9,477.23",Success,8/12/2026 12:02,?0.00
1377,TXN2026101376,USR1712,MER43,Groceries & Supermarkets,Bank UPI (Direct),"?13,434.01",Success,8/6/2026 0:32,?0.00
1378,TXN2026101377,USR3399,MER46,Groceries & Supermarkets,PPI Wallet UPI,"?14,227.22",Success,8/12/2026 22:24,?156.50
1379,TXN2026101378,USR2030,MER13,Groceries & Supermarkets,Bank UPI (Direct),?994.98,Success,8/28/2026 20:41,?0.00
1380,TXN2026101379,USR4498,MER31,Groceries & Supermarkets,Bank UPI (Direct),"?8,780.96",Success,8/26/2026 21:56,?0.00
1381,TXN2026101380,USR2485,MER47,Food & Dining,Bank UPI (Direct),"?6,486.50",Success,8/6/2026 19:17,?0.00
1382,TXN2026101381,USR1182,MER28,Travel & Hospitality,Bank UPI (Direct),"?7,757.88",Success,9/12/2026 18:12,?0.00
1383,TXN2026101382,USR3752,MER25,Groceries & Supermarkets,PPI Wallet UPI,"?11,623.04",Success,9/7/2026 10:11,?127.85
1384,TXN2026101383,USR2049,MER48,Electronics & Gadgets,PPI Wallet UPI,"?7,641.81",Success,8/13/2026 19:49,?84.06
1385,TXN2026101384,USR1071,MER47,Travel & Hospitality,Bank UPI (Direct),"?1,761.23",Success,9/12/2026 19:01,?0.00
1386,TXN2026101385,USR3048,MER49,Groceries & Supermarkets,Bank UPI (Direct),"?10,587.88",Success,8/28/2026 17:54,?0.00
1387,TXN2026101386,USR2437,MER18,Groceries & Supermarkets,Credit Card on UPI,"?4,431.95",Success,8/20/2026 0:43,?0.00
1388,TXN2026101387,USR4175,MER17,Electronics & Gadgets,PPI Wallet UPI,"?14,091.34",Success,8/10/2026 9:51,?155.00
1389,TXN2026101388,USR1166,MER40,Food & Dining,Bank UPI (Direct),"?14,003.16",Success,9/15/2026 9:33,?0.00
1390,TXN2026101389,USR3245,MER32,Groceries & Supermarkets,PPI Wallet UPI,"?3,127.79",Success,9/14/2026 11:23,?34.41
1391,TXN2026101390,USR2523,MER32,Groceries & Supermarkets,Bank UPI (Direct),"?9,197.94",Success,9/15/2026 7:44,?0.00
1392,TXN2026101391,USR3867,MER43,Electronics & Gadgets,PPI Wallet UPI,"?6,848.78",Success,8/20/2026 20:06,?75.34
1393,TXN2026101392,USR4911,MER43,Groceries & Supermarkets,Bank UPI (Direct),"?12,304.00",Success,9/8/2026 7:03,?0.00
1394,TXN2026101393,USR1789,MER11,Groceries & Supermarkets,Credit Card on UPI,"?6,502.40",Success,8/10/2026 2:03,?0.00
1395,TXN2026101394,USR3607,MER48,Groceries & Supermarkets,PPI Wallet UPI,"?1,448.33",Success,9/13/2026 17:09,?0.00
1396,TXN2026101395,USR2595,MER26,Food & Dining,Bank UPI (Direct),?834.89,Success,8/11/2026 12:48,?0.00
1397,TXN2026101396,USR4535,MER47,Groceries & Supermarkets,PPI Wallet UPI,"?8,625.81",Success,8/8/2026 9:18,?94.88
1398,TXN2026101397,USR2073,MER11,Travel & Hospitality,PPI Wallet UPI,"?13,811.56",Success,8/19/2026 23:23,?151.93
1399,TXN2026101398,USR3736,MER21,Groceries & Supermarkets,PPI Wallet UPI,"?2,846.87",Success,8/24/2026 12:40,?31.32
1400,TXN2026101399,USR3528,MER13,Food & Dining,PPI Wallet UPI,"?7,917.52",Success,8/2/2026 16:24,?87.09
1401,TXN2026101400,USR4401,MER10,Electronics & Gadgets,Bank UPI (Direct),"?5,571.16",Success,9/12/2026 13:22,?0.00
1402,TXN2026101401,USR2481,MER48,Groceries & Supermarkets,Bank UPI (Direct),"?11,778.03",Success,9/7/2026 13:33,?0.00
1403,TXN2026101402,USR1490,MER30,Groceries & Supermarkets,PPI Wallet UPI,"?3,427.70",Success,9/8/2026 21:39,?37.70
1404,TXN2026101403,USR3738,MER36,Food & Dining,PPI Wallet UPI,"?2,127.96",Success,8/15/2026 6:55,?23.41
1405,TXN2026101404,USR1274,MER48,Groceries & Supermarkets,Bank UPI (Direct),"?11,845.90",Success,9/5/2026 19:16,?0.00
1406,TXN2026101405,USR3692,MER19,Groceries & Supermarkets,Credit Card on UPI,"?7,281.40",Success,8/13/2026 6:42,?0.00
1407,TXN2026101406,USR2853,MER10,Groceries & Supermarkets,Bank UPI (Direct),"?12,808.22",Success,9/15/2026 3:00,?0.00
1408,TXN2026101407,USR4950,MER23,Groceries & Supermarkets,PPI Wallet UPI,"?14,410.49",Success,9/7/2026 2:31,?158.52
1409,TXN2026101408,USR3689,MER39,Travel & Hospitality,Bank UPI (Direct),?437.60,Success,9/13/2026 0:22,?0.00
1410,TXN2026101409,USR2224,MER40,Electronics & Gadgets,PPI Wallet UPI,"?4,709.41",Success,8/21/2026 14:59,?51.80
1411,TXN2026101410,USR1614,MER20,Travel & Hospitality,Bank UPI (Direct),"?1,172.93",Success,9/11/2026 6:22,?0.00
1412,TXN2026101411,USR3684,MER50,Electronics & Gadgets,Credit Card on UPI,"?14,014.24",Success,8/18/2026 0:34,?0.00
1413,TXN2026101412,USR2820,MER48,Groceries & Supermarkets,Bank UPI (Direct),"?8,216.76",Success,8/20/2026 1:58,?0.00
1414,TXN2026101413,USR4000,MER36,Electronics & Gadgets,Bank UPI (Direct),"?2,734.13",Failed,9/8/2026 10:38,?0.00
1415,TXN2026101414,USR1117,MER16,Food & Dining,PPI Wallet UPI,"?3,911.48",Success,9/14/2026 22:58,?43.03
1416,TXN2026101415,USR1879,MER25,Groceries & Supermarkets,Bank UPI (Direct),"?10,588.12",Success,8/26/2026 11:26,?0.00
1417,TXN2026101416,USR3250,MER45,Food & Dining,PPI Wallet UPI,"?12,620.77",Success,8/29/2026 0:31,?138.83
1418,TXN2026101417,USR3585,MER14,Travel & Hospitality,Bank UPI (Direct),"?12,158.78",Success,8/1/2026 11:13,?0.00
1419,TXN2026101418,USR2874,MER32,Food & Dining,PPI Wallet UPI,"?7,720.62",Failed,8/15/2026 20:13,?0.00
1420,TXN2026101419,USR1924,MER23,Food & Dining,Bank UPI (Direct),"?13,942.06",Success,9/10/2026 21:28,?0.00
1421,TXN2026101420,USR1835,MER30,Electronics & Gadgets,PPI Wallet UPI,"?8,612.18",Success,8/3/2026 16:14,?94.73
1422,TXN2026101421,USR3015,MER27,Food & Dining,Bank UPI (Direct),"?5,329.00",Success,8/4/2026 8:05,?0.00
1423,TXN2026101422,USR3201,MER38,Groceries & Supermarkets,Bank UPI (Direct),"?1,232.99",Success,8/20/2026 9:07,?0.00
1424,TXN2026101423,USR2076,MER16,Food & Dining,PPI Wallet UPI,"?10,269.40",Success,8/4/2026 19:34,?112.96
1425,TXN2026101424,USR4664,MER48,Groceries & Supermarkets,Bank UPI (Direct),"?1,548.19",Success,9/8/2026 4:32,?0.00
1426,TXN2026101425,USR1223,MER15,Groceries & Supermarkets,Bank UPI (Direct),"?2,130.17",Success,8/8/2026 21:38,?0.00
1427,TXN2026101426,USR3560,MER46,Food & Dining,PPI Wallet UPI,"?9,756.28",Success,9/1/2026 15:38,?107.32
1428,TXN2026101427,USR2066,MER18,Electronics & Gadgets,Bank UPI (Direct),?271.81,Success,9/1/2026 9:07,?0.00
1429,TXN2026101428,USR2997,MER32,Groceries & Supermarkets,Bank UPI (Direct),"?10,062.80",Success,8/4/2026 7:05,?0.00
1430,TXN2026101429,USR4340,MER31,Food & Dining,PPI Wallet UPI,"?14,873.41",Success,8/19/2026 13:42,?163.61
1431,TXN2026101430,USR4875,MER19,Groceries & Supermarkets,Bank UPI (Direct),"?8,784.35",Success,8/16/2026 15:05,?0.00
1432,TXN2026101431,USR4998,MER41,Electronics & Gadgets,Bank UPI (Direct),"?9,871.39",Success,8/2/2026 18:06,?0.00
1433,TXN2026101432,USR2506,MER39,Groceries & Supermarkets,Bank UPI (Direct),"?10,495.36",Success,9/5/2026 7:56,?0.00
1434,TXN2026101433,USR2252,MER30,Groceries & Supermarkets,Bank UPI (Direct),"?3,791.79",Success,9/8/2026 2:21,?0.00
1435,TXN2026101434,USR2302,MER47,Electronics & Gadgets,PPI Wallet UPI,"?14,064.29",Success,8/11/2026 21:23,?154.71
1436,TXN2026101435,USR3395,MER33,Groceries & Supermarkets,Bank UPI (Direct),"?10,069.45",Pending,8/12/2026 0:21,?0.00
1437,TXN2026101436,USR4728,MER11,Electronics & Gadgets,Bank UPI (Direct),"?14,854.85",Success,8/8/2026 13:55,?0.00
1438,TXN2026101437,USR2147,MER49,Electronics & Gadgets,Bank UPI (Direct),"?8,002.00",Success,8/1/2026 22:37,?0.00
1439,TXN2026101438,USR1780,MER40,Groceries & Supermarkets,Bank UPI (Direct),"?11,049.07",Success,8/27/2026 8:07,?0.00
1440,TXN2026101439,USR1883,MER40,Groceries & Supermarkets,Bank UPI (Direct),"?9,389.71",Success,8/2/2026 4:10,?0.00
1441,TXN2026101440,USR1725,MER16,Food & Dining,Bank UPI (Direct),"?2,449.46",Success,9/3/2026 6:46,?0.00
1442,TXN2026101441,USR1228,MER42,Food & Dining,Bank UPI (Direct),"?13,332.64",Success,8/14/2026 4:14,?0.00
1443,TXN2026101442,USR1839,MER19,Groceries & Supermarkets,Bank UPI (Direct),"?14,409.36",Success,8/14/2026 8:38,?0.00
1444,TXN2026101443,USR4773,MER11,Electronics & Gadgets,PPI Wallet UPI,"?12,998.04",Failed,8/5/2026 4:48,?0.00
1445,TXN2026101444,USR2972,MER42,Electronics & Gadgets,Bank UPI (Direct),"?12,662.80",Success,9/2/2026 2:26,?0.00
1446,TXN2026101445,USR2786,MER20,Food & Dining,Credit Card on UPI,"?4,855.03",Success,8/12/2026 18:42,?0.00
1447,TXN2026101446,USR1228,MER38,Electronics & Gadgets,PPI Wallet UPI,?32.83,Success,9/12/2026 10:01,?0.00
1448,TXN2026101447,USR4071,MER23,Groceries & Supermarkets,PPI Wallet UPI,"?9,554.70",Success,8/1/2026 21:09,?105.10
1449,TXN2026101448,USR4677,MER42,Groceries & Supermarkets,PPI Wallet UPI,"?14,219.26",Success,8/13/2026 22:43,?156.41
1450,TXN2026101449,USR2483,MER25,Travel & Hospitality,Bank UPI (Direct),"?14,483.16",Success,8/31/2026 12:00,?0.00
1451,TXN2026101450,USR2728,MER24,Groceries & Supermarkets,PPI Wallet UPI,"?2,121.88",Success,9/7/2026 12:06,?23.34
1452,TXN2026101451,USR3198,MER48,Groceries & Supermarkets,Credit Card on UPI,"?14,973.77",Success,9/5/2026 23:22,?0.00
1453,TXN2026101452,USR3215,MER34,Electronics & Gadgets,Bank UPI (Direct),"?1,687.21",Success,9/1/2026 13:56,?0.00
1454,TXN2026101453,USR3329,MER32,Groceries & Supermarkets,PPI Wallet UPI,?666.47,Success,9/7/2026 23:55,?0.00
1455,TXN2026101454,USR3816,MER21,Travel & Hospitality,Bank UPI (Direct),"?4,956.02",Success,8/25/2026 23:26,?0.00
1456,TXN2026101455,USR1440,MER26,Groceries & Supermarkets,Bank UPI (Direct),"?13,994.34",Success,9/6/2026 4:56,?0.00
1457,TXN2026101456,USR1655,MER32,Travel & Hospitality,PPI Wallet UPI,"?9,814.85",Success,8/30/2026 22:29,?107.96
1458,TXN2026101457,USR1961,MER10,Groceries & Supermarkets,PPI Wallet UPI,"?8,877.83",Success,8/10/2026 0:17,?97.66
1459,TXN2026101458,USR3312,MER34,Groceries & Supermarkets,PPI Wallet UPI,"?8,375.50",Success,9/9/2026 9:54,?92.13
1460,TXN2026101459,USR3852,MER40,Electronics & Gadgets,PPI Wallet UPI,"?2,522.47",Success,9/9/2026 3:50,?27.75
1461,TXN2026101460,USR2658,MER46,Groceries & Supermarkets,Bank UPI (Direct),"?5,296.39",Success,9/12/2026 16:23,?0.00
1462,TXN2026101461,USR3276,MER38,Food & Dining,Bank UPI (Direct),"?4,151.43",Success,8/9/2026 16:30,?0.00
1463,TXN2026101462,USR4873,MER50,Travel & Hospitality,Bank UPI (Direct),"?6,125.87",Success,9/12/2026 6:59,?0.00
1464,TXN2026101463,USR4784,MER17,Groceries & Supermarkets,Bank UPI (Direct),"?11,919.14",Success,8/26/2026 23:49,?0.00
1465,TXN2026101464,USR3823,MER13,Food & Dining,PPI Wallet UPI,"?11,471.77",Success,8/25/2026 6:59,?126.19
1466,TXN2026101465,USR2097,MER16,Groceries & Supermarkets,Bank UPI (Direct),?117.05,Success,8/18/2026 17:38,?0.00
1467,TXN2026101466,USR4630,MER14,Groceries & Supermarkets,PPI Wallet UPI,"?7,121.37",Success,9/1/2026 8:11,?78.34
1468,TXN2026101467,USR3149,MER29,Groceries & Supermarkets,Bank UPI (Direct),"?1,459.32",Pending,8/14/2026 21:10,?0.00
1469,TXN2026101468,USR2932,MER19,Travel & Hospitality,PPI Wallet UPI,"?4,401.51",Failed,8/27/2026 8:12,?0.00
1470,TXN2026101469,USR4999,MER34,Electronics & Gadgets,Bank UPI (Direct),?11.62,Success,8/10/2026 19:31,?0.00
1471,TXN2026101470,USR3341,MER24,Groceries & Supermarkets,Bank UPI (Direct),"?2,210.90",Success,8/3/2026 8:35,?0.00
1472,TXN2026101471,USR2898,MER19,Groceries & Supermarkets,PPI Wallet UPI,"?14,328.21",Success,8/8/2026 10:06,?157.61
1473,TXN2026101472,USR1984,MER39,Food & Dining,PPI Wallet UPI,"?1,955.63",Success,8/21/2026 3:04,?0.00
1474,TXN2026101473,USR1565,MER29,Travel & Hospitality,Bank UPI (Direct),"?14,667.53",Success,8/26/2026 19:51,?0.00
1475,TXN2026101474,USR1368,MER41,Electronics & Gadgets,Bank UPI (Direct),"?5,551.81",Success,8/19/2026 21:49,?0.00
1476,TXN2026101475,USR1088,MER10,Groceries & Supermarkets,PPI Wallet UPI,"?7,399.47",Success,8/12/2026 5:00,?81.39
1477,TXN2026101476,USR1506,MER36,Groceries & Supermarkets,Bank UPI (Direct),"?14,779.48",Success,9/9/2026 10:13,?0.00
1478,TXN2026101477,USR3117,MER18,Food & Dining,PPI Wallet UPI,"?14,955.58",Success,8/20/2026 5:38,?164.51
1479,TXN2026101478,USR2913,MER30,Groceries & Supermarkets,PPI Wallet UPI,"?2,264.84",Failed,9/3/2026 17:54,?0.00
1480,TXN2026101479,USR4459,MER25,Groceries & Supermarkets,Bank UPI (Direct),"?7,177.77",Success,8/17/2026 17:19,?0.00
1481,TXN2026101480,USR4197,MER39,Travel & Hospitality,Credit Card on UPI,"?11,476.02",Success,9/15/2026 11:09,?0.00
1482,TXN2026101481,USR4831,MER21,Food & Dining,Bank UPI (Direct),"?3,439.21",Success,8/5/2026 7:30,?0.00
1483,TXN2026101482,USR4361,MER44,Electronics & Gadgets,PPI Wallet UPI,"?7,134.59",Success,9/8/2026 17:04,?78.48
1484,TXN2026101483,USR3251,MER12,Groceries & Supermarkets,Credit Card on UPI,"?12,396.53",Success,8/19/2026 7:07,?0.00
1485,TXN2026101484,USR1079,MER17,Groceries & Supermarkets,PPI Wallet UPI,"?9,500.65",Success,9/2/2026 5:22,?104.51
1486,TXN2026101485,USR1560,MER19,Travel & Hospitality,Bank UPI (Direct),"?1,665.27",Success,9/1/2026 14:46,?0.00
1487,TXN2026101486,USR1080,MER49,Travel & Hospitality,PPI Wallet UPI,"?7,846.05",Success,8/22/2026 5:26,?86.31
1488,TXN2026101487,USR1604,MER15,Groceries & Supermarkets,PPI Wallet UPI,"?4,020.57",Success,8/24/2026 6:31,?44.23
1489,TXN2026101488,USR4645,MER43,Travel & Hospitality,Credit Card on UPI,"?7,243.68",Success,8/7/2026 23:58,?0.00
1490,TXN2026101489,USR2822,MER43,Groceries & Supermarkets,Bank UPI (Direct),"?4,369.49",Success,9/8/2026 13:43,?0.00
1491,TXN2026101490,USR2526,MER40,Groceries & Supermarkets,PPI Wallet UPI,"?7,347.06",Success,9/4/2026 21:04,?80.82
1492,TXN2026101491,USR4364,MER21,Electronics & Gadgets,PPI Wallet UPI,"?2,646.86",Success,8/14/2026 10:29,?29.12
1493,TXN2026101492,USR1301,MER12,Food & Dining,Bank UPI (Direct),"?8,876.08",Success,8/1/2026 8:39,?0.00
1494,TXN2026101493,USR1776,MER23,Food & Dining,Bank UPI (Direct),?546.46,Success,8/24/2026 15:57,?0.00
1495,TXN2026101494,USR3753,MER22,Groceries & Supermarkets,Credit Card on UPI,"?9,420.13",Success,8/28/2026 6:24,?0.00
1496,TXN2026101495,USR4046,MER33,Food & Dining,Bank UPI (Direct),"?9,420.20",Success,8/1/2026 22:55,?0.00
1497,TXN2026101496,USR4660,MER21,Electronics & Gadgets,Bank UPI (Direct),"?6,829.12",Success,8/11/2026 14:35,?0.00
1498,TXN2026101497,USR3320,MER21,Groceries & Supermarkets,Bank UPI (Direct),"?12,944.02",Success,9/1/2026 22:27,?0.00
1499,TXN2026101498,USR3105,MER46,Travel & Hospitality,Bank UPI (Direct),"?10,153.57",Success,8/3/2026 2:32,?0.00
1500,TXN2026101499,USR2453,MER21,Groceries & Supermarkets,PPI Wallet UPI,"?5,142.59",Success,8/17/2026 21:54,?56.57
1501,TXN2026101500,USR3269,MER43,Groceries & Supermarkets,Credit Card on UPI,"?6,208.53",Success,9/13/2026 12:55,?0.00
1502,TXN2026101501,USR1142,MER41,Groceries & Supermarkets,PPI Wallet UPI,"?1,396.26",Success,9/3/2026 5:52,?0.00
1503,TXN2026101502,USR2409,MER11,Groceries & Supermarkets,PPI Wallet UPI,"?3,887.79",Success,8/19/2026 7:39,?42.77
1504,TXN2026101503,USR2135,MER44,Groceries & Supermarkets,Credit Card on UPI,"?9,689.71",Success,8/26/2026 22:57,?0.00
1505,TXN2026101504,USR1123,MER31,Electronics & Gadgets,Bank UPI (Direct),"?3,075.55",Success,8/2/2026 15:53,?0.00
1506,TXN2026101505,USR1848,MER34,Electronics & Gadgets,Bank UPI (Direct),"?1,256.93",Success,8/6/2026 4:30,?0.00
1507,TXN2026101506,USR1898,MER14,Groceries & Supermarkets,Bank UPI (Direct),"?5,056.87",Success,8/24/2026 6:43,?0.00
1508,TXN2026101507,USR1909,MER33,Electronics & Gadgets,Bank UPI (Direct),"?7,666.08",Success,8/2/2026 13:36,?0.00
1509,TXN2026101508,USR1324,MER29,Travel & Hospitality,PPI Wallet UPI,"?10,704.90",Success,8/9/2026 12:42,?117.75
1510,TXN2026101509,USR4120,MER43,Groceries & Supermarkets,Bank UPI (Direct),"?3,404.72",Success,8/19/2026 8:22,?0.00
1511,TXN2026101510,USR4121,MER13,Groceries & Supermarkets,Bank UPI (Direct),"?11,052.18",Success,8/27/2026 15:03,?0.00
1512,TXN2026101511,USR3524,MER16,Groceries & Supermarkets,PPI Wallet UPI,"?9,807.08",Success,9/7/2026 21:14,?107.88
1513,TXN2026101512,USR4694,MER41,Electronics & Gadgets,PPI Wallet UPI,"?12,799.42",Success,9/6/2026 22:32,?140.79
1514,TXN2026101513,USR2896,MER43,Electronics & Gadgets,PPI Wallet UPI,?612.74,Success,8/21/2026 15:17,?0.00
1515,TXN2026101514,USR1644,MER10,Electronics & Gadgets,PPI Wallet UPI,"?1,262.38",Success,8/5/2026 7:51,?0.00
1516,TXN2026101515,USR1006,MER20,Groceries & Supermarkets,Bank UPI (Direct),"?1,448.45",Failed,8/20/2026 7:42,?0.00
1517,TXN2026101516,USR2823,MER42,Travel & Hospitality,Bank UPI (Direct),"?3,999.35",Success,8/4/2026 7:52,?0.00
1518,TXN2026101517,USR3548,MER22,Travel & Hospitality,Bank UPI (Direct),?174.17,Success,8/15/2026 16:18,?0.00
1519,TXN2026101518,USR4317,MER25,Food & Dining,Bank UPI (Direct),"?11,975.39",Success,8/28/2026 7:42,?0.00
1520,TXN2026101519,USR1380,MER21,Electronics & Gadgets,Bank UPI (Direct),"?5,919.59",Success,8/29/2026 4:00,?0.00
1521,TXN2026101520,USR2730,MER31,Food & Dining,PPI Wallet UPI,"?7,466.96",Success,8/23/2026 11:40,?82.14
1522,TXN2026101521,USR2560,MER49,Groceries & Supermarkets,PPI Wallet UPI,"?13,405.27",Success,9/9/2026 15:17,?147.46
1523,TXN2026101522,USR2322,MER31,Food & Dining,Bank UPI (Direct),"?2,989.38",Success,8/10/2026 2:26,?0.00
1524,TXN2026101523,USR1783,MER18,Electronics & Gadgets,Credit Card on UPI,"?9,130.74",Success,9/14/2026 2:04,?0.00
1525,TXN2026101524,USR1064,MER11,Electronics & Gadgets,PPI Wallet UPI,"?1,155.98",Success,8/16/2026 12:12,?0.00
1526,TXN2026101525,USR3348,MER20,Groceries & Supermarkets,Bank UPI (Direct),"?6,652.54",Success,9/6/2026 10:17,?0.00
1527,TXN2026101526,USR2031,MER46,Groceries & Supermarkets,Bank UPI (Direct),"?8,052.90",Success,9/7/2026 10:06,?0.00
1528,TXN2026101527,USR2573,MER24,Groceries & Supermarkets,PPI Wallet UPI,"?2,776.43",Success,9/11/2026 4:40,?30.54
1529,TXN2026101528,USR2279,MER35,Groceries & Supermarkets,Bank UPI (Direct),"?2,006.29",Failed,8/16/2026 2:04,?0.00
1530,TXN2026101529,USR4538,MER36,Groceries & Supermarkets,Bank UPI (Direct),?311.31,Failed,8/10/2026 2:43,?0.00
1531,TXN2026101530,USR1634,MER30,Electronics & Gadgets,Bank UPI (Direct),"?13,533.41",Success,8/27/2026 15:29,?0.00
1532,TXN2026101531,USR4398,MER50,Food & Dining,Bank UPI (Direct),"?12,974.33",Success,8/12/2026 23:01,?0.00
1533,TXN2026101532,USR2209,MER47,Groceries & Supermarkets,PPI Wallet UPI,"?8,975.48",Success,9/7/2026 10:57,?98.73
1534,TXN2026101533,USR4871,MER20,Food & Dining,Credit Card on UPI,"?7,820.69",Success,9/12/2026 0:15,?0.00
1535,TXN2026101534,USR1613,MER44,Groceries & Supermarkets,PPI Wallet UPI,"?4,577.85",Success,9/8/2026 13:50,?50.36
1536,TXN2026101535,USR1056,MER25,Food & Dining,Bank UPI (Direct),"?13,442.64",Success,8/28/2026 5:09,?0.00
1537,TXN2026101536,USR1901,MER22,Electronics & Gadgets,Credit Card on UPI,?619.87,Success,8/14/2026 4:29,?0.00
1538,TXN2026101537,USR3594,MER28,Food & Dining,Bank UPI (Direct),"?6,766.78",Success,8/19/2026 13:44,?0.00
1539,TXN2026101538,USR2259,MER39,Groceries & Supermarkets,Bank UPI (Direct),"?8,814.01",Success,8/2/2026 13:13,?0.00
1540,TXN2026101539,USR4052,MER26,Groceries & Supermarkets,PPI Wallet UPI,"?1,689.45",Success,9/3/2026 7:14,?0.00
1541,TXN2026101540,USR4497,MER28,Electronics & Gadgets,Bank UPI (Direct),"?12,419.69",Pending,8/28/2026 12:26,?0.00
1542,TXN2026101541,USR2400,MER39,Groceries & Supermarkets,PPI Wallet UPI,"?13,248.54",Success,8/14/2026 0:02,?145.73
1543,TXN2026101542,USR3968,MER49,Travel & Hospitality,Bank UPI (Direct),"?13,465.03",Success,8/1/2026 17:39,?0.00
1544,TXN2026101543,USR1032,MER27,Electronics & Gadgets,Bank UPI (Direct),"?7,718.02",Failed,9/13/2026 19:49,?0.00
1545,TXN2026101544,USR1258,MER38,Electronics & Gadgets,PPI Wallet UPI,"?12,750.69",Success,8/2/2026 12:03,?140.26
1546,TXN2026101545,USR1631,MER49,Groceries & Supermarkets,PPI Wallet UPI,"?11,288.25",Success,9/5/2026 17:48,?124.17
1547,TXN2026101546,USR4822,MER26,Travel & Hospitality,PPI Wallet UPI,"?3,043.65",Failed,9/15/2026 14:47,?0.00
1548,TXN2026101547,USR4478,MER18,Groceries & Supermarkets,PPI Wallet UPI,"?1,301.98",Pending,8/12/2026 10:13,?0.00
1549,TXN2026101548,USR3620,MER25,Food & Dining,Bank UPI (Direct),"?4,298.50",Success,9/6/2026 3:26,?0.00
1550,TXN2026101549,USR4251,MER38,Food & Dining,Bank UPI (Direct),"?11,685.46",Success,8/10/2026 13:03,?0.00
1551,TXN2026101550,USR2773,MER25,Food & Dining,Bank UPI (Direct),"?14,492.79",Success,8/24/2026 10:17,?0.00
1552,TXN2026101551,USR2719,MER11,Food & Dining,Bank UPI (Direct),"?5,541.78",Success,8/25/2026 6:48,?0.00
1553,TXN2026101552,USR4311,MER35,Groceries & Supermarkets,PPI Wallet UPI,"?5,737.36",Success,9/3/2026 18:37,?63.11
1554,TXN2026101553,USR1458,MER22,Electronics & Gadgets,Bank UPI (Direct),?521.75,Success,9/10/2026 10:59,?0.00
1555,TXN2026101554,USR4275,MER30,Electronics & Gadgets,PPI Wallet UPI,?797.74,Success,8/4/2026 11:18,?0.00
1556,TXN2026101555,USR2019,MER18,Groceries & Supermarkets,PPI Wallet UPI,"?9,111.82",Success,8/21/2026 8:32,?100.23
1557,TXN2026101556,USR4689,MER26,Groceries & Supermarkets,PPI Wallet UPI,"?7,150.46",Success,9/1/2026 0:13,?78.66
1558,TXN2026101557,USR4328,MER31,Electronics & Gadgets,PPI Wallet UPI,"?4,301.84",Success,8/3/2026 1:01,?47.32
1559,TXN2026101558,USR4704,MER48,Groceries & Supermarkets,PPI Wallet UPI,"?2,501.47",Success,8/24/2026 4:39,?27.52
1560,TXN2026101559,USR4966,MER24,Groceries & Supermarkets,Bank UPI (Direct),"?12,656.24",Success,9/6/2026 22:22,?0.00
1561,TXN2026101560,USR3542,MER12,Food & Dining,Bank UPI (Direct),?96.55,Success,9/4/2026 5:28,?0.00
1562,TXN2026101561,USR4894,MER21,Groceries & Supermarkets,Bank UPI (Direct),"?1,178.52",Failed,8/26/2026 17:26,?0.00
1563,TXN2026101562,USR1321,MER34,Electronics & Gadgets,Bank UPI (Direct),"?9,988.11",Success,8/3/2026 10:39,?0.00
1564,TXN2026101563,USR3435,MER20,Groceries & Supermarkets,PPI Wallet UPI,"?14,267.32",Success,8/29/2026 17:53,?156.94
1565,TXN2026101564,USR2312,MER27,Groceries & Supermarkets,Bank UPI (Direct),"?4,366.56",Success,8/29/2026 6:01,?0.00
1566,TXN2026101565,USR3585,MER46,Electronics & Gadgets,PPI Wallet UPI,"?4,398.26",Success,8/8/2026 19:27,?48.38
1567,TXN2026101566,USR3002,MER35,Groceries & Supermarkets,Bank UPI (Direct),"?9,970.40",Success,9/1/2026 22:55,?0.00
1568,TXN2026101567,USR1558,MER28,Groceries & Supermarkets,PPI Wallet UPI,"?7,991.29",Failed,9/13/2026 21:45,?0.00
1569,TXN2026101568,USR4660,MER49,Electronics & Gadgets,PPI Wallet UPI,"?11,738.31",Failed,8/3/2026 11:26,?0.00
1570,TXN2026101569,USR1376,MER37,Food & Dining,PPI Wallet UPI,"?9,084.25",Success,8/17/2026 16:44,?99.93
1571,TXN2026101570,USR2139,MER42,Groceries & Supermarkets,PPI Wallet UPI,"?2,972.72",Success,9/3/2026 17:08,?32.70
1572,TXN2026101571,USR3467,MER48,Electronics & Gadgets,Bank UPI (Direct),"?2,009.55",Success,9/11/2026 19:44,?0.00
1573,TXN2026101572,USR2651,MER20,Groceries & Supermarkets,Bank UPI (Direct),"?3,116.42",Success,8/12/2026 22:25,?0.00
1574,TXN2026101573,USR4935,MER32,Groceries & Supermarkets,Credit Card on UPI,"?7,864.11",Success,8/22/2026 17:43,?0.00
1575,TXN2026101574,USR2588,MER45,Food & Dining,PPI Wallet UPI,"?5,450.30",Success,8/9/2026 17:05,?59.95
1576,TXN2026101575,USR2551,MER45,Groceries & Supermarkets,Bank UPI (Direct),"?9,299.66",Success,8/20/2026 0:06,?0.00
1577,TXN2026101576,USR4876,MER19,Groceries & Supermarkets,Credit Card on UPI,"?3,577.37",Success,8/13/2026 5:54,?0.00
1578,TXN2026101577,USR4426,MER23,Food & Dining,PPI Wallet UPI,"?7,610.09",Success,8/12/2026 19:58,?83.71
1579,TXN2026101578,USR3745,MER17,Groceries & Supermarkets,Credit Card on UPI,"?6,227.91",Success,8/31/2026 17:41,?0.00
1580,TXN2026101579,USR4015,MER25,Food & Dining,Bank UPI (Direct),"?7,135.43",Success,9/5/2026 6:51,?0.00
1581,TXN2026101580,USR1827,MER14,Groceries & Supermarkets,Bank UPI (Direct),"?6,531.51",Success,8/20/2026 12:23,?0.00
1582,TXN2026101581,USR2787,MER16,Travel & Hospitality,Bank UPI (Direct),"?2,057.06",Success,9/6/2026 3:07,?0.00
1583,TXN2026101582,USR2357,MER32,Groceries & Supermarkets,Credit Card on UPI,"?10,734.65",Success,8/3/2026 18:21,?0.00
1584,TXN2026101583,USR3911,MER21,Food & Dining,PPI Wallet UPI,"?2,175.60",Success,8/6/2026 0:40,?23.93
1585,TXN2026101584,USR1875,MER42,Groceries & Supermarkets,PPI Wallet UPI,"?1,528.74",Success,9/9/2026 3:12,?0.00
1586,TXN2026101585,USR1064,MER32,Food & Dining,Bank UPI (Direct),"?9,954.26",Success,8/31/2026 7:54,?0.00
1587,TXN2026101586,USR1519,MER35,Electronics & Gadgets,PPI Wallet UPI,"?10,214.59",Success,8/8/2026 17:07,?112.36
1588,TXN2026101587,USR3210,MER16,Travel & Hospitality,PPI Wallet UPI,"?11,122.06",Success,8/18/2026 16:53,?122.34
1589,TXN2026101588,USR4990,MER21,Electronics & Gadgets,Credit Card on UPI,"?2,748.27",Success,9/11/2026 5:55,?0.00
1590,TXN2026101589,USR3099,MER19,Electronics & Gadgets,Credit Card on UPI,"?13,717.82",Success,9/8/2026 15:12,?0.00
1591,TXN2026101590,USR1489,MER50,Groceries & Supermarkets,Bank UPI (Direct),"?2,111.00",Success,8/21/2026 10:00,?0.00
1592,TXN2026101591,USR2175,MER27,Electronics & Gadgets,PPI Wallet UPI,"?4,351.29",Success,8/26/2026 22:19,?47.86
1593,TXN2026101592,USR2747,MER29,Food & Dining,Credit Card on UPI,"?5,850.83",Success,8/4/2026 8:29,?0.00
1594,TXN2026101593,USR4717,MER37,Groceries & Supermarkets,Bank UPI (Direct),"?2,693.75",Success,9/7/2026 1:18,?0.00
1595,TXN2026101594,USR4201,MER23,Groceries & Supermarkets,Bank UPI (Direct),"?3,522.00",Success,9/13/2026 16:17,?0.00
1596,TXN2026101595,USR4972,MER48,Groceries & Supermarkets,PPI Wallet UPI,"?14,368.63",Pending,8/17/2026 18:47,?0.00
1597,TXN2026101596,USR4993,MER24,Travel & Hospitality,PPI Wallet UPI,"?3,914.12",Success,9/8/2026 13:35,?43.06
1598,TXN2026101597,USR4169,MER31,Food & Dining,Bank UPI (Direct),"?14,122.53",Success,8/9/2026 20:01,?0.00
1599,TXN2026101598,USR3968,MER47,Groceries & Supermarkets,Credit Card on UPI,"?12,800.91",Success,9/13/2026 15:03,?0.00
1600,TXN2026101599,USR4033,MER34,Food & Dining,Bank UPI (Direct),"?5,858.78",Success,8/21/2026 3:22,?0.00
1601,TXN2026101600,USR2125,MER47,Food & Dining,PPI Wallet UPI,"?9,772.40",Success,8/2/2026 13:46,?107.50
1602,TXN2026101601,USR2124,MER12,Groceries & Supermarkets,PPI Wallet UPI,"?6,401.86",Success,9/13/2026 13:29,?70.42
1603,TXN2026101602,USR3980,MER46,Food & Dining,Credit Card on UPI,"?3,422.30",Success,8/21/2026 18:58,?0.00
1604,TXN2026101603,USR1976,MER41,Groceries & Supermarkets,Bank UPI (Direct),"?7,505.13",Success,9/15/2026 10:47,?0.00
1605,TXN2026101604,USR2759,MER20,Food & Dining,Bank UPI (Direct),"?3,731.13",Success,8/21/2026 18:47,?0.00
1606,TXN2026101605,USR2319,MER35,Electronics & Gadgets,Credit Card on UPI,"?13,245.32",Success,9/13/2026 21:26,?0.00
1607,TXN2026101606,USR2857,MER44,Food & Dining,PPI Wallet UPI,"?9,622.27",Success,8/7/2026 0:05,?105.84
1608,TXN2026101607,USR4419,MER43,Groceries & Supermarkets,Bank UPI (Direct),?940.71,Success,8/14/2026 22:41,?0.00
1609,TXN2026101608,USR2937,MER15,Groceries & Supermarkets,Credit Card on UPI,"?1,032.87",Success,8/5/2026 12:23,?0.00
1610,TXN2026101609,USR1059,MER33,Food & Dining,Bank UPI (Direct),"?14,068.27",Success,9/9/2026 17:30,?0.00
1611,TXN2026101610,USR2394,MER44,Food & Dining,Bank UPI (Direct),"?3,323.52",Success,8/20/2026 15:39,?0.00
1612,TXN2026101611,USR4377,MER48,Groceries & Supermarkets,Bank UPI (Direct),"?2,984.08",Success,8/22/2026 23:04,?0.00
1613,TXN2026101612,USR4402,MER22,Electronics & Gadgets,PPI Wallet UPI,"?1,321.48",Success,8/12/2026 0:14,?0.00
1614,TXN2026101613,USR4643,MER34,Travel & Hospitality,Bank UPI (Direct),"?4,370.74",Success,8/21/2026 22:38,?0.00
1615,TXN2026101614,USR3540,MER41,Groceries & Supermarkets,Credit Card on UPI,"?9,484.24",Success,9/12/2026 22:21,?0.00
1616,TXN2026101615,USR4198,MER37,Food & Dining,PPI Wallet UPI,"?2,797.87",Success,8/6/2026 21:58,?30.78
1617,TXN2026101616,USR4391,MER18,Electronics & Gadgets,PPI Wallet UPI,"?3,684.76",Failed,8/25/2026 13:27,?0.00
1618,TXN2026101617,USR3630,MER35,Electronics & Gadgets,PPI Wallet UPI,"?12,433.16",Success,9/10/2026 21:32,?136.76
1619,TXN2026101618,USR4497,MER20,Travel & Hospitality,Bank UPI (Direct),"?7,404.67",Success,9/1/2026 4:05,?0.00
1620,TXN2026101619,USR4187,MER16,Electronics & Gadgets,Credit Card on UPI,"?3,611.03",Success,8/9/2026 18:23,?0.00
1621,TXN2026101620,USR3111,MER44,Groceries & Supermarkets,Bank UPI (Direct),"?7,952.95",Success,9/3/2026 6:18,?0.00
1622,TXN2026101621,USR2700,MER10,Groceries & Supermarkets,Bank UPI (Direct),"?14,672.42",Success,8/8/2026 20:10,?0.00
1623,TXN2026101622,USR2698,MER44,Electronics & Gadgets,PPI Wallet UPI,"?10,146.54",Success,8/13/2026 7:34,?111.61
1624,TXN2026101623,USR3445,MER39,Groceries & Supermarkets,Bank UPI (Direct),?538.21,Success,8/23/2026 4:09,?0.00
1625,TXN2026101624,USR2011,MER11,Groceries & Supermarkets,Bank UPI (Direct),"?7,520.76",Success,8/8/2026 17:08,?0.00
1626,TXN2026101625,USR3471,MER19,Travel & Hospitality,Bank UPI (Direct),"?9,560.28",Success,8/30/2026 20:48,?0.00
1627,TXN2026101626,USR3796,MER44,Groceries & Supermarkets,Bank UPI (Direct),"?7,296.51",Success,8/9/2026 14:23,?0.00
1628,TXN2026101627,USR4865,MER48,Travel & Hospitality,Bank UPI (Direct),"?13,102.90",Success,8/26/2026 4:18,?0.00
1629,TXN2026101628,USR1339,MER10,Travel & Hospitality,Credit Card on UPI,"?13,164.67",Success,9/15/2026 23:07,?0.00
1630,TXN2026101629,USR4278,MER14,Travel & Hospitality,Bank UPI (Direct),"?2,058.66",Success,8/23/2026 13:48,?0.00
1631,TXN2026101630,USR4715,MER21,Travel & Hospitality,Bank UPI (Direct),"?3,647.25",Success,8/7/2026 3:31,?0.00
1632,TXN2026101631,USR4294,MER46,Food & Dining,Credit Card on UPI,"?12,996.65",Success,8/12/2026 18:23,?0.00
1633,TXN2026101632,USR2877,MER24,Food & Dining,Bank UPI (Direct),"?8,967.49",Success,8/31/2026 3:33,?0.00
1634,TXN2026101633,USR3108,MER19,Groceries & Supermarkets,PPI Wallet UPI,"?13,634.69",Success,9/2/2026 17:54,?149.98
1635,TXN2026101634,USR2072,MER17,Food & Dining,PPI Wallet UPI,"?8,698.67",Success,8/4/2026 7:33,?95.69
1636,TXN2026101635,USR2821,MER21,Groceries & Supermarkets,PPI Wallet UPI,"?7,732.56",Success,9/9/2026 21:38,?85.06
1637,TXN2026101636,USR3619,MER35,Groceries & Supermarkets,Credit Card on UPI,"?4,083.87",Success,8/19/2026 4:07,?0.00
1638,TXN2026101637,USR3166,MER35,Groceries & Supermarkets,Bank UPI (Direct),?249.63,Success,8/3/2026 3:26,?0.00
1639,TXN2026101638,USR1118,MER37,Food & Dining,Bank UPI (Direct),"?14,488.69",Success,8/24/2026 23:20,?0.00
1640,TXN2026101639,USR4514,MER29,Electronics & Gadgets,Bank UPI (Direct),"?6,388.67",Success,8/16/2026 23:12,?0.00
1641,TXN2026101640,USR2150,MER36,Groceries & Supermarkets,Credit Card on UPI,"?5,203.74",Success,8/25/2026 6:09,?0.00
1642,TXN2026101641,USR2502,MER49,Groceries & Supermarkets,Credit Card on UPI,"?8,193.86",Success,9/14/2026 17:11,?0.00
1643,TXN2026101642,USR2914,MER13,Electronics & Gadgets,PPI Wallet UPI,"?9,493.88",Success,9/7/2026 12:27,?104.43
1644,TXN2026101643,USR2576,MER33,Food & Dining,Bank UPI (Direct),"?7,672.05",Success,8/16/2026 14:07,?0.00
1645,TXN2026101644,USR2220,MER15,Groceries & Supermarkets,Bank UPI (Direct),"?3,540.57",Success,8/10/2026 13:43,?0.00
1646,TXN2026101645,USR4328,MER28,Groceries & Supermarkets,Bank UPI (Direct),"?11,337.43",Success,9/1/2026 9:56,?0.00
1647,TXN2026101646,USR2910,MER31,Groceries & Supermarkets,PPI Wallet UPI,"?6,187.87",Success,8/21/2026 10:16,?68.07
1648,TXN2026101647,USR3146,MER34,Groceries & Supermarkets,Bank UPI (Direct),"?11,401.14",Success,8/26/2026 2:19,?0.00
1649,TXN2026101648,USR4736,MER26,Electronics & Gadgets,Bank UPI (Direct),"?13,116.58",Success,9/2/2026 10:33,?0.00
1650,TXN2026101649,USR3925,MER44,Groceries & Supermarkets,PPI Wallet UPI,"?4,931.67",Success,9/8/2026 5:07,?54.25
1651,TXN2026101650,USR2719,MER42,Electronics & Gadgets,Credit Card on UPI,"?10,871.57",Success,8/14/2026 0:56,?0.00
1652,TXN2026101651,USR1511,MER30,Food & Dining,Bank UPI (Direct),"?13,127.61",Success,8/26/2026 13:47,?0.00
1653,TXN2026101652,USR3086,MER28,Groceries & Supermarkets,Credit Card on UPI,"?2,129.40",Success,8/15/2026 6:50,?0.00
1654,TXN2026101653,USR1217,MER39,Food & Dining,Bank UPI (Direct),"?12,123.98",Success,8/23/2026 7:39,?0.00
1655,TXN2026101654,USR2742,MER33,Electronics & Gadgets,Bank UPI (Direct),"?4,200.43",Success,9/14/2026 16:32,?0.00
1656,TXN2026101655,USR4327,MER50,Travel & Hospitality,PPI Wallet UPI,"?8,284.31",Failed,9/2/2026 23:05,?0.00
1657,TXN2026101656,USR4438,MER48,Groceries & Supermarkets,PPI Wallet UPI,"?1,609.89",Failed,8/13/2026 12:53,?0.00
1658,TXN2026101657,USR4235,MER29,Food & Dining,Bank UPI (Direct),"?9,622.91",Success,9/7/2026 6:15,?0.00
1659,TXN2026101658,USR3521,MER28,Groceries & Supermarkets,PPI Wallet UPI,"?2,381.28",Success,8/31/2026 12:11,?26.19
1660,TXN2026101659,USR3462,MER19,Groceries & Supermarkets,Bank UPI (Direct),"?11,690.66",Success,8/2/2026 10:51,?0.00
1661,TXN2026101660,USR4391,MER42,Groceries & Supermarkets,Bank UPI (Direct),"?7,821.16",Success,8/6/2026 11:57,?0.00
1662,TXN2026101661,USR1391,MER11,Groceries & Supermarkets,Bank UPI (Direct),"?1,868.85",Success,8/26/2026 17:50,?0.00
1663,TXN2026101662,USR1379,MER47,Food & Dining,PPI Wallet UPI,?942.30,Success,8/28/2026 6:14,?0.00
1664,TXN2026101663,USR2070,MER44,Groceries & Supermarkets,PPI Wallet UPI,"?13,001.17",Success,8/28/2026 11:38,?143.01
1665,TXN2026101664,USR2696,MER48,Food & Dining,PPI Wallet UPI,"?4,503.38",Success,9/4/2026 14:58,?49.54
1666,TXN2026101665,USR4245,MER44,Groceries & Supermarkets,Bank UPI (Direct),"?3,706.06",Success,8/22/2026 13:53,?0.00
1667,TXN2026101666,USR1425,MER25,Electronics & Gadgets,Bank UPI (Direct),"?7,826.88",Success,8/20/2026 13:31,?0.00
1668,TXN2026101667,USR3028,MER28,Travel & Hospitality,Bank UPI (Direct),"?5,762.64",Success,8/17/2026 6:18,?0.00
1669,TXN2026101668,USR1481,MER40,Electronics & Gadgets,Bank UPI (Direct),"?13,893.22",Success,9/1/2026 20:29,?0.00
1670,TXN2026101669,USR2001,MER29,Electronics & Gadgets,PPI Wallet UPI,"?9,151.84",Success,8/25/2026 5:06,?100.67
1671,TXN2026101670,USR4003,MER22,Electronics & Gadgets,Bank UPI (Direct),"?8,217.56",Success,8/14/2026 7:00,?0.00
1672,TXN2026101671,USR4213,MER23,Groceries & Supermarkets,PPI Wallet UPI,"?8,321.15",Success,9/1/2026 0:48,?91.53
1673,TXN2026101672,USR3168,MER38,Travel & Hospitality,Bank UPI (Direct),"?10,082.86",Success,8/20/2026 0:04,?0.00
1674,TXN2026101673,USR3825,MER10,Travel & Hospitality,Bank UPI (Direct),"?6,875.13",Pending,8/19/2026 11:13,?0.00
1675,TXN2026101674,USR3742,MER20,Groceries & Supermarkets,PPI Wallet UPI,"?11,277.79",Success,9/1/2026 23:11,?124.06
1676,TXN2026101675,USR1891,MER32,Food & Dining,Bank UPI (Direct),"?9,258.42",Success,8/13/2026 7:27,?0.00
1677,TXN2026101676,USR3620,MER48,Groceries & Supermarkets,Bank UPI (Direct),"?13,233.44",Success,9/12/2026 1:34,?0.00
1678,TXN2026101677,USR1053,MER15,Groceries & Supermarkets,Bank UPI (Direct),"?3,596.91",Failed,9/4/2026 16:10,?0.00
1679,TXN2026101678,USR3179,MER41,Travel & Hospitality,Bank UPI (Direct),"?13,150.02",Success,9/5/2026 16:05,?0.00
1680,TXN2026101679,USR1280,MER14,Food & Dining,PPI Wallet UPI,"?12,915.22",Success,8/24/2026 9:49,?142.07
1681,TXN2026101680,USR4401,MER45,Food & Dining,Bank UPI (Direct),"?6,170.37",Success,9/6/2026 11:10,?0.00
1682,TXN2026101681,USR1276,MER12,Groceries & Supermarkets,PPI Wallet UPI,"?1,124.36",Success,9/1/2026 8:16,?0.00
1683,TXN2026101682,USR3284,MER49,Travel & Hospitality,Bank UPI (Direct),"?1,525.71",Success,8/21/2026 18:53,?0.00
1684,TXN2026101683,USR1940,MER42,Groceries & Supermarkets,Bank UPI (Direct),"?2,575.76",Success,9/12/2026 2:24,?0.00
1685,TXN2026101684,USR1773,MER45,Groceries & Supermarkets,Bank UPI (Direct),"?14,896.44",Success,8/2/2026 7:02,?0.00
1686,TXN2026101685,USR3602,MER19,Electronics & Gadgets,PPI Wallet UPI,"?8,513.58",Success,8/24/2026 15:12,?93.65
1687,TXN2026101686,USR4007,MER20,Food & Dining,Bank UPI (Direct),"?14,900.72",Success,9/13/2026 19:47,?0.00
1688,TXN2026101687,USR1617,MER28,Groceries & Supermarkets,PPI Wallet UPI,"?7,926.05",Failed,9/10/2026 10:47,?0.00
1689,TXN2026101688,USR1112,MER12,Groceries & Supermarkets,Bank UPI (Direct),"?8,470.14",Success,8/18/2026 17:34,?0.00
1690,TXN2026101689,USR3389,MER44,Groceries & Supermarkets,Bank UPI (Direct),"?7,764.16",Success,8/30/2026 21:27,?0.00
1691,TXN2026101690,USR2829,MER16,Travel & Hospitality,Bank UPI (Direct),"?14,644.24",Success,8/24/2026 10:53,?0.00
1692,TXN2026101691,USR4734,MER10,Electronics & Gadgets,Bank UPI (Direct),"?3,718.34",Failed,8/23/2026 11:23,?0.00
1693,TXN2026101692,USR2202,MER49,Groceries & Supermarkets,PPI Wallet UPI,"?6,882.91",Success,8/24/2026 10:10,?75.71
1694,TXN2026101693,USR3360,MER43,Groceries & Supermarkets,Bank UPI (Direct),?715.57,Success,8/27/2026 18:10,?0.00
1695,TXN2026101694,USR3356,MER18,Travel & Hospitality,PPI Wallet UPI,"?3,873.38",Success,8/13/2026 23:55,?42.61
1696,TXN2026101695,USR2091,MER24,Electronics & Gadgets,Credit Card on UPI,"?12,183.57",Success,8/29/2026 17:21,?0.00
1697,TXN2026101696,USR4743,MER28,Travel & Hospitality,PPI Wallet UPI,"?2,194.84",Success,8/20/2026 17:29,?24.14
1698,TXN2026101697,USR4387,MER45,Electronics & Gadgets,PPI Wallet UPI,"?8,995.17",Success,9/6/2026 3:57,?98.95
1699,TXN2026101698,USR1451,MER24,Food & Dining,Bank UPI (Direct),"?1,469.31",Success,8/11/2026 17:36,?0.00
1700,TXN2026101699,USR4799,MER23,Food & Dining,Bank UPI (Direct),"?10,998.74",Success,8/5/2026 18:17,?0.00
1701,TXN2026101700,USR3810,MER35,Food & Dining,PPI Wallet UPI,"?2,940.85",Success,9/8/2026 16:44,?32.35
1702,TXN2026101701,USR4955,MER43,Food & Dining,PPI Wallet UPI,"?6,572.36",Success,9/5/2026 17:20,?72.30
1703,TXN2026101702,USR1420,MER32,Groceries & Supermarkets,Bank UPI (Direct),"?12,070.11",Success,8/25/2026 14:38,?0.00
1704,TXN2026101703,USR1133,MER31,Groceries & Supermarkets,PPI Wallet UPI,"?5,874.97",Success,9/6/2026 8:01,?64.62
1705,TXN2026101704,USR3498,MER27,Food & Dining,Bank UPI (Direct),"?12,581.16",Failed,8/6/2026 1:26,?0.00
1706,TXN2026101705,USR1609,MER47,Groceries & Supermarkets,Bank UPI (Direct),"?6,480.52",Success,8/4/2026 19:09,?0.00
1707,TXN2026101706,USR2364,MER36,Groceries & Supermarkets,PPI Wallet UPI,"?14,727.06",Success,8/26/2026 2:12,?162.00
1708,TXN2026101707,USR4222,MER36,Groceries & Supermarkets,Credit Card on UPI,"?2,346.16",Success,9/15/2026 22:11,?0.00
1709,TXN2026101708,USR1599,MER37,Food & Dining,Credit Card on UPI,"?6,632.66",Failed,8/22/2026 4:03,?0.00
1710,TXN2026101709,USR2286,MER44,Groceries & Supermarkets,Bank UPI (Direct),"?7,782.49",Success,8/6/2026 1:48,?0.00
1711,TXN2026101710,USR4973,MER47,Food & Dining,PPI Wallet UPI,"?2,232.52",Success,9/1/2026 18:39,?24.56
1712,TXN2026101711,USR2156,MER32,Groceries & Supermarkets,PPI Wallet UPI,"?14,378.52",Success,8/19/2026 21:26,?158.16
1713,TXN2026101712,USR4605,MER39,Groceries & Supermarkets,PPI Wallet UPI,"?8,876.11",Success,8/9/2026 18:16,?97.64
1714,TXN2026101713,USR4904,MER49,Electronics & Gadgets,Credit Card on UPI,"?3,264.28",Success,8/26/2026 9:46,?0.00
1715,TXN2026101714,USR4963,MER35,Electronics & Gadgets,Credit Card on UPI,"?3,296.10",Success,9/12/2026 16:15,?0.00
1716,TXN2026101715,USR3690,MER26,Travel & Hospitality,Bank UPI (Direct),"?3,953.90",Success,9/12/2026 7:37,?0.00
1717,TXN2026101716,USR1024,MER45,Groceries & Supermarkets,PPI Wallet UPI,"?2,552.12",Success,9/9/2026 0:09,?28.07
1718,TXN2026101717,USR4551,MER40,Food & Dining,PPI Wallet UPI,"?7,867.18",Success,8/5/2026 4:45,?86.54
1719,TXN2026101718,USR1066,MER16,Groceries & Supermarkets,PPI Wallet UPI,"?12,162.67",Success,8/23/2026 21:21,?133.79
1720,TXN2026101719,USR2642,MER41,Travel & Hospitality,Credit Card on UPI,"?1,604.44",Success,9/13/2026 18:28,?0.00
1721,TXN2026101720,USR1510,MER43,Groceries & Supermarkets,Bank UPI (Direct),?731.45,Success,8/16/2026 5:49,?0.00
1722,TXN2026101721,USR4553,MER47,Groceries & Supermarkets,PPI Wallet UPI,"?1,557.17",Success,8/8/2026 21:45,?0.00
1723,TXN2026101722,USR2047,MER43,Groceries & Supermarkets,PPI Wallet UPI,"?13,222.97",Success,9/13/2026 4:34,?145.45
1724,TXN2026101723,USR2487,MER47,Food & Dining,PPI Wallet UPI,"?13,151.08",Success,8/3/2026 21:25,?144.66
1725,TXN2026101724,USR3838,MER26,Groceries & Supermarkets,Bank UPI (Direct),"?10,864.06",Success,8/11/2026 16:35,?0.00
1726,TXN2026101725,USR1760,MER11,Groceries & Supermarkets,Bank UPI (Direct),"?2,732.04",Success,8/25/2026 17:54,?0.00
1727,TXN2026101726,USR1698,MER20,Groceries & Supermarkets,Bank UPI (Direct),"?3,891.03",Success,8/3/2026 9:04,?0.00
1728,TXN2026101727,USR4656,MER17,Groceries & Supermarkets,PPI Wallet UPI,"?5,331.28",Success,9/14/2026 15:16,?58.64
1729,TXN2026101728,USR4694,MER17,Travel & Hospitality,PPI Wallet UPI,"?5,061.10",Success,8/10/2026 3:22,?55.67
1730,TXN2026101729,USR3587,MER36,Groceries & Supermarkets,PPI Wallet UPI,"?10,058.41",Success,8/26/2026 12:01,?110.64
1731,TXN2026101730,USR3541,MER43,Groceries & Supermarkets,Bank UPI (Direct),"?14,663.44",Success,8/31/2026 14:45,?0.00
1732,TXN2026101731,USR1959,MER49,Groceries & Supermarkets,Bank UPI (Direct),"?3,568.91",Success,8/16/2026 18:19,?0.00
1733,TXN2026101732,USR3185,MER40,Travel & Hospitality,PPI Wallet UPI,"?14,081.76",Failed,8/25/2026 8:56,?0.00
1734,TXN2026101733,USR3036,MER42,Food & Dining,Bank UPI (Direct),"?9,143.40",Success,9/9/2026 7:50,?0.00
1735,TXN2026101734,USR3707,MER34,Groceries & Supermarkets,Bank UPI (Direct),"?5,768.23",Success,8/22/2026 0:46,?0.00
1736,TXN2026101735,USR1800,MER41,Groceries & Supermarkets,Bank UPI (Direct),"?4,013.46",Success,8/31/2026 17:58,?0.00
1737,TXN2026101736,USR3559,MER19,Travel & Hospitality,Bank UPI (Direct),"?10,845.40",Success,8/18/2026 20:17,?0.00
1738,TXN2026101737,USR2255,MER18,Groceries & Supermarkets,PPI Wallet UPI,"?9,237.15",Success,9/3/2026 0:20,?101.61
1739,TXN2026101738,USR4176,MER21,Electronics & Gadgets,PPI Wallet UPI,"?6,001.37",Success,8/4/2026 7:15,?66.02
1740,TXN2026101739,USR4340,MER50,Groceries & Supermarkets,PPI Wallet UPI,"?3,729.80",Success,9/5/2026 19:14,?41.03
1741,TXN2026101740,USR3552,MER22,Groceries & Supermarkets,Bank UPI (Direct),"?7,340.70",Success,8/26/2026 6:17,?0.00
1742,TXN2026101741,USR2869,MER34,Food & Dining,Bank UPI (Direct),"?8,724.75",Success,9/14/2026 1:07,?0.00
1743,TXN2026101742,USR4543,MER27,Electronics & Gadgets,Bank UPI (Direct),"?2,932.91",Success,8/28/2026 16:10,?0.00
1744,TXN2026101743,USR4695,MER32,Groceries & Supermarkets,PPI Wallet UPI,"?8,870.55",Success,8/15/2026 20:56,?97.58
1745,TXN2026101744,USR2740,MER22,Groceries & Supermarkets,Bank UPI (Direct),"?10,214.87",Success,8/9/2026 6:39,?0.00
1746,TXN2026101745,USR2671,MER32,Food & Dining,PPI Wallet UPI,"?5,014.09",Success,9/5/2026 13:26,?55.15
1747,TXN2026101746,USR3334,MER49,Groceries & Supermarkets,PPI Wallet UPI,"?3,340.49",Success,8/10/2026 23:36,?36.75
1748,TXN2026101747,USR2369,MER24,Travel & Hospitality,PPI Wallet UPI,"?9,253.33",Success,9/2/2026 19:47,?101.79
1749,TXN2026101748,USR1136,MER11,Groceries & Supermarkets,PPI Wallet UPI,"?9,515.76",Success,8/31/2026 14:59,?104.67
1750,TXN2026101749,USR1663,MER14,Groceries & Supermarkets,Bank UPI (Direct),"?3,661.12",Success,9/13/2026 11:28,?0.00
1751,TXN2026101750,USR4735,MER22,Groceries & Supermarkets,Bank UPI (Direct),"?14,187.32",Success,8/10/2026 9:13,?0.00
1752,TXN2026101751,USR2927,MER29,Groceries & Supermarkets,Credit Card on UPI,"?3,045.68",Success,8/23/2026 12:27,?0.00
1753,TXN2026101752,USR1535,MER19,Groceries & Supermarkets,Bank UPI (Direct),"?9,944.26",Success,9/14/2026 12:07,?0.00
1754,TXN2026101753,USR3235,MER17,Groceries & Supermarkets,Bank UPI (Direct),"?8,700.27",Success,9/14/2026 7:27,?0.00
1755,TXN2026101754,USR3231,MER34,Groceries & Supermarkets,PPI Wallet UPI,"?9,180.72",Success,8/28/2026 18:47,?100.99
1756,TXN2026101755,USR3395,MER36,Groceries & Supermarkets,Credit Card on UPI,"?2,098.29",Failed,9/8/2026 4:07,?0.00
1757,TXN2026101756,USR3088,MER46,Groceries & Supermarkets,Bank UPI (Direct),"?3,844.50",Success,8/13/2026 15:57,?0.00
1758,TXN2026101757,USR4249,MER19,Groceries & Supermarkets,Bank UPI (Direct),"?1,030.77",Success,8/7/2026 4:19,?0.00
1759,TXN2026101758,USR1519,MER17,Electronics & Gadgets,PPI Wallet UPI,"?12,355.40",Success,8/25/2026 12:22,?135.91
1760,TXN2026101759,USR2341,MER20,Groceries & Supermarkets,PPI Wallet UPI,"?8,363.70",Success,9/2/2026 23:41,?92.00
1761,TXN2026101760,USR4627,MER32,Travel & Hospitality,Bank UPI (Direct),"?13,165.03",Success,8/26/2026 13:27,?0.00
1762,TXN2026101761,USR4262,MER42,Food & Dining,Bank UPI (Direct),"?2,240.39",Success,8/27/2026 15:22,?0.00
1763,TXN2026101762,USR1769,MER12,Food & Dining,Bank UPI (Direct),"?3,833.20",Success,8/29/2026 11:33,?0.00
1764,TXN2026101763,USR2677,MER31,Food & Dining,Bank UPI (Direct),"?8,905.53",Failed,9/2/2026 11:26,?0.00
1765,TXN2026101764,USR4356,MER50,Food & Dining,Credit Card on UPI,"?5,114.94",Success,8/25/2026 22:25,?0.00
1766,TXN2026101765,USR4683,MER39,Groceries & Supermarkets,Bank UPI (Direct),"?7,717.92",Success,8/25/2026 20:53,?0.00
1767,TXN2026101766,USR3454,MER12,Electronics & Gadgets,Bank UPI (Direct),"?5,168.42",Success,9/7/2026 2:25,?0.00
1768,TXN2026101767,USR1143,MER49,Electronics & Gadgets,Bank UPI (Direct),"?12,874.09",Failed,9/12/2026 10:43,?0.00
1769,TXN2026101768,USR3320,MER17,Electronics & Gadgets,PPI Wallet UPI,"?2,819.30",Success,8/18/2026 8:52,?31.01
1770,TXN2026101769,USR3196,MER25,Groceries & Supermarkets,PPI Wallet UPI,"?6,689.83",Success,8/19/2026 2:34,?73.59
1771,TXN2026101770,USR2185,MER44,Groceries & Supermarkets,PPI Wallet UPI,"?12,260.63",Success,8/21/2026 0:36,?134.87
1772,TXN2026101771,USR4246,MER37,Groceries & Supermarkets,PPI Wallet UPI,"?12,105.56",Success,8/22/2026 4:46,?133.16
1773,TXN2026101772,USR4554,MER41,Food & Dining,PPI Wallet UPI,"?11,345.04",Success,8/25/2026 15:22,?124.80
1774,TXN2026101773,USR3028,MER39,Food & Dining,Bank UPI (Direct),"?1,570.10",Success,8/23/2026 10:48,?0.00
1775,TXN2026101774,USR2542,MER16,Groceries & Supermarkets,Bank UPI (Direct),"?4,488.16",Success,8/15/2026 18:23,?0.00
1776,TXN2026101775,USR1243,MER35,Groceries & Supermarkets,Bank UPI (Direct),"?1,621.47",Success,8/8/2026 9:22,?0.00
1777,TXN2026101776,USR2505,MER29,Electronics & Gadgets,Bank UPI (Direct),"?4,024.61",Success,9/9/2026 22:32,?0.00
1778,TXN2026101777,USR2025,MER36,Food & Dining,Bank UPI (Direct),"?14,082.07",Success,9/10/2026 15:28,?0.00
1779,TXN2026101778,USR4769,MER12,Groceries & Supermarkets,Bank UPI (Direct),"?11,145.12",Success,8/31/2026 3:27,?0.00
1780,TXN2026101779,USR4224,MER27,Groceries & Supermarkets,PPI Wallet UPI,"?7,820.85",Success,8/21/2026 17:04,?86.03
1781,TXN2026101780,USR3959,MER18,Electronics & Gadgets,Credit Card on UPI,"?7,411.29",Success,9/7/2026 13:58,?0.00
1782,TXN2026101781,USR3975,MER23,Travel & Hospitality,PPI Wallet UPI,"?11,512.29",Success,9/9/2026 5:42,?126.64
1783,TXN2026101782,USR3790,MER20,Food & Dining,PPI Wallet UPI,"?7,820.36",Success,8/15/2026 10:52,?86.02
1784,TXN2026101783,USR1922,MER23,Food & Dining,Bank UPI (Direct),"?9,971.21",Success,8/6/2026 6:19,?0.00
1785,TXN2026101784,USR2368,MER27,Food & Dining,Credit Card on UPI,"?12,908.72",Success,8/7/2026 4:21,?0.00
1786,TXN2026101785,USR2325,MER39,Groceries & Supermarkets,PPI Wallet UPI,"?12,448.39",Success,9/8/2026 11:13,?136.93
1787,TXN2026101786,USR2620,MER15,Groceries & Supermarkets,PPI Wallet UPI,"?9,448.43",Success,8/1/2026 19:12,?103.93
1788,TXN2026101787,USR3021,MER44,Groceries & Supermarkets,Credit Card on UPI,"?4,327.40",Success,8/28/2026 7:06,?0.00
1789,TXN2026101788,USR2930,MER18,Groceries & Supermarkets,Credit Card on UPI,"?7,206.49",Success,8/1/2026 5:18,?0.00
1790,TXN2026101789,USR4469,MER11,Electronics & Gadgets,Bank UPI (Direct),"?11,743.22",Success,8/14/2026 21:43,?0.00
1791,TXN2026101790,USR1774,MER46,Groceries & Supermarkets,PPI Wallet UPI,"?12,389.93",Success,9/11/2026 6:34,?136.29
1792,TXN2026101791,USR3333,MER48,Travel & Hospitality,PPI Wallet UPI,"?9,807.57",Success,9/12/2026 21:10,?107.88
1793,TXN2026101792,USR1951,MER17,Groceries & Supermarkets,Bank UPI (Direct),"?10,783.77",Success,8/8/2026 0:20,?0.00
1794,TXN2026101793,USR1528,MER24,Groceries & Supermarkets,Bank UPI (Direct),"?3,915.78",Success,9/3/2026 23:36,?0.00
1795,TXN2026101794,USR1261,MER33,Food & Dining,PPI Wallet UPI,"?4,748.76",Success,8/7/2026 4:19,?52.24
1796,TXN2026101795,USR2803,MER25,Travel & Hospitality,PPI Wallet UPI,"?14,090.94",Success,8/3/2026 15:22,?155.00
1797,TXN2026101796,USR4286,MER10,Electronics & Gadgets,Bank UPI (Direct),?467.02,Success,9/8/2026 15:10,?0.00
1798,TXN2026101797,USR4237,MER26,Groceries & Supermarkets,PPI Wallet UPI,"?5,616.14",Success,8/9/2026 19:36,?61.78
1799,TXN2026101798,USR1209,MER11,Travel & Hospitality,Bank UPI (Direct),"?7,047.21",Failed,9/4/2026 8:30,?0.00
1800,TXN2026101799,USR4663,MER31,Groceries & Supermarkets,Bank UPI (Direct),?178.64,Success,8/21/2026 4:50,?0.00
1801,TXN2026101800,USR1639,MER11,Travel & Hospitality,PPI Wallet UPI,"?8,423.57",Success,9/7/2026 2:03,?92.66
1802,TXN2026101801,USR4104,MER15,Groceries & Supermarkets,Credit Card on UPI,"?2,288.33",Success,9/1/2026 14:26,?0.00
1803,TXN2026101802,USR3738,MER22,Travel & Hospitality,Bank UPI (Direct),"?12,848.81",Success,8/2/2026 9:04,?0.00
1804,TXN2026101803,USR1556,MER17,Groceries & Supermarkets,Bank UPI (Direct),"?2,525.36",Success,8/6/2026 18:46,?0.00
1805,TXN2026101804,USR4557,MER10,Electronics & Gadgets,Bank UPI (Direct),"?5,688.24",Success,8/13/2026 13:58,?0.00
1806,TXN2026101805,USR4228,MER13,Food & Dining,PPI Wallet UPI,"?13,889.62",Success,8/23/2026 4:48,?152.79
1807,TXN2026101806,USR4853,MER47,Groceries & Supermarkets,Credit Card on UPI,"?4,048.61",Success,9/10/2026 12:04,?0.00
1808,TXN2026101807,USR1666,MER10,Food & Dining,PPI Wallet UPI,"?12,443.89",Success,9/6/2026 13:29,?136.88
1809,TXN2026101808,USR2373,MER28,Electronics & Gadgets,Credit Card on UPI,"?11,587.51",Success,8/6/2026 16:43,?0.00
1810,TXN2026101809,USR1723,MER13,Groceries & Supermarkets,Bank UPI (Direct),"?3,815.01",Success,9/9/2026 10:58,?0.00
1811,TXN2026101810,USR1370,MER45,Food & Dining,Bank UPI (Direct),"?9,200.96",Success,8/30/2026 18:58,?0.00
1812,TXN2026101811,USR2084,MER16,Food & Dining,Bank UPI (Direct),"?14,143.67",Success,8/7/2026 8:54,?0.00
1813,TXN2026101812,USR1065,MER50,Travel & Hospitality,Bank UPI (Direct),?48.73,Success,8/24/2026 3:29,?0.00
1814,TXN2026101813,USR1832,MER34,Food & Dining,PPI Wallet UPI,?615.87,Failed,9/7/2026 4:01,?0.00
1815,TXN2026101814,USR1058,MER24,Electronics & Gadgets,PPI Wallet UPI,"?8,627.48",Success,9/14/2026 18:35,?94.90
1816,TXN2026101815,USR4675,MER37,Groceries & Supermarkets,Bank UPI (Direct),"?14,839.71",Success,8/29/2026 22:28,?0.00
1817,TXN2026101816,USR2766,MER26,Groceries & Supermarkets,PPI Wallet UPI,"?13,305.98",Success,9/1/2026 19:18,?146.37
1818,TXN2026101817,USR1455,MER11,Groceries & Supermarkets,PPI Wallet UPI,"?10,524.79",Success,9/11/2026 13:26,?115.77
1819,TXN2026101818,USR4193,MER23,Groceries & Supermarkets,PPI Wallet UPI,"?2,587.98",Success,8/12/2026 5:27,?28.47
1820,TXN2026101819,USR4859,MER35,Travel & Hospitality,Bank UPI (Direct),"?10,230.95",Success,8/18/2026 19:02,?0.00
1821,TXN2026101820,USR3365,MER35,Groceries & Supermarkets,Bank UPI (Direct),?170.99,Success,9/7/2026 9:35,?0.00
1822,TXN2026101821,USR1842,MER10,Electronics & Gadgets,Bank UPI (Direct),"?13,833.59",Success,8/3/2026 0:49,?0.00
1823,TXN2026101822,USR3178,MER35,Travel & Hospitality,Bank UPI (Direct),"?11,176.64",Success,8/22/2026 23:28,?0.00
1824,TXN2026101823,USR3936,MER41,Electronics & Gadgets,PPI Wallet UPI,"?8,489.60",Success,8/7/2026 1:44,?93.39
1825,TXN2026101824,USR4311,MER15,Groceries & Supermarkets,Bank UPI (Direct),"?3,639.91",Success,8/4/2026 15:52,?0.00
1826,TXN2026101825,USR1604,MER40,Food & Dining,PPI Wallet UPI,"?5,215.99",Success,9/14/2026 20:45,?57.38
1827,TXN2026101826,USR1069,MER18,Groceries & Supermarkets,Bank UPI (Direct),"?8,189.93",Pending,8/14/2026 19:38,?0.00
1828,TXN2026101827,USR4120,MER22,Groceries & Supermarkets,Bank UPI (Direct),"?7,458.98",Success,8/29/2026 22:30,?0.00
1829,TXN2026101828,USR2050,MER13,Groceries & Supermarkets,PPI Wallet UPI,"?1,967.71",Success,8/11/2026 23:17,?0.00
1830,TXN2026101829,USR3559,MER12,Groceries & Supermarkets,PPI Wallet UPI,"?7,080.87",Success,8/20/2026 5:50,?77.89
1831,TXN2026101830,USR1361,MER36,Travel & Hospitality,Bank UPI (Direct),"?11,694.93",Success,9/9/2026 14:41,?0.00
1832,TXN2026101831,USR2816,MER31,Electronics & Gadgets,Credit Card on UPI,"?6,008.96",Success,9/13/2026 17:21,?0.00
1833,TXN2026101832,USR2696,MER11,Electronics & Gadgets,Bank UPI (Direct),"?6,652.00",Success,9/15/2026 4:20,?0.00
1834,TXN2026101833,USR3854,MER49,Travel & Hospitality,PPI Wallet UPI,"?5,851.84",Success,9/11/2026 10:19,?64.37
1835,TXN2026101834,USR1885,MER23,Groceries & Supermarkets,Bank UPI (Direct),"?11,930.78",Success,9/9/2026 12:28,?0.00
1836,TXN2026101835,USR1650,MER48,Travel & Hospitality,Bank UPI (Direct),"?8,786.93",Success,8/21/2026 3:20,?0.00
1837,TXN2026101836,USR1534,MER34,Groceries & Supermarkets,Bank UPI (Direct),"?12,387.84",Success,9/8/2026 21:38,?0.00
1838,TXN2026101837,USR4069,MER38,Groceries & Supermarkets,Credit Card on UPI,"?5,962.84",Success,8/3/2026 22:24,?0.00
1839,TXN2026101838,USR1246,MER27,Food & Dining,PPI Wallet UPI,"?2,781.44",Success,9/12/2026 9:02,?30.60
1840,TXN2026101839,USR4640,MER49,Food & Dining,PPI Wallet UPI,"?4,773.90",Success,8/30/2026 14:52,?52.51
1841,TXN2026101840,USR4020,MER13,Food & Dining,PPI Wallet UPI,"?12,115.06",Success,9/11/2026 8:21,?133.27
1842,TXN2026101841,USR2666,MER39,Food & Dining,Bank UPI (Direct),"?1,482.88",Pending,8/14/2026 20:13,?0.00
1843,TXN2026101842,USR4763,MER22,Groceries & Supermarkets,Bank UPI (Direct),"?1,326.24",Success,8/7/2026 6:00,?0.00
1844,TXN2026101843,USR3121,MER17,Electronics & Gadgets,PPI Wallet UPI,"?13,133.89",Success,9/13/2026 13:28,?144.47
1845,TXN2026101844,USR3351,MER16,Food & Dining,Credit Card on UPI,"?10,181.01",Success,9/5/2026 17:25,?0.00
1846,TXN2026101845,USR3382,MER50,Groceries & Supermarkets,PPI Wallet UPI,"?13,790.40",Success,9/9/2026 14:01,?151.69
1847,TXN2026101846,USR3789,MER29,Food & Dining,Bank UPI (Direct),"?3,568.87",Success,9/7/2026 23:04,?0.00
1848,TXN2026101847,USR1918,MER21,Electronics & Gadgets,Bank UPI (Direct),"?3,474.29",Failed,9/8/2026 2:01,?0.00
1849,TXN2026101848,USR3778,MER38,Travel & Hospitality,Bank UPI (Direct),"?3,105.65",Success,8/8/2026 2:53,?0.00
1850,TXN2026101849,USR4591,MER22,Electronics & Gadgets,Bank UPI (Direct),"?13,005.43",Success,8/1/2026 10:39,?0.00
1851,TXN2026101850,USR3828,MER21,Electronics & Gadgets,Credit Card on UPI,"?7,973.28",Success,8/16/2026 20:25,?0.00
1852,TXN2026101851,USR4696,MER24,Food & Dining,Bank UPI (Direct),"?11,732.37",Success,8/22/2026 23:42,?0.00
1853,TXN2026101852,USR3634,MER25,Groceries & Supermarkets,Bank UPI (Direct),?800.07,Success,9/5/2026 11:19,?0.00
1854,TXN2026101853,USR4684,MER37,Food & Dining,Bank UPI (Direct),"?2,107.96",Success,8/28/2026 9:12,?0.00
1855,TXN2026101854,USR4467,MER41,Electronics & Gadgets,Bank UPI (Direct),"?2,479.96",Success,8/25/2026 4:18,?0.00
1856,TXN2026101855,USR2003,MER13,Electronics & Gadgets,PPI Wallet UPI,"?4,683.10",Success,9/6/2026 17:56,?51.51
1857,TXN2026101856,USR4671,MER14,Groceries & Supermarkets,Credit Card on UPI,"?10,799.97",Success,8/13/2026 6:19,?0.00
1858,TXN2026101857,USR2740,MER48,Groceries & Supermarkets,PPI Wallet UPI,?553.04,Success,8/27/2026 11:30,?0.00
1859,TXN2026101858,USR4456,MER33,Food & Dining,Credit Card on UPI,"?12,528.37",Success,8/12/2026 15:48,?0.00
1860,TXN2026101859,USR4463,MER24,Food & Dining,PPI Wallet UPI,"?10,712.16",Success,9/4/2026 4:43,?117.83
1861,TXN2026101860,USR4044,MER18,Groceries & Supermarkets,PPI Wallet UPI,"?11,697.49",Success,8/4/2026 5:16,?128.67
1862,TXN2026101861,USR3088,MER33,Groceries & Supermarkets,PPI Wallet UPI,"?9,308.63",Success,8/8/2026 11:22,?102.39
1863,TXN2026101862,USR4454,MER18,Groceries & Supermarkets,PPI Wallet UPI,"?8,863.96",Success,8/2/2026 19:09,?97.50
1864,TXN2026101863,USR3589,MER11,Food & Dining,Bank UPI (Direct),"?13,761.12",Success,8/27/2026 19:13,?0.00
1865,TXN2026101864,USR4949,MER39,Groceries & Supermarkets,Bank UPI (Direct),"?3,866.74",Success,8/4/2026 1:12,?0.00
1866,TXN2026101865,USR1106,MER13,Groceries & Supermarkets,PPI Wallet UPI,"?2,898.07",Success,8/9/2026 15:24,?31.88
1867,TXN2026101866,USR4199,MER33,Groceries & Supermarkets,Bank UPI (Direct),"?14,084.17",Success,8/29/2026 22:38,?0.00
1868,TXN2026101867,USR1941,MER49,Travel & Hospitality,Bank UPI (Direct),"?10,594.80",Success,9/5/2026 10:07,?0.00
1869,TXN2026101868,USR1541,MER33,Groceries & Supermarkets,Credit Card on UPI,"?12,983.49",Success,8/4/2026 4:47,?0.00
1870,TXN2026101869,USR4305,MER44,Groceries & Supermarkets,PPI Wallet UPI,"?12,285.68",Success,8/1/2026 3:10,?135.14
1871,TXN2026101870,USR1832,MER17,Food & Dining,Bank UPI (Direct),"?9,433.53",Success,8/28/2026 19:56,?0.00
1872,TXN2026101871,USR2857,MER28,Food & Dining,PPI Wallet UPI,"?11,938.26",Success,8/10/2026 21:54,?131.32
1873,TXN2026101872,USR2163,MER45,Travel & Hospitality,Credit Card on UPI,"?1,272.78",Success,8/14/2026 15:33,?0.00
1874,TXN2026101873,USR2456,MER34,Travel & Hospitality,Bank UPI (Direct),"?6,348.71",Success,8/17/2026 16:32,?0.00
1875,TXN2026101874,USR4176,MER32,Groceries & Supermarkets,Credit Card on UPI,"?13,652.54",Success,9/13/2026 8:36,?0.00
1876,TXN2026101875,USR1389,MER11,Food & Dining,PPI Wallet UPI,"?13,262.30",Success,8/5/2026 0:13,?145.89
1877,TXN2026101876,USR4950,MER32,Electronics & Gadgets,Bank UPI (Direct),"?4,505.29",Success,9/7/2026 6:34,?0.00
1878,TXN2026101877,USR3278,MER32,Groceries & Supermarkets,PPI Wallet UPI,?451.67,Success,9/1/2026 2:25,?0.00
1879,TXN2026101878,USR4027,MER24,Travel & Hospitality,Bank UPI (Direct),"?13,088.12",Success,8/1/2026 15:43,?0.00
1880,TXN2026101879,USR4474,MER43,Groceries & Supermarkets,Bank UPI (Direct),"?13,922.25",Success,9/6/2026 13:06,?0.00
1881,TXN2026101880,USR4102,MER33,Electronics & Gadgets,Bank UPI (Direct),"?8,348.39",Success,8/3/2026 4:56,?0.00
1882,TXN2026101881,USR3615,MER42,Electronics & Gadgets,Bank UPI (Direct),"?4,100.04",Success,8/19/2026 16:14,?0.00
1883,TXN2026101882,USR2473,MER27,Food & Dining,Bank UPI (Direct),"?1,033.14",Success,9/8/2026 14:41,?0.00
1884,TXN2026101883,USR1549,MER48,Electronics & Gadgets,Bank UPI (Direct),?897.58,Success,9/1/2026 8:57,?0.00
1885,TXN2026101884,USR4319,MER49,Food & Dining,PPI Wallet UPI,"?14,915.97",Failed,8/12/2026 23:06,?0.00
1886,TXN2026101885,USR2050,MER50,Groceries & Supermarkets,PPI Wallet UPI,"?1,891.62",Success,8/4/2026 19:19,?0.00
1887,TXN2026101886,USR2804,MER21,Groceries & Supermarkets,Bank UPI (Direct),"?11,027.84",Success,8/12/2026 1:52,?0.00
1888,TXN2026101887,USR2695,MER22,Travel & Hospitality,Bank UPI (Direct),"?11,395.19",Success,8/22/2026 10:36,?0.00
1889,TXN2026101888,USR2686,MER30,Food & Dining,Bank UPI (Direct),"?6,126.18",Success,9/11/2026 10:02,?0.00
1890,TXN2026101889,USR2150,MER28,Groceries & Supermarkets,PPI Wallet UPI,"?2,358.79",Success,8/16/2026 13:45,?25.95
1891,TXN2026101890,USR1753,MER18,Travel & Hospitality,Credit Card on UPI,"?6,540.97",Success,9/13/2026 19:06,?0.00
1892,TXN2026101891,USR2023,MER50,Travel & Hospitality,Bank UPI (Direct),"?13,738.39",Success,8/27/2026 4:22,?0.00
1893,TXN2026101892,USR4496,MER19,Groceries & Supermarkets,PPI Wallet UPI,"?4,666.54",Success,8/17/2026 23:34,?51.33
1894,TXN2026101893,USR2672,MER16,Groceries & Supermarkets,Bank UPI (Direct),"?7,470.96",Success,9/14/2026 12:53,?0.00
1895,TXN2026101894,USR4705,MER17,Groceries & Supermarkets,Bank UPI (Direct),"?7,496.62",Success,8/28/2026 19:32,?0.00
1896,TXN2026101895,USR1656,MER21,Groceries & Supermarkets,PPI Wallet UPI,"?13,713.55",Success,9/9/2026 7:40,?150.85
1897,TXN2026101896,USR4604,MER13,Travel & Hospitality,Bank UPI (Direct),"?11,161.37",Success,9/1/2026 11:08,?0.00
1898,TXN2026101897,USR2383,MER10,Groceries & Supermarkets,PPI Wallet UPI,"?14,892.33",Success,8/14/2026 15:32,?163.82
1899,TXN2026101898,USR3589,MER16,Food & Dining,Bank UPI (Direct),"?11,213.89",Success,8/28/2026 2:48,?0.00
1900,TXN2026101899,USR2534,MER22,Groceries & Supermarkets,Credit Card on UPI,"?8,960.49",Success,9/2/2026 4:01,?0.00
1901,TXN2026101900,USR3879,MER46,Electronics & Gadgets,Bank UPI (Direct),"?12,172.84",Success,9/7/2026 9:32,?0.00
1902,TXN2026101901,USR3738,MER23,Food & Dining,Bank UPI (Direct),"?10,129.94",Success,9/1/2026 1:55,?0.00
1903,TXN2026101902,USR3899,MER10,Electronics & Gadgets,Bank UPI (Direct),"?7,419.99",Success,8/7/2026 23:43,?0.00
1904,TXN2026101903,USR1504,MER23,Groceries & Supermarkets,Credit Card on UPI,"?4,959.32",Success,8/5/2026 13:03,?0.00
1905,TXN2026101904,USR1510,MER20,Travel & Hospitality,Bank UPI (Direct),?253.81,Success,9/13/2026 10:09,?0.00
1906,TXN2026101905,USR3953,MER24,Electronics & Gadgets,Credit Card on UPI,"?7,479.03",Success,9/1/2026 20:31,?0.00
1907,TXN2026101906,USR2660,MER22,Groceries & Supermarkets,PPI Wallet UPI,"?3,603.48",Success,8/31/2026 18:17,?39.64
1908,TXN2026101907,USR1847,MER21,Groceries & Supermarkets,Bank UPI (Direct),"?13,403.11",Success,8/21/2026 6:52,?0.00
1909,TXN2026101908,USR3871,MER15,Electronics & Gadgets,Bank UPI (Direct),"?2,154.69",Pending,9/6/2026 10:10,?0.00
1910,TXN2026101909,USR4025,MER15,Groceries & Supermarkets,Bank UPI (Direct),"?8,229.72",Success,8/11/2026 22:21,?0.00
1911,TXN2026101910,USR3629,MER30,Groceries & Supermarkets,PPI Wallet UPI,"?8,599.87",Success,8/12/2026 10:05,?94.60
1912,TXN2026101911,USR2409,MER26,Electronics & Gadgets,PPI Wallet UPI,"?3,998.82",Success,8/18/2026 22:03,?43.99
1913,TXN2026101912,USR4614,MER35,Food & Dining,PPI Wallet UPI,"?7,712.47",Success,8/3/2026 19:47,?84.84
1914,TXN2026101913,USR4461,MER44,Groceries & Supermarkets,PPI Wallet UPI,"?5,347.52",Success,8/9/2026 11:52,?58.82
1915,TXN2026101914,USR4947,MER27,Food & Dining,Bank UPI (Direct),"?1,376.20",Success,8/17/2026 19:12,?0.00
1916,TXN2026101915,USR1100,MER16,Groceries & Supermarkets,Bank UPI (Direct),"?3,263.78",Success,8/21/2026 12:47,?0.00
1917,TXN2026101916,USR3354,MER19,Groceries & Supermarkets,Bank UPI (Direct),?736.29,Success,9/8/2026 6:56,?0.00
1918,TXN2026101917,USR4857,MER14,Travel & Hospitality,Bank UPI (Direct),"?13,275.76",Success,8/29/2026 16:30,?0.00
1919,TXN2026101918,USR4684,MER23,Groceries & Supermarkets,Bank UPI (Direct),"?10,281.35",Success,8/29/2026 13:21,?0.00
1920,TXN2026101919,USR2109,MER31,Food & Dining,PPI Wallet UPI,"?13,399.33",Success,8/8/2026 11:54,?147.39
1921,TXN2026101920,USR2823,MER29,Electronics & Gadgets,PPI Wallet UPI,"?3,109.05",Success,9/13/2026 22:24,?34.20
1922,TXN2026101921,USR3217,MER31,Groceries & Supermarkets,Credit Card on UPI,"?8,762.54",Success,9/10/2026 9:02,?0.00
1923,TXN2026101922,USR1728,MER25,Food & Dining,Bank UPI (Direct),"?12,834.33",Failed,8/3/2026 19:01,?0.00
1924,TXN2026101923,USR2645,MER20,Electronics & Gadgets,Bank UPI (Direct),"?6,419.26",Pending,9/5/2026 7:12,?0.00
1925,TXN2026101924,USR4094,MER40,Food & Dining,Bank UPI (Direct),"?3,553.77",Success,8/1/2026 10:09,?0.00
1926,TXN2026101925,USR1589,MER31,Electronics & Gadgets,Credit Card on UPI,"?9,568.17",Success,8/17/2026 8:31,?0.00
1927,TXN2026101926,USR4798,MER46,Groceries & Supermarkets,Bank UPI (Direct),"?14,685.04",Success,9/10/2026 8:40,?0.00
1928,TXN2026101927,USR1496,MER42,Travel & Hospitality,PPI Wallet UPI,"?2,401.84",Success,8/13/2026 10:00,?26.42
1929,TXN2026101928,USR4256,MER22,Food & Dining,PPI Wallet UPI,"?10,762.98",Success,9/13/2026 20:12,?118.39
1930,TXN2026101929,USR3098,MER13,Food & Dining,Bank UPI (Direct),"?8,285.24",Success,8/1/2026 4:36,?0.00
1931,TXN2026101930,USR3165,MER38,Groceries & Supermarkets,Bank UPI (Direct),"?9,915.79",Success,8/13/2026 4:59,?0.00
1932,TXN2026101931,USR4171,MER29,Electronics & Gadgets,Bank UPI (Direct),"?14,346.63",Success,8/8/2026 17:10,?0.00
1933,TXN2026101932,USR4951,MER18,Groceries & Supermarkets,Credit Card on UPI,"?8,648.01",Success,8/4/2026 23:05,?0.00
1934,TXN2026101933,USR4421,MER50,Groceries & Supermarkets,PPI Wallet UPI,"?2,147.08",Success,8/30/2026 1:34,?23.62
1935,TXN2026101934,USR2405,MER42,Electronics & Gadgets,PPI Wallet UPI,"?2,229.34",Failed,8/15/2026 23:07,?0.00
1936,TXN2026101935,USR3619,MER30,Groceries & Supermarkets,PPI Wallet UPI,"?10,396.41",Success,8/14/2026 21:15,?114.36
1937,TXN2026101936,USR3723,MER44,Groceries & Supermarkets,Bank UPI (Direct),"?14,438.96",Success,9/13/2026 16:07,?0.00
1938,TXN2026101937,USR4272,MER17,Electronics & Gadgets,PPI Wallet UPI,"?13,610.09",Success,8/12/2026 12:09,?149.71
1939,TXN2026101938,USR1297,MER26,Electronics & Gadgets,PPI Wallet UPI,"?12,535.82",Success,8/4/2026 1:59,?137.89
1940,TXN2026101939,USR3070,MER40,Groceries & Supermarkets,Credit Card on UPI,"?4,712.73",Success,9/2/2026 19:04,?0.00
1941,TXN2026101940,USR1029,MER44,Groceries & Supermarkets,Bank UPI (Direct),"?10,103.46",Success,8/26/2026 1:25,?0.00
1942,TXN2026101941,USR2593,MER27,Groceries & Supermarkets,Bank UPI (Direct),"?12,208.16",Success,8/25/2026 20:18,?0.00
1943,TXN2026101942,USR4670,MER18,Travel & Hospitality,Credit Card on UPI,"?1,809.36",Success,9/3/2026 2:55,?0.00
1944,TXN2026101943,USR4278,MER20,Electronics & Gadgets,PPI Wallet UPI,"?13,264.56",Success,9/9/2026 20:05,?145.91
1945,TXN2026101944,USR2246,MER48,Electronics & Gadgets,Bank UPI (Direct),"?12,225.10",Success,9/4/2026 8:25,?0.00
1946,TXN2026101945,USR1597,MER15,Groceries & Supermarkets,Credit Card on UPI,"?11,880.73",Success,9/7/2026 18:36,?0.00
1947,TXN2026101946,USR2184,MER31,Food & Dining,PPI Wallet UPI,"?9,086.83",Success,8/18/2026 3:53,?99.96
1948,TXN2026101947,USR1740,MER20,Travel & Hospitality,Bank UPI (Direct),"?5,902.84",Success,9/15/2026 22:58,?0.00
1949,TXN2026101948,USR3759,MER14,Food & Dining,Bank UPI (Direct),"?9,283.93",Success,8/28/2026 16:36,?0.00
1950,TXN2026101949,USR3166,MER18,Groceries & Supermarkets,Bank UPI (Direct),"?5,166.36",Success,9/14/2026 8:26,?0.00
1951,TXN2026101950,USR3503,MER20,Electronics & Gadgets,PPI Wallet UPI,"?14,849.37",Success,8/22/2026 13:42,?163.34
1952,TXN2026101951,USR2641,MER12,Electronics & Gadgets,Credit Card on UPI,"?5,346.78",Success,9/15/2026 19:04,?0.00
1953,TXN2026101952,USR3294,MER22,Travel & Hospitality,Bank UPI (Direct),"?5,381.66",Success,9/7/2026 6:45,?0.00
1954,TXN2026101953,USR1743,MER11,Groceries & Supermarkets,Bank UPI (Direct),"?11,246.50",Success,8/18/2026 16:54,?0.00
1955,TXN2026101954,USR4248,MER32,Travel & Hospitality,Credit Card on UPI,"?7,694.64",Success,9/14/2026 14:50,?0.00
1956,TXN2026101955,USR4642,MER36,Groceries & Supermarkets,Bank UPI (Direct),"?10,528.87",Success,8/17/2026 20:25,?0.00
1957,TXN2026101956,USR4343,MER27,Groceries & Supermarkets,Credit Card on UPI,"?11,863.01",Failed,8/5/2026 2:54,?0.00
1958,TXN2026101957,USR3177,MER30,Electronics & Gadgets,Credit Card on UPI,"?6,449.92",Success,8/18/2026 9:23,?0.00
1959,TXN2026101958,USR1460,MER25,Food & Dining,PPI Wallet UPI,"?7,237.24",Success,9/12/2026 0:01,?79.61
1960,TXN2026101959,USR2125,MER38,Groceries & Supermarkets,PPI Wallet UPI,"?11,391.21",Success,9/10/2026 9:12,?125.30
1961,TXN2026101960,USR4789,MER41,Groceries & Supermarkets,Bank UPI (Direct),"?13,449.63",Success,9/11/2026 0:35,?0.00
1962,TXN2026101961,USR4582,MER36,Travel & Hospitality,Bank UPI (Direct),?875.54,Success,8/11/2026 21:24,?0.00
1963,TXN2026101962,USR1230,MER37,Food & Dining,PPI Wallet UPI,"?12,348.47",Success,8/10/2026 19:54,?135.83
1964,TXN2026101963,USR1205,MER50,Groceries & Supermarkets,PPI Wallet UPI,"?2,397.89",Success,8/14/2026 1:36,?26.38
1965,TXN2026101964,USR3628,MER12,Food & Dining,Bank UPI (Direct),"?1,139.34",Success,9/2/2026 3:27,?0.00
1966,TXN2026101965,USR3414,MER38,Food & Dining,Credit Card on UPI,"?7,646.98",Success,8/29/2026 8:07,?0.00
1967,TXN2026101966,USR3443,MER16,Electronics & Gadgets,Bank UPI (Direct),"?12,571.80",Success,8/8/2026 15:23,?0.00
1968,TXN2026101967,USR3289,MER30,Groceries & Supermarkets,Credit Card on UPI,"?10,926.75",Success,8/17/2026 2:18,?0.00
1969,TXN2026101968,USR3326,MER46,Food & Dining,Bank UPI (Direct),"?3,221.37",Success,8/9/2026 13:40,?0.00
1970,TXN2026101969,USR3778,MER35,Groceries & Supermarkets,PPI Wallet UPI,"?1,151.78",Success,8/16/2026 1:30,?0.00
1971,TXN2026101970,USR2472,MER14,Travel & Hospitality,Bank UPI (Direct),"?10,817.66",Success,8/4/2026 7:33,?0.00
1972,TXN2026101971,USR2841,MER19,Groceries & Supermarkets,PPI Wallet UPI,"?4,514.30",Success,9/12/2026 20:25,?49.66
1973,TXN2026101972,USR1023,MER47,Groceries & Supermarkets,Credit Card on UPI,"?3,032.06",Success,9/4/2026 16:33,?0.00
1974,TXN2026101973,USR2641,MER29,Travel & Hospitality,PPI Wallet UPI,"?6,360.81",Success,8/9/2026 4:51,?69.97
1975,TXN2026101974,USR1282,MER31,Groceries & Supermarkets,Bank UPI (Direct),"?9,399.21",Failed,8/9/2026 14:48,?0.00
1976,TXN2026101975,USR1151,MER36,Groceries & Supermarkets,Credit Card on UPI,"?10,458.07",Success,8/16/2026 18:15,?0.00
1977,TXN2026101976,USR3320,MER32,Groceries & Supermarkets,Bank UPI (Direct),"?10,376.64",Success,8/5/2026 9:39,?0.00
1978,TXN2026101977,USR4156,MER35,Groceries & Supermarkets,Bank UPI (Direct),"?14,199.96",Success,8/21/2026 12:12,?0.00
1979,TXN2026101978,USR4609,MER14,Electronics & Gadgets,Bank UPI (Direct),"?12,783.05",Success,8/26/2026 0:52,?0.00
1980,TXN2026101979,USR4132,MER44,Groceries & Supermarkets,PPI Wallet UPI,"?9,409.50",Success,8/19/2026 1:40,?103.50
1981,TXN2026101980,USR1618,MER11,Electronics & Gadgets,PPI Wallet UPI,"?1,298.47",Success,8/19/2026 22:58,?0.00
1982,TXN2026101981,USR3875,MER42,Groceries & Supermarkets,Bank UPI (Direct),"?8,078.54",Success,8/12/2026 7:42,?0.00
1983,TXN2026101982,USR3317,MER41,Groceries & Supermarkets,Bank UPI (Direct),"?12,016.28",Success,9/10/2026 12:22,?0.00
1984,TXN2026101983,USR2923,MER36,Groceries & Supermarkets,PPI Wallet UPI,"?7,092.28",Success,8/24/2026 7:04,?78.02
1985,TXN2026101984,USR3504,MER41,Groceries & Supermarkets,PPI Wallet UPI,"?14,338.87",Success,8/27/2026 14:22,?157.73
1986,TXN2026101985,USR4184,MER13,Groceries & Supermarkets,PPI Wallet UPI,"?1,030.91",Success,8/28/2026 19:04,?0.00
1987,TXN2026101986,USR4565,MER23,Electronics & Gadgets,Bank UPI (Direct),"?9,085.53",Success,9/13/2026 20:33,?0.00
1988,TXN2026101987,USR3114,MER10,Travel & Hospitality,PPI Wallet UPI,"?4,013.63",Success,8/17/2026 1:29,?44.15
1989,TXN2026101988,USR1522,MER47,Electronics & Gadgets,Bank UPI (Direct),"?8,178.10",Success,8/6/2026 0:14,?0.00
1990,TXN2026101989,USR4391,MER42,Groceries & Supermarkets,Credit Card on UPI,"?9,793.77",Success,9/9/2026 1:27,?0.00
1991,TXN2026101990,USR2860,MER28,Travel & Hospitality,Bank UPI (Direct),"?11,806.45",Success,8/26/2026 11:56,?0.00
1992,TXN2026101991,USR1602,MER30,Food & Dining,Bank UPI (Direct),"?10,936.11",Success,8/16/2026 11:04,?0.00
1993,TXN2026101992,USR2575,MER31,Groceries & Supermarkets,PPI Wallet UPI,"?5,194.35",Success,9/11/2026 0:28,?57.14
1994,TXN2026101993,USR2474,MER37,Groceries & Supermarkets,PPI Wallet UPI,"?3,581.71",Success,9/9/2026 14:51,?39.40
1995,TXN2026101994,USR2897,MER40,Travel & Hospitality,Credit Card on UPI,?639.10,Success,8/1/2026 17:26,?0.00
1996,TXN2026101995,USR1554,MER16,Groceries & Supermarkets,Bank UPI (Direct),"?6,633.08",Success,9/11/2026 16:06,?0.00
1997,TXN2026101996,USR1147,MER16,Food & Dining,PPI Wallet UPI,"?2,070.49",Success,9/12/2026 0:04,?22.78
1998,TXN2026101997,USR2352,MER39,Travel & Hospitality,Credit Card on UPI,"?13,232.93",Success,8/23/2026 5:50,?0.00
1999,TXN2026101998,USR1876,MER49,Groceries & Supermarkets,Bank UPI (Direct),"?4,500.15",Success,8/28/2026 13:29,?0.00
2000,TXN2026101999,USR1412,MER31,Groceries & Supermarkets,Bank UPI (Direct),"?10,020.21",Success,8/23/2026 11:36,?0.00
2001,TXN2026102000,USR3100,MER21,Groceries & Supermarkets,PPI Wallet UPI,"?4,702.94",Success,8/22/2026 12:19,?51.73
2002,TXN2026102001,USR1152,MER41,Food & Dining,PPI Wallet UPI,"?7,930.06",Failed,8/11/2026 23:19,?0.00
2003,TXN2026102002,USR2634,MER36,Groceries & Supermarkets,Bank UPI (Direct),"?10,164.41",Success,8/30/2026 13:30,?0.00
2004,TXN2026102003,USR2984,MER32,Food & Dining,Bank UPI (Direct),"?10,372.90",Success,8/22/2026 9:20,?0.00
2005,TXN2026102004,USR1694,MER12,Travel & Hospitality,PPI Wallet UPI,"?8,077.15",Success,8/10/2026 1:56,?88.85
2006,TXN2026102005,USR4089,MER22,Electronics & Gadgets,Bank UPI (Direct),"?2,499.77",Success,8/28/2026 13:23,?0.00
2007,TXN2026102006,USR1504,MER36,Electronics & Gadgets,Bank UPI (Direct),"?8,066.23",Success,8/24/2026 16:05,?0.00
2008,TXN2026102007,USR3953,MER43,Groceries & Supermarkets,Bank UPI (Direct),"?14,958.01",Success,9/13/2026 14:43,?0.00
2009,TXN2026102008,USR2015,MER38,Food & Dining,Bank UPI (Direct),?175.48,Success,8/25/2026 6:37,?0.00
2010,TXN2026102009,USR2618,MER43,Travel & Hospitality,PPI Wallet UPI,"?1,734.54",Success,9/2/2026 7:41,?0.00
2011,TXN2026102010,USR3660,MER39,Groceries & Supermarkets,Bank UPI (Direct),?941.23,Success,8/5/2026 23:14,?0.00
2012,TXN2026102011,USR3009,MER47,Food & Dining,Bank UPI (Direct),"?9,063.91",Failed,8/17/2026 8:10,?0.00
2013,TXN2026102012,USR2383,MER11,Travel & Hospitality,PPI Wallet UPI,"?12,072.96",Pending,9/14/2026 6:24,?0.00
2014,TXN2026102013,USR4574,MER49,Groceries & Supermarkets,PPI Wallet UPI,"?7,237.42",Success,9/5/2026 15:03,?79.61
2015,TXN2026102014,USR2336,MER47,Food & Dining,Bank UPI (Direct),"?4,891.96",Success,8/13/2026 0:43,?0.00
2016,TXN2026102015,USR3480,MER35,Food & Dining,Bank UPI (Direct),"?10,527.73",Success,9/8/2026 20:31,?0.00
2017,TXN2026102016,USR3187,MER33,Electronics & Gadgets,PPI Wallet UPI,"?3,462.53",Success,8/29/2026 3:59,?38.09
2018,TXN2026102017,USR3820,MER24,Groceries & Supermarkets,Bank UPI (Direct),"?7,953.84",Success,9/1/2026 9:04,?0.00
2019,TXN2026102018,USR3850,MER12,Food & Dining,Credit Card on UPI,"?11,461.34",Success,8/8/2026 20:30,?0.00
2020,TXN2026102019,USR2370,MER39,Groceries & Supermarkets,Bank UPI (Direct),"?8,150.47",Success,8/15/2026 8:03,?0.00
2021,TXN2026102020,USR4828,MER41,Travel & Hospitality,Credit Card on UPI,"?11,303.90",Success,8/1/2026 18:51,?0.00
2022,TXN2026102021,USR2107,MER23,Groceries & Supermarkets,PPI Wallet UPI,"?7,205.36",Success,9/7/2026 4:04,?79.26
2023,TXN2026102022,USR5000,MER31,Groceries & Supermarkets,PPI Wallet UPI,?141.32,Success,8/5/2026 15:37,?0.00
2024,TXN2026102023,USR2953,MER14,Groceries & Supermarkets,Credit Card on UPI,"?2,716.68",Success,8/25/2026 11:59,?0.00
2025,TXN2026102024,USR3257,MER44,Groceries & Supermarkets,PPI Wallet UPI,"?2,304.50",Success,8/6/2026 1:54,?25.35
2026,TXN2026102025,USR3283,MER14,Electronics & Gadgets,PPI Wallet UPI,"?10,197.86",Success,8/24/2026 17:33,?112.18
2027,TXN2026102026,USR3918,MER43,Electronics & Gadgets,Credit Card on UPI,"?9,028.69",Success,9/13/2026 5:02,?0.00
2028,TXN2026102027,USR2203,MER23,Electronics & Gadgets,PPI Wallet UPI,"?11,637.78",Success,8/14/2026 9:50,?128.02
2029,TXN2026102028,USR1639,MER45,Groceries & Supermarkets,Credit Card on UPI,"?2,914.94",Success,8/25/2026 11:13,?0.00
2030,TXN2026102029,USR1200,MER48,Food & Dining,Credit Card on UPI,"?9,190.19",Success,8/23/2026 22:21,?0.00
2031,TXN2026102030,USR3026,MER12,Groceries & Supermarkets,Credit Card on UPI,"?8,050.12",Success,8/17/2026 11:58,?0.00
2032,TXN2026102031,USR1922,MER50,Food & Dining,PPI Wallet UPI,"?6,838.29",Success,9/1/2026 8:16,?75.22
2033,TXN2026102032,USR3003,MER25,Electronics & Gadgets,Bank UPI (Direct),"?9,342.62",Success,9/7/2026 23:23,?0.00
2034,TXN2026102033,USR4805,MER17,Groceries & Supermarkets,PPI Wallet UPI,"?8,805.22",Success,8/25/2026 11:43,?96.86
2035,TXN2026102034,USR4993,MER27,Electronics & Gadgets,PPI Wallet UPI,"?8,996.94",Success,9/12/2026 9:55,?98.97
2036,TXN2026102035,USR2774,MER28,Groceries & Supermarkets,Credit Card on UPI,"?4,910.44",Success,8/30/2026 19:54,?0.00
2037,TXN2026102036,USR2954,MER38,Travel & Hospitality,Bank UPI (Direct),"?12,884.54",Success,9/5/2026 13:22,?0.00
2038,TXN2026102037,USR2984,MER22,Groceries & Supermarkets,PPI Wallet UPI,"?9,956.05",Success,8/16/2026 13:28,?109.52
2039,TXN2026102038,USR2182,MER43,Groceries & Supermarkets,PPI Wallet UPI,"?1,447.51",Success,8/19/2026 12:34,?0.00
2040,TXN2026102039,USR4020,MER25,Electronics & Gadgets,Credit Card on UPI,"?4,124.00",Success,8/6/2026 13:43,?0.00
2041,TXN2026102040,USR2420,MER24,Groceries & Supermarkets,PPI Wallet UPI,"?9,854.14",Success,8/24/2026 21:36,?108.40
2042,TXN2026102041,USR3636,MER13,Food & Dining,Credit Card on UPI,"?11,149.23",Success,8/17/2026 7:38,?0.00
2043,TXN2026102042,USR2582,MER14,Food & Dining,Bank UPI (Direct),"?13,074.40",Success,9/4/2026 8:13,?0.00
2044,TXN2026102043,USR2369,MER20,Groceries & Supermarkets,PPI Wallet UPI,"?6,031.37",Success,8/5/2026 13:28,?66.35
2045,TXN2026102044,USR3865,MER19,Electronics & Gadgets,Bank UPI (Direct),"?14,245.48",Success,9/1/2026 13:01,?0.00
2046,TXN2026102045,USR3619,MER12,Groceries & Supermarkets,Credit Card on UPI,"?3,647.78",Success,9/3/2026 12:11,?0.00
2047,TXN2026102046,USR4663,MER21,Electronics & Gadgets,PPI Wallet UPI,"?7,815.72",Success,8/21/2026 16:38,?85.97
2048,TXN2026102047,USR4705,MER10,Travel & Hospitality,Bank UPI (Direct),"?14,951.08",Success,9/11/2026 18:57,?0.00
2049,TXN2026102048,USR4493,MER45,Travel & Hospitality,Bank UPI (Direct),"?5,492.83",Pending,8/26/2026 22:02,?0.00
2050,TXN2026102049,USR1459,MER12,Travel & Hospitality,Bank UPI (Direct),"?5,554.36",Success,8/24/2026 9:06,?0.00
2051,TXN2026102050,USR4659,MER27,Food & Dining,Bank UPI (Direct),"?7,125.29",Success,8/6/2026 13:33,?0.00
2052,TXN2026102051,USR4010,MER42,Groceries & Supermarkets,Bank UPI (Direct),"?3,213.72",Success,8/25/2026 8:38,?0.00
2053,TXN2026102052,USR4778,MER46,Groceries & Supermarkets,Bank UPI (Direct),"?7,732.00",Success,8/12/2026 14:16,?0.00
2054,TXN2026102053,USR3079,MER28,Travel & Hospitality,Bank UPI (Direct),"?10,145.83",Success,8/22/2026 22:00,?0.00
2055,TXN2026102054,USR3042,MER49,Groceries & Supermarkets,PPI Wallet UPI,"?1,687.70",Success,8/3/2026 12:46,?0.00
2056,TXN2026102055,USR3208,MER32,Food & Dining,PPI Wallet UPI,?932.86,Success,8/26/2026 0:36,?0.00
2057,TXN2026102056,USR3941,MER11,Travel & Hospitality,Credit Card on UPI,"?10,400.30",Success,8/27/2026 23:55,?0.00
2058,TXN2026102057,USR2402,MER17,Groceries & Supermarkets,Bank UPI (Direct),"?8,650.71",Success,8/3/2026 3:14,?0.00
2059,TXN2026102058,USR4451,MER27,Food & Dining,PPI Wallet UPI,"?11,613.17",Success,9/15/2026 7:45,?127.74
2060,TXN2026102059,USR4474,MER20,Electronics & Gadgets,Bank UPI (Direct),"?7,176.12",Success,8/17/2026 22:37,?0.00
2061,TXN2026102060,USR1549,MER44,Groceries & Supermarkets,Bank UPI (Direct),"?8,488.74",Success,9/10/2026 14:13,?0.00
2062,TXN2026102061,USR4338,MER49,Groceries & Supermarkets,Credit Card on UPI,"?12,457.75",Success,8/12/2026 5:34,?0.00
2063,TXN2026102062,USR1616,MER46,Travel & Hospitality,Bank UPI (Direct),"?10,003.56",Success,8/27/2026 18:01,?0.00
2064,TXN2026102063,USR1229,MER13,Groceries & Supermarkets,Credit Card on UPI,"?14,464.25",Success,8/14/2026 22:11,?0.00
2065,TXN2026102064,USR2450,MER16,Food & Dining,Bank UPI (Direct),"?2,006.29",Success,9/15/2026 10:06,?0.00
2066,TXN2026102065,USR3571,MER25,Food & Dining,Bank UPI (Direct),"?2,500.82",Success,8/28/2026 10:35,?0.00
2067,TXN2026102066,USR1766,MER11,Electronics & Gadgets,Bank UPI (Direct),"?12,900.79",Success,8/14/2026 3:55,?0.00
2068,TXN2026102067,USR1313,MER48,Food & Dining,Bank UPI (Direct),"?13,397.98",Success,8/2/2026 17:03,?0.00
2069,TXN2026102068,USR2072,MER40,Food & Dining,Bank UPI (Direct),"?4,047.79",Success,8/28/2026 11:11,?0.00
2070,TXN2026102069,USR2921,MER28,Electronics & Gadgets,PPI Wallet UPI,"?1,563.64",Success,8/26/2026 9:46,?0.00
2071,TXN2026102070,USR4342,MER11,Groceries & Supermarkets,Credit Card on UPI,"?11,789.93",Success,9/8/2026 1:31,?0.00
2072,TXN2026102071,USR1347,MER23,Travel & Hospitality,PPI Wallet UPI,"?9,612.59",Success,8/10/2026 14:55,?105.74
2073,TXN2026102072,USR2947,MER37,Food & Dining,Credit Card on UPI,"?2,478.17",Success,8/17/2026 22:35,?0.00
2074,TXN2026102073,USR2976,MER36,Food & Dining,Bank UPI (Direct),"?8,265.29",Success,8/11/2026 15:30,?0.00
2075,TXN2026102074,USR1009,MER23,Food & Dining,Bank UPI (Direct),?64.39,Success,9/13/2026 11:26,?0.00
2076,TXN2026102075,USR2676,MER39,Electronics & Gadgets,Bank UPI (Direct),"?13,425.73",Success,8/2/2026 5:54,?0.00
2077,TXN2026102076,USR1668,MER22,Electronics & Gadgets,Bank UPI (Direct),"?6,297.53",Success,8/10/2026 9:49,?0.00
2078,TXN2026102077,USR4310,MER24,Groceries & Supermarkets,Bank UPI (Direct),"?11,247.85",Success,9/10/2026 1:30,?0.00
2079,TXN2026102078,USR1006,MER19,Electronics & Gadgets,Bank UPI (Direct),?765.51,Failed,9/9/2026 6:43,?0.00
2080,TXN2026102079,USR1668,MER17,Food & Dining,PPI Wallet UPI,"?10,695.70",Success,8/26/2026 11:48,?117.65
2081,TXN2026102080,USR2586,MER13,Groceries & Supermarkets,PPI Wallet UPI,"?9,611.65",Success,8/12/2026 4:02,?105.73
2082,TXN2026102081,USR4250,MER42,Electronics & Gadgets,PPI Wallet UPI,"?9,930.89",Success,8/19/2026 20:15,?109.24
2083,TXN2026102082,USR4789,MER31,Groceries & Supermarkets,Credit Card on UPI,"?7,691.37",Success,8/24/2026 9:48,?0.00
2084,TXN2026102083,USR4052,MER43,Food & Dining,PPI Wallet UPI,"?3,628.32",Success,8/30/2026 8:26,?39.91
2085,TXN2026102084,USR1547,MER17,Travel & Hospitality,Credit Card on UPI,"?4,580.62",Success,9/11/2026 3:42,?0.00
2086,TXN2026102085,USR3689,MER32,Groceries & Supermarkets,PPI Wallet UPI,"?13,272.14",Success,8/4/2026 3:05,?145.99
2087,TXN2026102086,USR3063,MER15,Electronics & Gadgets,Credit Card on UPI,"?11,944.98",Success,8/30/2026 10:28,?0.00
2088,TXN2026102087,USR2614,MER39,Travel & Hospitality,Credit Card on UPI,"?13,467.76",Success,8/8/2026 20:38,?0.00
2089,TXN2026102088,USR3155,MER30,Electronics & Gadgets,PPI Wallet UPI,"?3,148.70",Success,8/10/2026 8:52,?34.64
2090,TXN2026102089,USR2855,MER35,Groceries & Supermarkets,Bank UPI (Direct),?90.88,Success,8/20/2026 5:35,?0.00
2091,TXN2026102090,USR3143,MER44,Food & Dining,PPI Wallet UPI,"?4,717.84",Success,8/30/2026 1:32,?51.90
2092,TXN2026102091,USR2860,MER47,Travel & Hospitality,Bank UPI (Direct),"?2,807.69",Success,9/12/2026 3:20,?0.00
2093,TXN2026102092,USR4259,MER39,Groceries & Supermarkets,Bank UPI (Direct),"?7,618.65",Success,9/6/2026 7:20,?0.00
2094,TXN2026102093,USR2306,MER20,Travel & Hospitality,Bank UPI (Direct),"?3,876.47",Success,8/15/2026 21:38,?0.00
2095,TXN2026102094,USR1944,MER28,Travel & Hospitality,Bank UPI (Direct),"?14,658.73",Success,8/11/2026 2:25,?0.00
2096,TXN2026102095,USR2864,MER23,Food & Dining,PPI Wallet UPI,"?5,655.54",Success,8/30/2026 21:34,?62.21
2097,TXN2026102096,USR3621,MER18,Electronics & Gadgets,Bank UPI (Direct),"?13,349.78",Success,8/4/2026 18:33,?0.00
2098,TXN2026102097,USR1297,MER40,Travel & Hospitality,Bank UPI (Direct),"?13,609.11",Success,9/9/2026 7:43,?0.00
2099,TXN2026102098,USR1922,MER33,Groceries & Supermarkets,Bank UPI (Direct),"?4,520.24",Success,8/22/2026 8:22,?0.00
2100,TXN2026102099,USR1121,MER38,Groceries & Supermarkets,Bank UPI (Direct),"?14,618.50",Success,8/10/2026 2:08,?0.00
2101,TXN2026102100,USR2804,MER34,Groceries & Supermarkets,Credit Card on UPI,"?7,451.02",Success,8/30/2026 19:29,?0.00
2102,TXN2026102101,USR1882,MER10,Travel & Hospitality,Bank UPI (Direct),"?10,694.96",Failed,8/18/2026 16:56,?0.00
2103,TXN2026102102,USR4860,MER24,Groceries & Supermarkets,PPI Wallet UPI,"?6,942.59",Success,8/10/2026 13:23,?76.37
2104,TXN2026102103,USR1077,MER11,Groceries & Supermarkets,PPI Wallet UPI,"?12,887.16",Success,8/13/2026 23:13,?141.76
2105,TXN2026102104,USR1299,MER46,Groceries & Supermarkets,Bank UPI (Direct),"?12,126.31",Success,9/10/2026 21:42,?0.00
2106,TXN2026102105,USR2453,MER36,Travel & Hospitality,PPI Wallet UPI,"?14,463.04",Success,9/5/2026 23:09,?159.09
2107,TXN2026102106,USR3175,MER11,Electronics & Gadgets,PPI Wallet UPI,"?12,904.76",Success,8/12/2026 8:44,?141.95
2108,TXN2026102107,USR3387,MER48,Groceries & Supermarkets,Bank UPI (Direct),"?3,719.19",Success,8/25/2026 9:42,?0.00
2109,TXN2026102108,USR1209,MER42,Groceries & Supermarkets,PPI Wallet UPI,"?2,139.34",Success,8/23/2026 13:45,?23.53
2110,TXN2026102109,USR2812,MER50,Electronics & Gadgets,Bank UPI (Direct),"?1,063.35",Success,9/15/2026 3:02,?0.00
2111,TXN2026102110,USR1756,MER24,Groceries & Supermarkets,Bank UPI (Direct),"?2,204.81",Success,9/1/2026 1:52,?0.00
2112,TXN2026102111,USR1429,MER28,Electronics & Gadgets,Credit Card on UPI,"?13,433.52",Success,8/17/2026 3:25,?0.00
2113,TXN2026102112,USR3409,MER41,Electronics & Gadgets,PPI Wallet UPI,?623.71,Success,8/12/2026 0:56,?0.00
2114,TXN2026102113,USR4848,MER39,Electronics & Gadgets,PPI Wallet UPI,"?8,131.96",Success,8/27/2026 11:50,?89.45
2115,TXN2026102114,USR1181,MER39,Groceries & Supermarkets,PPI Wallet UPI,"?14,382.69",Success,9/12/2026 19:24,?158.21
2116,TXN2026102115,USR3513,MER28,Groceries & Supermarkets,Bank UPI (Direct),"?8,930.94",Success,8/5/2026 14:42,?0.00
2117,TXN2026102116,USR3980,MER10,Groceries & Supermarkets,Bank UPI (Direct),"?2,607.07",Failed,8/18/2026 8:37,?0.00
2118,TXN2026102117,USR3648,MER11,Groceries & Supermarkets,PPI Wallet UPI,"?1,951.48",Success,8/21/2026 17:09,?0.00
2119,TXN2026102118,USR4320,MER25,Food & Dining,Bank UPI (Direct),"?3,723.18",Success,8/26/2026 17:06,?0.00
2120,TXN2026102119,USR2471,MER13,Groceries & Supermarkets,PPI Wallet UPI,"?3,150.99",Failed,8/5/2026 12:03,?0.00
2121,TXN2026102120,USR4587,MER31,Electronics & Gadgets,Bank UPI (Direct),"?3,908.79",Success,8/18/2026 16:31,?0.00
2122,TXN2026102121,USR2351,MER19,Groceries & Supermarkets,Bank UPI (Direct),"?3,784.11",Success,8/24/2026 16:06,?0.00
2123,TXN2026102122,USR3770,MER20,Groceries & Supermarkets,Bank UPI (Direct),"?1,120.64",Pending,8/4/2026 8:28,?0.00
2124,TXN2026102123,USR3298,MER40,Groceries & Supermarkets,PPI Wallet UPI,"?7,462.24",Success,8/18/2026 12:06,?82.08
2125,TXN2026102124,USR1367,MER50,Electronics & Gadgets,PPI Wallet UPI,"?12,452.64",Success,8/27/2026 5:32,?136.98
2126,TXN2026102125,USR1762,MER32,Travel & Hospitality,PPI Wallet UPI,"?10,174.64",Success,8/20/2026 16:18,?111.92
2127,TXN2026102126,USR1866,MER45,Travel & Hospitality,PPI Wallet UPI,"?12,251.62",Success,8/31/2026 14:23,?134.77
2128,TXN2026102127,USR4255,MER49,Groceries & Supermarkets,Bank UPI (Direct),"?3,670.87",Success,9/6/2026 18:12,?0.00
2129,TXN2026102128,USR4917,MER31,Electronics & Gadgets,Bank UPI (Direct),"?5,734.86",Success,9/9/2026 5:37,?0.00
2130,TXN2026102129,USR4634,MER31,Groceries & Supermarkets,Bank UPI (Direct),"?10,738.26",Success,8/26/2026 16:21,?0.00
2131,TXN2026102130,USR1666,MER10,Food & Dining,PPI Wallet UPI,"?5,556.80",Success,8/13/2026 16:52,?61.12
2132,TXN2026102131,USR2004,MER33,Groceries & Supermarkets,Bank UPI (Direct),?795.76,Success,8/19/2026 9:45,?0.00
2133,TXN2026102132,USR4172,MER36,Food & Dining,PPI Wallet UPI,"?8,335.95",Success,9/4/2026 9:42,?91.70
2134,TXN2026102133,USR4966,MER37,Food & Dining,Credit Card on UPI,"?3,524.97",Success,8/11/2026 23:00,?0.00
2135,TXN2026102134,USR2545,MER30,Travel & Hospitality,PPI Wallet UPI,"?11,878.50",Success,8/10/2026 1:39,?130.66
2136,TXN2026102135,USR2597,MER49,Groceries & Supermarkets,PPI Wallet UPI,"?4,820.09",Success,8/22/2026 3:03,?53.02
2137,TXN2026102136,USR1042,MER49,Groceries & Supermarkets,Bank UPI (Direct),"?3,851.58",Success,8/2/2026 3:40,?0.00
2138,TXN2026102137,USR1270,MER12,Electronics & Gadgets,Bank UPI (Direct),"?6,220.34",Success,8/16/2026 17:27,?0.00
2139,TXN2026102138,USR1903,MER14,Groceries & Supermarkets,Bank UPI (Direct),"?10,452.48",Success,8/14/2026 18:01,?0.00
2140,TXN2026102139,USR1041,MER25,Groceries & Supermarkets,PPI Wallet UPI,"?7,566.26",Success,9/7/2026 8:12,?83.23
2141,TXN2026102140,USR4144,MER49,Food & Dining,Credit Card on UPI,"?8,482.84",Success,8/29/2026 22:44,?0.00
2142,TXN2026102141,USR4184,MER17,Groceries & Supermarkets,Bank UPI (Direct),"?1,571.27",Success,8/22/2026 6:55,?0.00
2143,TXN2026102142,USR2287,MER38,Electronics & Gadgets,Bank UPI (Direct),?622.96,Success,9/5/2026 4:16,?0.00
2144,TXN2026102143,USR1813,MER11,Groceries & Supermarkets,PPI Wallet UPI,"?2,296.60",Success,8/23/2026 5:32,?25.26
2145,TXN2026102144,USR1016,MER46,Electronics & Gadgets,Credit Card on UPI,"?8,282.41",Success,8/8/2026 19:48,?0.00
2146,TXN2026102145,USR4266,MER17,Groceries & Supermarkets,Bank UPI (Direct),"?14,467.60",Success,9/1/2026 23:49,?0.00
2147,TXN2026102146,USR4746,MER20,Electronics & Gadgets,Bank UPI (Direct),"?1,815.30",Success,8/30/2026 14:17,?0.00
2148,TXN2026102147,USR3522,MER38,Groceries & Supermarkets,PPI Wallet UPI,"?5,122.28",Success,8/23/2026 18:05,?56.35
2149,TXN2026102148,USR2296,MER29,Electronics & Gadgets,PPI Wallet UPI,"?8,045.31",Success,9/12/2026 10:14,?88.50
2150,TXN2026102149,USR1301,MER20,Food & Dining,Credit Card on UPI,"?12,043.88",Success,9/5/2026 1:34,?0.00
2151,TXN2026102150,USR1856,MER20,Food & Dining,PPI Wallet UPI,?932.25,Success,9/3/2026 12:31,?0.00
2152,TXN2026102151,USR4601,MER46,Electronics & Gadgets,Credit Card on UPI,"?5,062.10",Success,9/14/2026 21:44,?0.00
2153,TXN2026102152,USR3844,MER34,Groceries & Supermarkets,PPI Wallet UPI,"?2,121.88",Success,9/10/2026 7:10,?23.34
2154,TXN2026102153,USR2754,MER30,Travel & Hospitality,Bank UPI (Direct),"?6,799.11",Success,9/8/2026 9:28,?0.00
2155,TXN2026102154,USR4236,MER29,Groceries & Supermarkets,Bank UPI (Direct),"?14,807.59",Pending,9/15/2026 15:02,?0.00
2156,TXN2026102155,USR2591,MER11,Groceries & Supermarkets,PPI Wallet UPI,"?13,590.56",Success,8/28/2026 2:07,?149.50
2157,TXN2026102156,USR2938,MER14,Electronics & Gadgets,Bank UPI (Direct),"?10,839.18",Success,8/26/2026 19:26,?0.00
2158,TXN2026102157,USR4818,MER36,Groceries & Supermarkets,PPI Wallet UPI,"?11,856.19",Failed,9/9/2026 9:34,?0.00
2159,TXN2026102158,USR3366,MER33,Food & Dining,Bank UPI (Direct),"?3,847.47",Success,9/2/2026 3:11,?0.00
2160,TXN2026102159,USR4666,MER31,Groceries & Supermarkets,Bank UPI (Direct),"?7,333.47",Failed,8/5/2026 10:51,?0.00
2161,TXN2026102160,USR4314,MER42,Travel & Hospitality,Bank UPI (Direct),"?14,802.23",Success,8/17/2026 18:58,?0.00
2162,TXN2026102161,USR1903,MER39,Electronics & Gadgets,PPI Wallet UPI,"?4,297.50",Success,8/4/2026 3:35,?47.27
2163,TXN2026102162,USR1727,MER33,Electronics & Gadgets,Credit Card on UPI,"?5,895.48",Success,9/10/2026 16:17,?0.00
2164,TXN2026102163,USR1241,MER46,Food & Dining,Bank UPI (Direct),"?13,125.02",Success,9/3/2026 7:46,?0.00
2165,TXN2026102164,USR4177,MER20,Food & Dining,Bank UPI (Direct),"?6,397.29",Success,9/10/2026 6:13,?0.00
2166,TXN2026102165,USR3099,MER46,Travel & Hospitality,Bank UPI (Direct),"?7,369.08",Success,9/12/2026 18:31,?0.00
2167,TXN2026102166,USR3730,MER35,Food & Dining,Bank UPI (Direct),?140.98,Success,9/5/2026 10:36,?0.00
2168,TXN2026102167,USR3268,MER25,Groceries & Supermarkets,Bank UPI (Direct),"?6,282.80",Success,8/13/2026 17:58,?0.00
2169,TXN2026102168,USR1346,MER47,Groceries & Supermarkets,PPI Wallet UPI,"?4,226.87",Success,8/22/2026 6:31,?46.50
2170,TXN2026102169,USR3402,MER15,Groceries & Supermarkets,Credit Card on UPI,"?13,603.09",Success,9/10/2026 7:17,?0.00
2171,TXN2026102170,USR3637,MER49,Groceries & Supermarkets,Bank UPI (Direct),"?3,799.24",Success,9/5/2026 23:07,?0.00
2172,TXN2026102171,USR1098,MER47,Groceries & Supermarkets,Bank UPI (Direct),?509.04,Success,8/25/2026 14:57,?0.00
2173,TXN2026102172,USR2967,MER19,Electronics & Gadgets,PPI Wallet UPI,"?4,246.32",Success,9/1/2026 8:42,?46.71
2174,TXN2026102173,USR4736,MER30,Groceries & Supermarkets,Bank UPI (Direct),"?1,817.44",Success,9/11/2026 12:38,?0.00
2175,TXN2026102174,USR2923,MER22,Groceries & Supermarkets,Credit Card on UPI,"?1,967.46",Pending,8/24/2026 3:50,?0.00
2176,TXN2026102175,USR1157,MER46,Food & Dining,Bank UPI (Direct),"?3,135.40",Success,8/10/2026 23:47,?0.00
2177,TXN2026102176,USR3320,MER12,Groceries & Supermarkets,PPI Wallet UPI,"?9,398.69",Failed,8/9/2026 6:52,?0.00
2178,TXN2026102177,USR3248,MER28,Groceries & Supermarkets,PPI Wallet UPI,"?2,697.94",Success,8/17/2026 2:35,?29.68
2179,TXN2026102178,USR4305,MER22,Food & Dining,Bank UPI (Direct),"?9,130.65",Success,9/6/2026 23:48,?0.00
2180,TXN2026102179,USR4401,MER19,Groceries & Supermarkets,Bank UPI (Direct),"?11,918.92",Success,9/14/2026 5:45,?0.00
2181,TXN2026102180,USR3907,MER10,Groceries & Supermarkets,Bank UPI (Direct),"?11,146.23",Success,9/15/2026 5:00,?0.00
2182,TXN2026102181,USR1226,MER17,Food & Dining,Bank UPI (Direct),"?3,645.55",Success,8/4/2026 12:59,?0.00
2183,TXN2026102182,USR4753,MER39,Groceries & Supermarkets,Credit Card on UPI,"?3,704.77",Success,8/10/2026 3:14,?0.00
2184,TXN2026102183,USR1008,MER50,Travel & Hospitality,PPI Wallet UPI,"?13,424.07",Success,8/21/2026 6:05,?147.66
2185,TXN2026102184,USR2356,MER30,Groceries & Supermarkets,PPI Wallet UPI,"?9,851.68",Success,8/3/2026 0:03,?108.37
2186,TXN2026102185,USR3032,MER43,Travel & Hospitality,PPI Wallet UPI,"?1,780.82",Success,8/27/2026 18:09,?0.00
2187,TXN2026102186,USR2944,MER10,Electronics & Gadgets,Bank UPI (Direct),"?13,929.32",Success,9/5/2026 20:47,?0.00
2188,TXN2026102187,USR4305,MER36,Groceries & Supermarkets,Bank UPI (Direct),"?2,881.47",Success,8/26/2026 7:42,?0.00
2189,TXN2026102188,USR4550,MER33,Electronics & Gadgets,PPI Wallet UPI,"?11,138.81",Success,8/11/2026 2:35,?122.53
2190,TXN2026102189,USR4693,MER23,Travel & Hospitality,Bank UPI (Direct),"?5,541.83",Failed,8/9/2026 2:00,?0.00
2191,TXN2026102190,USR2909,MER26,Groceries & Supermarkets,PPI Wallet UPI,"?4,149.17",Success,8/17/2026 6:08,?45.64
2192,TXN2026102191,USR3923,MER41,Groceries & Supermarkets,PPI Wallet UPI,?674.13,Success,8/12/2026 13:00,?0.00
2193,TXN2026102192,USR4815,MER11,Travel & Hospitality,Bank UPI (Direct),"?3,282.17",Success,8/25/2026 23:00,?0.00
2194,TXN2026102193,USR1506,MER32,Food & Dining,PPI Wallet UPI,"?10,694.54",Success,8/7/2026 10:49,?117.64
2195,TXN2026102194,USR1826,MER22,Groceries & Supermarkets,Bank UPI (Direct),"?3,160.54",Success,8/8/2026 10:37,?0.00
2196,TXN2026102195,USR4082,MER27,Food & Dining,Bank UPI (Direct),"?13,194.84",Success,9/6/2026 4:00,?0.00
2197,TXN2026102196,USR3274,MER36,Groceries & Supermarkets,Bank UPI (Direct),"?12,274.73",Success,9/8/2026 11:55,?0.00
2198,TXN2026102197,USR3810,MER36,Food & Dining,Credit Card on UPI,"?4,495.49",Success,8/2/2026 21:58,?0.00
2199,TXN2026102198,USR4513,MER25,Groceries & Supermarkets,Bank UPI (Direct),"?6,933.90",Success,9/14/2026 2:58,?0.00
2200,TXN2026102199,USR3690,MER50,Food & Dining,PPI Wallet UPI,"?14,706.34",Success,8/26/2026 9:49,?161.77
2201,TXN2026102200,USR1982,MER35,Groceries & Supermarkets,PPI Wallet UPI,"?1,882.52",Failed,8/8/2026 21:14,?0.00
2202,TXN2026102201,USR2920,MER38,Groceries & Supermarkets,PPI Wallet UPI,"?7,502.02",Success,8/20/2026 23:56,?82.52
2203,TXN2026102202,USR2620,MER23,Electronics & Gadgets,Bank UPI (Direct),"?10,671.43",Success,8/10/2026 19:47,?0.00
2204,TXN2026102203,USR3631,MER36,Groceries & Supermarkets,PPI Wallet UPI,"?14,202.02",Success,9/14/2026 3:47,?156.22
2205,TXN2026102204,USR1550,MER26,Groceries & Supermarkets,PPI Wallet UPI,"?4,945.40",Success,8/5/2026 18:18,?54.40
2206,TXN2026102205,USR4547,MER41,Food & Dining,Bank UPI (Direct),"?8,418.63",Success,8/22/2026 18:45,?0.00
2207,TXN2026102206,USR1376,MER22,Groceries & Supermarkets,Bank UPI (Direct),?897.75,Success,9/12/2026 0:01,?0.00
2208,TXN2026102207,USR1471,MER13,Food & Dining,Bank UPI (Direct),"?2,818.01",Success,8/11/2026 19:55,?0.00
2209,TXN2026102208,USR2373,MER38,Groceries & Supermarkets,PPI Wallet UPI,"?7,528.17",Success,8/7/2026 6:53,?82.81
2210,TXN2026102209,USR2597,MER26,Groceries & Supermarkets,Bank UPI (Direct),"?6,819.12",Success,9/7/2026 23:18,?0.00
2211,TXN2026102210,USR1374,MER23,Groceries & Supermarkets,PPI Wallet UPI,"?7,200.65",Success,8/12/2026 20:45,?79.21
2212,TXN2026102211,USR2517,MER26,Groceries & Supermarkets,Bank UPI (Direct),"?13,638.02",Success,8/6/2026 22:00,?0.00
2213,TXN2026102212,USR2443,MER15,Food & Dining,PPI Wallet UPI,"?8,320.50",Success,8/1/2026 18:48,?91.53
2214,TXN2026102213,USR3561,MER28,Groceries & Supermarkets,Bank UPI (Direct),"?14,607.99",Success,9/10/2026 12:40,?0.00
2215,TXN2026102214,USR2318,MER44,Groceries & Supermarkets,Bank UPI (Direct),"?8,683.17",Success,9/8/2026 4:42,?0.00
2216,TXN2026102215,USR3739,MER11,Groceries & Supermarkets,Credit Card on UPI,"?5,478.47",Success,8/13/2026 20:43,?0.00
2217,TXN2026102216,USR3916,MER41,Groceries & Supermarkets,Bank UPI (Direct),"?13,071.75",Success,8/1/2026 20:30,?0.00
2218,TXN2026102217,USR3916,MER38,Groceries & Supermarkets,Bank UPI (Direct),"?13,027.34",Failed,8/12/2026 19:27,?0.00
2219,TXN2026102218,USR4101,MER46,Electronics & Gadgets,Bank UPI (Direct),"?6,342.67",Success,8/1/2026 9:46,?0.00
2220,TXN2026102219,USR3119,MER45,Food & Dining,Credit Card on UPI,"?2,432.71",Success,8/22/2026 9:51,?0.00
2221,TXN2026102220,USR4858,MER18,Food & Dining,PPI Wallet UPI,"?4,781.02",Success,8/8/2026 10:53,?52.59
2222,TXN2026102221,USR1443,MER21,Groceries & Supermarkets,PPI Wallet UPI,"?10,158.52",Success,8/15/2026 13:02,?111.74
2223,TXN2026102222,USR1558,MER43,Travel & Hospitality,Credit Card on UPI,"?8,815.88",Success,9/6/2026 1:14,?0.00
2224,TXN2026102223,USR1074,MER10,Groceries & Supermarkets,Credit Card on UPI,?645.04,Success,9/2/2026 3:27,?0.00
2225,TXN2026102224,USR2993,MER23,Groceries & Supermarkets,Bank UPI (Direct),"?1,190.84",Success,9/6/2026 22:29,?0.00
2226,TXN2026102225,USR1257,MER16,Electronics & Gadgets,PPI Wallet UPI,"?4,880.78",Success,8/19/2026 21:12,?53.69
2227,TXN2026102226,USR2097,MER37,Groceries & Supermarkets,Bank UPI (Direct),"?8,351.14",Success,8/28/2026 1:33,?0.00
2228,TXN2026102227,USR1026,MER28,Groceries & Supermarkets,Bank UPI (Direct),"?3,386.80",Success,9/8/2026 13:52,?0.00
2229,TXN2026102228,USR4975,MER33,Electronics & Gadgets,Bank UPI (Direct),"?9,712.10",Success,8/22/2026 23:39,?0.00
2230,TXN2026102229,USR4827,MER15,Groceries & Supermarkets,Bank UPI (Direct),?629.32,Success,8/23/2026 21:36,?0.00
2231,TXN2026102230,USR3004,MER25,Groceries & Supermarkets,Bank UPI (Direct),"?12,989.00",Success,9/3/2026 9:02,?0.00
2232,TXN2026102231,USR3508,MER13,Groceries & Supermarkets,Bank UPI (Direct),"?6,373.68",Success,8/8/2026 3:29,?0.00
2233,TXN2026102232,USR3687,MER19,Electronics & Gadgets,Bank UPI (Direct),"?2,214.07",Success,8/9/2026 9:12,?0.00
2234,TXN2026102233,USR1919,MER41,Groceries & Supermarkets,Bank UPI (Direct),"?10,879.85",Success,8/1/2026 15:36,?0.00
2235,TXN2026102234,USR3210,MER48,Travel & Hospitality,Bank UPI (Direct),"?4,205.52",Success,8/23/2026 17:43,?0.00
2236,TXN2026102235,USR3782,MER50,Travel & Hospitality,Bank UPI (Direct),"?1,977.77",Success,8/20/2026 22:05,?0.00
2237,TXN2026102236,USR4236,MER43,Travel & Hospitality,Credit Card on UPI,"?14,038.38",Success,8/22/2026 15:50,?0.00
2238,TXN2026102237,USR2654,MER27,Food & Dining,Bank UPI (Direct),"?8,272.32",Success,8/17/2026 12:11,?0.00
2239,TXN2026102238,USR4085,MER21,Food & Dining,Credit Card on UPI,"?9,945.05",Success,8/30/2026 11:32,?0.00
2240,TXN2026102239,USR3409,MER10,Groceries & Supermarkets,PPI Wallet UPI,"?6,963.87",Success,9/5/2026 19:59,?76.60
2241,TXN2026102240,USR4067,MER25,Food & Dining,Bank UPI (Direct),"?13,491.01",Success,8/31/2026 8:18,?0.00
2242,TXN2026102241,USR1460,MER18,Food & Dining,PPI Wallet UPI,"?12,127.42",Success,9/10/2026 2:31,?133.40
2243,TXN2026102242,USR4967,MER38,Travel & Hospitality,PPI Wallet UPI,"?3,049.15",Success,9/14/2026 20:13,?33.54
2244,TXN2026102243,USR3949,MER40,Groceries & Supermarkets,PPI Wallet UPI,"?12,549.69",Success,8/19/2026 14:23,?138.05
2245,TXN2026102244,USR2458,MER29,Food & Dining,PPI Wallet UPI,"?6,004.31",Success,9/7/2026 9:32,?66.05
2246,TXN2026102245,USR1344,MER26,Electronics & Gadgets,Credit Card on UPI,"?5,562.48",Success,9/5/2026 11:22,?0.00
2247,TXN2026102246,USR4925,MER15,Food & Dining,PPI Wallet UPI,"?10,011.07",Success,8/10/2026 20:35,?110.12
2248,TXN2026102247,USR2674,MER19,Food & Dining,Bank UPI (Direct),"?9,173.08",Success,8/29/2026 1:30,?0.00
2249,TXN2026102248,USR4169,MER44,Groceries & Supermarkets,Bank UPI (Direct),?892.97,Success,9/1/2026 23:49,?0.00
2250,TXN2026102249,USR2630,MER16,Electronics & Gadgets,PPI Wallet UPI,?443.81,Success,8/29/2026 5:58,?0.00
2251,TXN2026102250,USR2626,MER34,Groceries & Supermarkets,Credit Card on UPI,"?6,963.75",Success,8/13/2026 19:30,?0.00
2252,TXN2026102251,USR1145,MER36,Groceries & Supermarkets,PPI Wallet UPI,"?13,743.77",Success,8/27/2026 15:05,?151.18
2253,TXN2026102252,USR1365,MER34,Electronics & Gadgets,Bank UPI (Direct),"?7,735.64",Failed,8/5/2026 10:32,?0.00
2254,TXN2026102253,USR3005,MER23,Groceries & Supermarkets,PPI Wallet UPI,"?12,482.42",Success,8/25/2026 10:03,?137.31
2255,TXN2026102254,USR2980,MER36,Electronics & Gadgets,Bank UPI (Direct),"?12,356.57",Success,8/31/2026 20:35,?0.00
2256,TXN2026102255,USR2965,MER49,Groceries & Supermarkets,Bank UPI (Direct),"?13,438.36",Success,9/12/2026 15:38,?0.00
2257,TXN2026102256,USR1453,MER50,Electronics & Gadgets,PPI Wallet UPI,"?14,195.68",Success,9/9/2026 10:35,?156.15
2258,TXN2026102257,USR3951,MER11,Electronics & Gadgets,Credit Card on UPI,"?7,176.90",Success,8/20/2026 19:55,?0.00
2259,TXN2026102258,USR4440,MER26,Groceries & Supermarkets,Bank UPI (Direct),"?2,890.80",Success,8/3/2026 2:41,?0.00
2260,TXN2026102259,USR2170,MER34,Groceries & Supermarkets,PPI Wallet UPI,"?9,935.30",Success,8/5/2026 12:40,?109.29
2261,TXN2026102260,USR2316,MER39,Groceries & Supermarkets,Bank UPI (Direct),"?4,270.62",Success,8/26/2026 2:20,?0.00
2262,TXN2026102261,USR4391,MER37,Groceries & Supermarkets,Bank UPI (Direct),"?6,655.08",Success,8/26/2026 17:51,?0.00
2263,TXN2026102262,USR4506,MER31,Groceries & Supermarkets,PPI Wallet UPI,"?6,926.89",Success,8/20/2026 12:40,?76.20
2264,TXN2026102263,USR3917,MER13,Groceries & Supermarkets,Bank UPI (Direct),"?2,347.72",Success,9/3/2026 0:02,?0.00
2265,TXN2026102264,USR2121,MER31,Food & Dining,PPI Wallet UPI,"?9,444.85",Success,8/27/2026 16:52,?103.89
2266,TXN2026102265,USR3072,MER48,Travel & Hospitality,PPI Wallet UPI,"?10,110.09",Success,9/4/2026 17:27,?111.21
2267,TXN2026102266,USR3977,MER45,Groceries & Supermarkets,Bank UPI (Direct),"?7,512.92",Success,9/1/2026 8:36,?0.00
2268,TXN2026102267,USR2382,MER16,Electronics & Gadgets,PPI Wallet UPI,"?11,225.53",Success,8/11/2026 20:28,?123.48
2269,TXN2026102268,USR1214,MER22,Electronics & Gadgets,PPI Wallet UPI,"?1,936.05",Success,8/31/2026 6:15,?0.00
2270,TXN2026102269,USR3270,MER26,Groceries & Supermarkets,Bank UPI (Direct),"?5,193.59",Success,8/22/2026 1:54,?0.00
2271,TXN2026102270,USR4384,MER45,Travel & Hospitality,Bank UPI (Direct),"?4,251.48",Success,8/27/2026 0:43,?0.00
2272,TXN2026102271,USR4440,MER35,Groceries & Supermarkets,Bank UPI (Direct),"?8,334.75",Success,9/13/2026 11:21,?0.00
2273,TXN2026102272,USR2365,MER39,Food & Dining,Bank UPI (Direct),"?11,660.26",Pending,9/1/2026 11:24,?0.00
2274,TXN2026102273,USR3442,MER30,Travel & Hospitality,PPI Wallet UPI,"?4,099.22",Success,8/18/2026 18:09,?45.09
2275,TXN2026102274,USR3713,MER18,Electronics & Gadgets,PPI Wallet UPI,"?11,836.48",Success,8/2/2026 14:35,?130.20
2276,TXN2026102275,USR4572,MER40,Groceries & Supermarkets,PPI Wallet UPI,"?7,894.41",Success,9/3/2026 11:56,?86.84
2277,TXN2026102276,USR1651,MER18,Electronics & Gadgets,PPI Wallet UPI,"?2,516.84",Failed,8/1/2026 3:37,?0.00
2278,TXN2026102277,USR3465,MER40,Food & Dining,Bank UPI (Direct),"?11,622.72",Success,9/4/2026 23:41,?0.00
2279,TXN2026102278,USR4169,MER16,Travel & Hospitality,Bank UPI (Direct),"?10,576.52",Success,8/17/2026 6:23,?0.00
2280,TXN2026102279,USR3134,MER14,Travel & Hospitality,Credit Card on UPI,"?1,795.40",Success,8/8/2026 17:56,?0.00
2281,TXN2026102280,USR2633,MER31,Groceries & Supermarkets,PPI Wallet UPI,"?1,461.82",Success,9/15/2026 2:49,?0.00
2282,TXN2026102281,USR2604,MER27,Groceries & Supermarkets,Bank UPI (Direct),"?12,079.37",Failed,9/11/2026 23:31,?0.00
2283,TXN2026102282,USR1024,MER20,Food & Dining,Bank UPI (Direct),?139.71,Success,8/29/2026 1:28,?0.00
2284,TXN2026102283,USR1067,MER48,Groceries & Supermarkets,Bank UPI (Direct),"?5,170.43",Success,8/16/2026 2:41,?0.00
2285,TXN2026102284,USR3211,MER30,Groceries & Supermarkets,Bank UPI (Direct),"?6,183.83",Failed,9/7/2026 21:35,?0.00
2286,TXN2026102285,USR2604,MER10,Groceries & Supermarkets,Bank UPI (Direct),"?7,421.24",Success,8/8/2026 1:40,?0.00
2287,TXN2026102286,USR3487,MER48,Food & Dining,PPI Wallet UPI,"?9,509.14",Success,8/27/2026 13:16,?104.60
2288,TXN2026102287,USR4569,MER28,Electronics & Gadgets,Bank UPI (Direct),"?9,948.82",Success,8/7/2026 21:43,?0.00
2289,TXN2026102288,USR2473,MER41,Electronics & Gadgets,Bank UPI (Direct),"?3,780.42",Success,8/1/2026 5:32,?0.00
2290,TXN2026102289,USR4898,MER41,Electronics & Gadgets,Bank UPI (Direct),"?11,153.04",Success,8/9/2026 15:40,?0.00
2291,TXN2026102290,USR4340,MER23,Travel & Hospitality,Bank UPI (Direct),"?10,973.22",Pending,8/18/2026 11:40,?0.00
2292,TXN2026102291,USR1038,MER29,Groceries & Supermarkets,PPI Wallet UPI,"?2,125.44",Success,8/17/2026 0:59,?23.38
2293,TXN2026102292,USR3520,MER15,Groceries & Supermarkets,Bank UPI (Direct),?146.65,Pending,8/11/2026 15:17,?0.00
2294,TXN2026102293,USR2776,MER49,Electronics & Gadgets,Bank UPI (Direct),"?4,599.45",Success,8/30/2026 4:48,?0.00
2295,TXN2026102294,USR4855,MER42,Food & Dining,PPI Wallet UPI,"?11,540.69",Success,8/7/2026 20:43,?126.95
2296,TXN2026102295,USR2753,MER10,Groceries & Supermarkets,Credit Card on UPI,"?11,808.67",Success,9/10/2026 7:19,?0.00
2297,TXN2026102296,USR1097,MER36,Electronics & Gadgets,PPI Wallet UPI,"?11,146.44",Success,8/22/2026 0:30,?122.61
2298,TXN2026102297,USR4619,MER45,Travel & Hospitality,Bank UPI (Direct),"?4,417.15",Success,8/18/2026 23:36,?0.00
2299,TXN2026102298,USR3404,MER11,Travel & Hospitality,Bank UPI (Direct),"?6,728.07",Success,8/19/2026 8:04,?0.00
2300,TXN2026102299,USR4316,MER49,Electronics & Gadgets,Bank UPI (Direct),?755.46,Success,9/8/2026 17:43,?0.00
2301,TXN2026102300,USR1351,MER14,Groceries & Supermarkets,Bank UPI (Direct),"?3,421.36",Pending,8/14/2026 17:06,?0.00
2302,TXN2026102301,USR3589,MER26,Groceries & Supermarkets,PPI Wallet UPI,"?6,882.85",Success,9/7/2026 12:56,?75.71
2303,TXN2026102302,USR4076,MER34,Groceries & Supermarkets,Credit Card on UPI,"?5,346.81",Success,9/5/2026 19:39,?0.00
2304,TXN2026102303,USR3292,MER13,Groceries & Supermarkets,PPI Wallet UPI,"?4,569.00",Success,8/11/2026 8:40,?50.26
2305,TXN2026102304,USR3680,MER44,Travel & Hospitality,PPI Wallet UPI,"?3,371.57",Failed,8/15/2026 3:11,?0.00
2306,TXN2026102305,USR3899,MER31,Food & Dining,Bank UPI (Direct),"?10,015.66",Success,8/10/2026 16:08,?0.00
2307,TXN2026102306,USR4011,MER34,Groceries & Supermarkets,Bank UPI (Direct),"?6,584.50",Success,9/9/2026 20:59,?0.00
2308,TXN2026102307,USR4145,MER30,Electronics & Gadgets,Bank UPI (Direct),"?11,326.05",Pending,8/5/2026 19:10,?0.00
2309,TXN2026102308,USR1792,MER48,Travel & Hospitality,PPI Wallet UPI,"?2,211.99",Success,9/8/2026 18:47,?24.33
2310,TXN2026102309,USR2777,MER16,Groceries & Supermarkets,Bank UPI (Direct),"?1,121.30",Success,8/3/2026 1:11,?0.00
2311,TXN2026102310,USR4743,MER43,Food & Dining,Credit Card on UPI,"?1,295.00",Success,8/6/2026 17:01,?0.00
2312,TXN2026102311,USR2210,MER47,Groceries & Supermarkets,Bank UPI (Direct),"?4,586.67",Success,9/4/2026 0:49,?0.00
2313,TXN2026102312,USR4737,MER27,Electronics & Gadgets,PPI Wallet UPI,"?3,235.81",Success,8/30/2026 22:23,?35.59
2314,TXN2026102313,USR2103,MER36,Groceries & Supermarkets,Bank UPI (Direct),"?12,185.49",Success,8/6/2026 6:57,?0.00
2315,TXN2026102314,USR4759,MER24,Groceries & Supermarkets,Bank UPI (Direct),"?8,359.00",Success,9/3/2026 5:26,?0.00
2316,TXN2026102315,USR4637,MER17,Groceries & Supermarkets,Bank UPI (Direct),"?3,782.97",Success,8/2/2026 9:45,?0.00
2317,TXN2026102316,USR4187,MER42,Groceries & Supermarkets,Bank UPI (Direct),"?3,101.60",Failed,9/12/2026 17:03,?0.00
2318,TXN2026102317,USR4764,MER26,Groceries & Supermarkets,PPI Wallet UPI,"?4,863.00",Success,8/4/2026 16:33,?53.49
2319,TXN2026102318,USR2158,MER17,Travel & Hospitality,Bank UPI (Direct),?359.22,Failed,8/29/2026 0:58,?0.00
2320,TXN2026102319,USR4653,MER49,Travel & Hospitality,Credit Card on UPI,?491.54,Success,8/23/2026 10:56,?0.00
2321,TXN2026102320,USR2518,MER18,Groceries & Supermarkets,Bank UPI (Direct),"?8,336.58",Failed,8/22/2026 6:02,?0.00
2322,TXN2026102321,USR3258,MER19,Groceries & Supermarkets,Bank UPI (Direct),"?10,605.46",Failed,8/12/2026 13:16,?0.00
2323,TXN2026102322,USR3605,MER27,Electronics & Gadgets,Credit Card on UPI,"?9,138.73",Success,8/31/2026 12:02,?0.00
2324,TXN2026102323,USR4346,MER12,Electronics & Gadgets,PPI Wallet UPI,"?3,906.07",Success,9/14/2026 3:33,?42.97
2325,TXN2026102324,USR4695,MER39,Electronics & Gadgets,PPI Wallet UPI,"?11,550.52",Success,8/7/2026 0:25,?127.06
2326,TXN2026102325,USR2685,MER14,Food & Dining,PPI Wallet UPI,"?5,575.11",Failed,8/26/2026 14:11,?0.00
2327,TXN2026102326,USR1166,MER50,Electronics & Gadgets,PPI Wallet UPI,"?10,156.54",Success,8/5/2026 9:58,?111.72
2328,TXN2026102327,USR2224,MER17,Groceries & Supermarkets,PPI Wallet UPI,"?12,838.01",Success,8/13/2026 9:00,?141.22
2329,TXN2026102328,USR4445,MER12,Groceries & Supermarkets,Credit Card on UPI,"?4,066.09",Success,9/15/2026 9:56,?0.00
2330,TXN2026102329,USR1685,MER17,Food & Dining,PPI Wallet UPI,"?6,857.47",Failed,8/5/2026 12:58,?0.00
2331,TXN2026102330,USR1259,MER45,Food & Dining,Credit Card on UPI,"?3,330.56",Success,8/23/2026 8:36,?0.00
2332,TXN2026102331,USR4665,MER32,Groceries & Supermarkets,PPI Wallet UPI,"?10,403.92",Success,9/14/2026 5:35,?114.44
2333,TXN2026102332,USR3729,MER32,Food & Dining,Bank UPI (Direct),"?10,171.24",Success,9/12/2026 5:51,?0.00
2334,TXN2026102333,USR2139,MER35,Food & Dining,PPI Wallet UPI,"?7,921.07",Success,8/19/2026 21:08,?87.13
2335,TXN2026102334,USR1179,MER24,Groceries & Supermarkets,PPI Wallet UPI,"?11,070.84",Success,9/11/2026 18:45,?121.78
2336,TXN2026102335,USR3872,MER46,Groceries & Supermarkets,Credit Card on UPI,"?2,668.95",Success,8/29/2026 18:59,?0.00
2337,TXN2026102336,USR3384,MER21,Groceries & Supermarkets,Credit Card on UPI,"?9,505.10",Success,9/3/2026 9:12,?0.00
2338,TXN2026102337,USR2068,MER43,Groceries & Supermarkets,Bank UPI (Direct),?717.93,Success,9/7/2026 6:55,?0.00
2339,TXN2026102338,USR1212,MER45,Travel & Hospitality,Bank UPI (Direct),"?1,819.57",Success,8/23/2026 0:21,?0.00
2340,TXN2026102339,USR3010,MER23,Groceries & Supermarkets,PPI Wallet UPI,"?8,282.82",Success,8/17/2026 4:49,?91.11
2341,TXN2026102340,USR3945,MER50,Electronics & Gadgets,PPI Wallet UPI,"?4,274.69",Success,8/22/2026 18:19,?47.02
2342,TXN2026102341,USR1732,MER18,Food & Dining,PPI Wallet UPI,?997.07,Success,8/7/2026 6:09,?0.00
2343,TXN2026102342,USR1426,MER13,Groceries & Supermarkets,PPI Wallet UPI,"?3,826.16",Success,8/24/2026 10:20,?42.09
2344,TXN2026102343,USR1676,MER22,Travel & Hospitality,Bank UPI (Direct),"?4,515.31",Success,8/4/2026 1:47,?0.00
2345,TXN2026102344,USR2762,MER43,Food & Dining,PPI Wallet UPI,"?2,311.18",Success,9/11/2026 21:35,?25.42
2346,TXN2026102345,USR2902,MER34,Groceries & Supermarkets,Bank UPI (Direct),"?5,497.47",Success,8/6/2026 1:01,?0.00
2347,TXN2026102346,USR3514,MER21,Groceries & Supermarkets,PPI Wallet UPI,"?4,926.17",Success,8/24/2026 6:20,?54.19
2348,TXN2026102347,USR1144,MER32,Groceries & Supermarkets,Bank UPI (Direct),"?7,507.79",Success,8/31/2026 15:42,?0.00
2349,TXN2026102348,USR4852,MER38,Groceries & Supermarkets,PPI Wallet UPI,"?2,236.72",Success,8/1/2026 12:00,?24.60
2350,TXN2026102349,USR2742,MER42,Groceries & Supermarkets,Bank UPI (Direct),"?8,549.88",Success,8/19/2026 21:04,?0.00
2351,TXN2026102350,USR3848,MER23,Electronics & Gadgets,Bank UPI (Direct),"?12,849.90",Success,8/10/2026 15:36,?0.00
2352,TXN2026102351,USR2404,MER43,Travel & Hospitality,Bank UPI (Direct),"?10,937.94",Success,8/13/2026 0:51,?0.00
2353,TXN2026102352,USR4975,MER46,Groceries & Supermarkets,Credit Card on UPI,"?10,184.29",Success,8/13/2026 23:33,?0.00
2354,TXN2026102353,USR4834,MER29,Electronics & Gadgets,Bank UPI (Direct),"?9,054.13",Success,9/15/2026 14:51,?0.00
2355,TXN2026102354,USR1644,MER15,Groceries & Supermarkets,Bank UPI (Direct),"?13,080.21",Success,8/26/2026 1:49,?0.00
2356,TXN2026102355,USR1132,MER25,Groceries & Supermarkets,PPI Wallet UPI,"?4,506.00",Success,9/5/2026 9:46,?49.57
2357,TXN2026102356,USR3188,MER20,Groceries & Supermarkets,Credit Card on UPI,"?12,487.61",Success,8/1/2026 10:43,?0.00
2358,TXN2026102357,USR1175,MER35,Groceries & Supermarkets,PPI Wallet UPI,"?6,210.42",Success,8/18/2026 14:56,?68.31
2359,TXN2026102358,USR2365,MER42,Travel & Hospitality,PPI Wallet UPI,"?14,922.91",Failed,8/31/2026 16:26,?0.00
2360,TXN2026102359,USR1339,MER47,Electronics & Gadgets,Bank UPI (Direct),"?1,246.57",Success,9/14/2026 7:13,?0.00
2361,TXN2026102360,USR4409,MER43,Travel & Hospitality,Bank UPI (Direct),"?4,985.78",Success,8/31/2026 22:40,?0.00
2362,TXN2026102361,USR4366,MER18,Electronics & Gadgets,Bank UPI (Direct),"?9,337.76",Success,9/8/2026 10:54,?0.00
2363,TXN2026102362,USR1155,MER20,Groceries & Supermarkets,Credit Card on UPI,"?2,390.21",Pending,8/10/2026 8:40,?0.00
2364,TXN2026102363,USR3514,MER27,Groceries & Supermarkets,Bank UPI (Direct),"?12,825.37",Failed,8/20/2026 13:23,?0.00
2365,TXN2026102364,USR2278,MER23,Groceries & Supermarkets,Bank UPI (Direct),"?12,924.10",Success,8/3/2026 11:18,?0.00
2366,TXN2026102365,USR4528,MER23,Food & Dining,PPI Wallet UPI,"?9,999.34",Success,8/25/2026 23:36,?109.99
2367,TXN2026102366,USR4307,MER48,Travel & Hospitality,Bank UPI (Direct),"?9,584.44",Success,8/3/2026 0:16,?0.00
2368,TXN2026102367,USR3366,MER31,Groceries & Supermarkets,Bank UPI (Direct),"?13,081.88",Success,8/22/2026 13:27,?0.00
2369,TXN2026102368,USR1026,MER39,Groceries & Supermarkets,PPI Wallet UPI,"?9,421.76",Success,9/3/2026 22:31,?103.64
2370,TXN2026102369,USR1523,MER15,Food & Dining,Bank UPI (Direct),"?14,112.49",Success,8/8/2026 20:14,?0.00
2371,TXN2026102370,USR2109,MER44,Groceries & Supermarkets,PPI Wallet UPI,"?1,993.78",Success,8/21/2026 16:47,?0.00
2372,TXN2026102371,USR3787,MER18,Groceries & Supermarkets,Bank UPI (Direct),"?7,400.25",Success,9/12/2026 4:25,?0.00
2373,TXN2026102372,USR1559,MER28,Groceries & Supermarkets,Credit Card on UPI,"?2,359.51",Success,8/14/2026 7:55,?0.00
2374,TXN2026102373,USR4336,MER37,Groceries & Supermarkets,PPI Wallet UPI,"?1,390.96",Success,8/31/2026 9:54,?0.00
2375,TXN2026102374,USR1151,MER50,Groceries & Supermarkets,Bank UPI (Direct),"?6,203.33",Success,8/16/2026 1:14,?0.00
2376,TXN2026102375,USR4593,MER43,Groceries & Supermarkets,Bank UPI (Direct),"?11,684.20",Success,9/1/2026 6:24,?0.00
2377,TXN2026102376,USR4918,MER18,Travel & Hospitality,Bank UPI (Direct),"?7,127.30",Success,8/5/2026 3:59,?0.00
2378,TXN2026102377,USR2353,MER41,Groceries & Supermarkets,Bank UPI (Direct),"?9,580.77",Success,9/2/2026 3:06,?0.00
2379,TXN2026102378,USR1495,MER45,Groceries & Supermarkets,PPI Wallet UPI,"?7,073.17",Success,8/9/2026 17:19,?77.80
2380,TXN2026102379,USR2658,MER39,Electronics & Gadgets,Credit Card on UPI,"?1,628.23",Success,9/13/2026 8:51,?0.00
2381,TXN2026102380,USR1629,MER28,Groceries & Supermarkets,Bank UPI (Direct),?952.42,Success,9/8/2026 16:57,?0.00
2382,TXN2026102381,USR1393,MER29,Groceries & Supermarkets,PPI Wallet UPI,"?2,637.54",Success,9/3/2026 15:27,?29.01
2383,TXN2026102382,USR1679,MER12,Groceries & Supermarkets,Credit Card on UPI,"?10,669.23",Success,8/30/2026 3:40,?0.00
2384,TXN2026102383,USR2606,MER40,Electronics & Gadgets,PPI Wallet UPI,?788.34,Success,8/17/2026 8:42,?0.00
2385,TXN2026102384,USR3861,MER29,Groceries & Supermarkets,Bank UPI (Direct),"?2,459.57",Success,9/7/2026 17:28,?0.00
2386,TXN2026102385,USR3044,MER50,Groceries & Supermarkets,PPI Wallet UPI,?145.12,Success,8/28/2026 19:48,?0.00
2387,TXN2026102386,USR1560,MER37,Electronics & Gadgets,Credit Card on UPI,"?6,133.68",Success,8/24/2026 23:13,?0.00
2388,TXN2026102387,USR3654,MER40,Groceries & Supermarkets,Bank UPI (Direct),"?13,811.40",Success,9/10/2026 20:01,?0.00
2389,TXN2026102388,USR1640,MER46,Groceries & Supermarkets,PPI Wallet UPI,?848.85,Success,8/4/2026 8:47,?0.00
2390,TXN2026102389,USR4559,MER32,Travel & Hospitality,Bank UPI (Direct),"?5,254.59",Success,8/4/2026 7:13,?0.00
2391,TXN2026102390,USR1880,MER24,Food & Dining,Credit Card on UPI,?906.93,Success,8/12/2026 0:30,?0.00
2392,TXN2026102391,USR1531,MER33,Electronics & Gadgets,PPI Wallet UPI,"?12,134.13",Success,9/7/2026 11:12,?133.48
2393,TXN2026102392,USR4999,MER45,Electronics & Gadgets,Credit Card on UPI,"?12,012.54",Success,8/28/2026 12:37,?0.00
2394,TXN2026102393,USR1992,MER50,Groceries & Supermarkets,PPI Wallet UPI,"?14,651.39",Success,8/12/2026 22:41,?161.17
2395,TXN2026102394,USR3958,MER43,Groceries & Supermarkets,Credit Card on UPI,"?12,017.14",Success,8/18/2026 14:34,?0.00
2396,TXN2026102395,USR4980,MER18,Electronics & Gadgets,PPI Wallet UPI,"?2,994.49",Success,8/29/2026 8:19,?32.94
2397,TXN2026102396,USR3848,MER37,Groceries & Supermarkets,Credit Card on UPI,"?3,729.82",Success,8/17/2026 20:49,?0.00
2398,TXN2026102397,USR2926,MER24,Groceries & Supermarkets,Credit Card on UPI,?485.85,Success,9/12/2026 22:08,?0.00
2399,TXN2026102398,USR4677,MER17,Groceries & Supermarkets,Bank UPI (Direct),"?12,879.66",Pending,8/25/2026 0:43,?0.00
2400,TXN2026102399,USR1180,MER28,Groceries & Supermarkets,Credit Card on UPI,"?3,505.25",Success,8/22/2026 10:54,?0.00
2401,TXN2026102400,USR2689,MER39,Groceries & Supermarkets,PPI Wallet UPI,"?12,731.94",Success,8/8/2026 22:55,?140.05
2402,TXN2026102401,USR2723,MER27,Groceries & Supermarkets,Bank UPI (Direct),?397.49,Success,9/14/2026 3:48,?0.00
2403,TXN2026102402,USR1818,MER21,Food & Dining,PPI Wallet UPI,"?3,202.33",Success,8/17/2026 2:28,?35.23
2404,TXN2026102403,USR3296,MER10,Groceries & Supermarkets,PPI Wallet UPI,"?10,994.20",Success,8/30/2026 18:25,?120.94
2405,TXN2026102404,USR3477,MER41,Groceries & Supermarkets,PPI Wallet UPI,"?11,114.81",Success,9/3/2026 20:07,?122.26
2406,TXN2026102405,USR1243,MER38,Electronics & Gadgets,Bank UPI (Direct),?360.04,Success,8/26/2026 13:24,?0.00
2407,TXN2026102406,USR3565,MER28,Electronics & Gadgets,PPI Wallet UPI,"?13,538.03",Success,9/10/2026 9:25,?148.92
2408,TXN2026102407,USR3962,MER47,Groceries & Supermarkets,Bank UPI (Direct),"?11,499.15",Success,9/8/2026 4:52,?0.00
2409,TXN2026102408,USR4957,MER14,Groceries & Supermarkets,PPI Wallet UPI,"?11,777.65",Success,9/3/2026 21:33,?129.55
2410,TXN2026102409,USR4018,MER13,Groceries & Supermarkets,Bank UPI (Direct),"?12,391.72",Success,9/12/2026 15:55,?0.00
2411,TXN2026102410,USR1950,MER43,Groceries & Supermarkets,Credit Card on UPI,"?9,074.46",Success,9/4/2026 8:54,?0.00
2412,TXN2026102411,USR4138,MER13,Electronics & Gadgets,Bank UPI (Direct),"?1,289.72",Success,8/16/2026 13:58,?0.00
2413,TXN2026102412,USR4609,MER17,Food & Dining,Bank UPI (Direct),"?2,990.36",Success,9/14/2026 17:21,?0.00
2414,TXN2026102413,USR4799,MER30,Travel & Hospitality,Bank UPI (Direct),"?12,698.45",Success,8/16/2026 4:32,?0.00
2415,TXN2026102414,USR1650,MER38,Groceries & Supermarkets,PPI Wallet UPI,"?5,360.75",Success,8/30/2026 3:48,?58.97
2416,TXN2026102415,USR2605,MER45,Groceries & Supermarkets,Credit Card on UPI,"?2,207.97",Success,9/15/2026 4:52,?0.00
2417,TXN2026102416,USR1267,MER45,Groceries & Supermarkets,Bank UPI (Direct),"?3,875.32",Failed,8/6/2026 20:25,?0.00
2418,TXN2026102417,USR2033,MER37,Groceries & Supermarkets,Bank UPI (Direct),"?8,892.73",Success,9/11/2026 17:14,?0.00
2419,TXN2026102418,USR4914,MER15,Food & Dining,Bank UPI (Direct),"?8,607.95",Success,8/30/2026 11:27,?0.00
2420,TXN2026102419,USR2557,MER45,Groceries & Supermarkets,PPI Wallet UPI,"?2,301.58",Success,9/6/2026 4:29,?25.32
2421,TXN2026102420,USR3009,MER50,Groceries & Supermarkets,Credit Card on UPI,"?14,075.51",Success,8/3/2026 23:44,?0.00
2422,TXN2026102421,USR2409,MER49,Travel & Hospitality,Bank UPI (Direct),"?5,702.65",Success,9/5/2026 23:41,?0.00
2423,TXN2026102422,USR1403,MER13,Food & Dining,PPI Wallet UPI,"?2,047.87",Success,9/14/2026 8:46,?22.53
2424,TXN2026102423,USR1233,MER19,Groceries & Supermarkets,Credit Card on UPI,?830.03,Success,8/29/2026 4:17,?0.00
2425,TXN2026102424,USR4240,MER16,Food & Dining,Credit Card on UPI,?358.26,Success,9/4/2026 7:24,?0.00
2426,TXN2026102425,USR3611,MER41,Electronics & Gadgets,Bank UPI (Direct),"?11,595.20",Success,8/28/2026 21:03,?0.00
2427,TXN2026102426,USR2867,MER34,Travel & Hospitality,PPI Wallet UPI,"?12,762.25",Success,9/7/2026 15:32,?140.38
2428,TXN2026102427,USR2366,MER11,Groceries & Supermarkets,Credit Card on UPI,"?13,525.46",Success,8/1/2026 1:57,?0.00
2429,TXN2026102428,USR2138,MER42,Electronics & Gadgets,Bank UPI (Direct),"?9,374.77",Success,8/16/2026 1:38,?0.00
2430,TXN2026102429,USR2446,MER44,Electronics & Gadgets,Credit Card on UPI,"?13,320.89",Failed,8/25/2026 3:01,?0.00
2431,TXN2026102430,USR1681,MER12,Groceries & Supermarkets,Credit Card on UPI,"?8,053.96",Success,9/2/2026 19:44,?0.00
2432,TXN2026102431,USR1523,MER28,Groceries & Supermarkets,PPI Wallet UPI,"?11,161.86",Success,8/31/2026 16:49,?122.78
2433,TXN2026102432,USR1794,MER45,Electronics & Gadgets,Bank UPI (Direct),"?9,880.40",Success,8/24/2026 2:58,?0.00
2434,TXN2026102433,USR4301,MER49,Electronics & Gadgets,Bank UPI (Direct),"?6,770.96",Failed,9/11/2026 17:22,?0.00
2435,TXN2026102434,USR1646,MER21,Groceries & Supermarkets,Bank UPI (Direct),"?13,919.75",Success,8/29/2026 7:22,?0.00
2436,TXN2026102435,USR1111,MER47,Electronics & Gadgets,Bank UPI (Direct),"?9,955.44",Success,8/11/2026 20:37,?0.00
2437,TXN2026102436,USR1907,MER23,Travel & Hospitality,PPI Wallet UPI,"?7,041.07",Success,9/9/2026 23:55,?77.45
2438,TXN2026102437,USR4657,MER15,Food & Dining,Bank UPI (Direct),"?13,212.03",Success,8/2/2026 10:53,?0.00
2439,TXN2026102438,USR3475,MER37,Food & Dining,Bank UPI (Direct),?119.76,Success,8/13/2026 21:36,?0.00
2440,TXN2026102439,USR2477,MER10,Groceries & Supermarkets,PPI Wallet UPI,"?10,741.22",Success,8/4/2026 22:57,?118.15
2441,TXN2026102440,USR4990,MER22,Groceries & Supermarkets,PPI Wallet UPI,"?14,203.78",Success,9/11/2026 4:37,?156.24
2442,TXN2026102441,USR3633,MER12,Groceries & Supermarkets,Bank UPI (Direct),?791.94,Success,8/15/2026 14:41,?0.00
2443,TXN2026102442,USR4224,MER26,Food & Dining,Bank UPI (Direct),?978.77,Success,8/16/2026 4:06,?0.00
2444,TXN2026102443,USR4266,MER50,Electronics & Gadgets,Bank UPI (Direct),"?14,645.55",Success,8/30/2026 6:10,?0.00
2445,TXN2026102444,USR2790,MER10,Groceries & Supermarkets,PPI Wallet UPI,"?5,504.40",Success,9/14/2026 10:45,?60.55
2446,TXN2026102445,USR3939,MER16,Groceries & Supermarkets,Bank UPI (Direct),"?2,452.60",Success,8/11/2026 9:11,?0.00
2447,TXN2026102446,USR3741,MER10,Electronics & Gadgets,Bank UPI (Direct),"?9,441.94",Success,8/11/2026 22:37,?0.00
2448,TXN2026102447,USR1618,MER14,Groceries & Supermarkets,Bank UPI (Direct),"?4,909.72",Success,9/6/2026 19:53,?0.00
2449,TXN2026102448,USR1051,MER16,Electronics & Gadgets,Bank UPI (Direct),"?3,505.33",Pending,8/4/2026 17:32,?0.00
2450,TXN2026102449,USR1614,MER33,Groceries & Supermarkets,Credit Card on UPI,"?5,285.21",Success,9/1/2026 0:09,?0.00
2451,TXN2026102450,USR4667,MER21,Groceries & Supermarkets,Credit Card on UPI,"?11,682.26",Success,8/9/2026 8:36,?0.00
2452,TXN2026102451,USR1403,MER10,Groceries & Supermarkets,Bank UPI (Direct),"?2,857.07",Success,8/18/2026 20:51,?0.00
2453,TXN2026102452,USR2026,MER15,Travel & Hospitality,PPI Wallet UPI,"?10,238.41",Success,8/16/2026 22:02,?112.62
2454,TXN2026102453,USR4411,MER49,Food & Dining,PPI Wallet UPI,"?5,527.29",Success,8/12/2026 7:44,?60.80
2455,TXN2026102454,USR4146,MER37,Food & Dining,PPI Wallet UPI,"?14,117.85",Success,9/6/2026 17:03,?155.30
2456,TXN2026102455,USR3018,MER16,Travel & Hospitality,PPI Wallet UPI,?17.46,Success,8/30/2026 0:09,?0.00
2457,TXN2026102456,USR3382,MER13,Food & Dining,Bank UPI (Direct),"?13,010.52",Success,8/28/2026 5:30,?0.00
2458,TXN2026102457,USR2773,MER14,Groceries & Supermarkets,Credit Card on UPI,"?2,714.23",Success,8/26/2026 11:22,?0.00
2459,TXN2026102458,USR2766,MER25,Electronics & Gadgets,Bank UPI (Direct),"?9,323.54",Success,8/7/2026 17:47,?0.00
2460,TXN2026102459,USR3910,MER27,Food & Dining,PPI Wallet UPI,"?6,221.61",Success,8/2/2026 16:16,?68.44
2461,TXN2026102460,USR3426,MER25,Travel & Hospitality,Bank UPI (Direct),"?12,323.23",Success,8/8/2026 16:12,?0.00
2462,TXN2026102461,USR2834,MER30,Food & Dining,Bank UPI (Direct),"?1,236.75",Success,8/13/2026 8:55,?0.00
2463,TXN2026102462,USR2241,MER44,Travel & Hospitality,Bank UPI (Direct),?236.49,Success,8/7/2026 23:25,?0.00
2464,TXN2026102463,USR3957,MER25,Groceries & Supermarkets,PPI Wallet UPI,"?10,667.14",Success,8/29/2026 6:08,?117.34
2465,TXN2026102464,USR4798,MER18,Food & Dining,Bank UPI (Direct),?983.89,Success,8/22/2026 14:44,?0.00
2466,TXN2026102465,USR4468,MER36,Electronics & Gadgets,Bank UPI (Direct),"?1,490.23",Success,8/22/2026 22:38,?0.00
2467,TXN2026102466,USR2887,MER24,Electronics & Gadgets,Bank UPI (Direct),"?14,127.87",Success,9/2/2026 9:51,?0.00
2468,TXN2026102467,USR3261,MER17,Travel & Hospitality,Bank UPI (Direct),"?10,183.12",Success,8/31/2026 4:55,?0.00
2469,TXN2026102468,USR4135,MER35,Electronics & Gadgets,PPI Wallet UPI,"?13,067.95",Success,8/12/2026 23:23,?143.75
2470,TXN2026102469,USR4884,MER33,Food & Dining,Bank UPI (Direct),?539.65,Success,8/31/2026 23:49,?0.00
2471,TXN2026102470,USR1094,MER43,Electronics & Gadgets,Bank UPI (Direct),"?6,703.71",Success,8/20/2026 16:45,?0.00
2472,TXN2026102471,USR1225,MER39,Groceries & Supermarkets,PPI Wallet UPI,"?1,153.43",Success,8/10/2026 1:03,?0.00
2473,TXN2026102472,USR3081,MER47,Groceries & Supermarkets,Credit Card on UPI,"?1,408.04",Success,8/5/2026 6:14,?0.00
2474,TXN2026102473,USR2692,MER41,Food & Dining,Bank UPI (Direct),"?2,928.76",Success,8/8/2026 1:15,?0.00
2475,TXN2026102474,USR2853,MER30,Groceries & Supermarkets,PPI Wallet UPI,"?7,086.16",Failed,8/11/2026 18:08,?0.00
2476,TXN2026102475,USR4232,MER46,Groceries & Supermarkets,Credit Card on UPI,"?10,508.95",Success,8/31/2026 21:40,?0.00
2477,TXN2026102476,USR3075,MER13,Groceries & Supermarkets,PPI Wallet UPI,"?1,990.37",Failed,8/4/2026 1:27,?0.00
2478,TXN2026102477,USR3757,MER18,Travel & Hospitality,Credit Card on UPI,"?11,918.84",Success,8/31/2026 0:10,?0.00
2479,TXN2026102478,USR1629,MER37,Groceries & Supermarkets,Credit Card on UPI,"?3,243.05",Success,8/1/2026 22:23,?0.00
2480,TXN2026102479,USR1709,MER10,Food & Dining,PPI Wallet UPI,"?9,078.59",Success,8/26/2026 19:36,?99.86
2481,TXN2026102480,USR4896,MER44,Electronics & Gadgets,Bank UPI (Direct),"?2,282.03",Success,8/29/2026 11:44,?0.00
2482,TXN2026102481,USR3526,MER16,Food & Dining,PPI Wallet UPI,"?4,042.63",Failed,8/8/2026 22:26,?0.00
2483,TXN2026102482,USR4805,MER35,Groceries & Supermarkets,Bank UPI (Direct),"?13,043.67",Success,8/7/2026 22:02,?0.00
2484,TXN2026102483,USR1947,MER19,Electronics & Gadgets,Bank UPI (Direct),"?7,770.92",Success,8/14/2026 4:33,?0.00
2485,TXN2026102484,USR4969,MER29,Groceries & Supermarkets,Bank UPI (Direct),"?3,822.24",Success,8/22/2026 21:42,?0.00
2486,TXN2026102485,USR2687,MER18,Groceries & Supermarkets,Bank UPI (Direct),"?10,541.32",Success,8/30/2026 20:33,?0.00
2487,TXN2026102486,USR1184,MER32,Electronics & Gadgets,Bank UPI (Direct),"?2,563.75",Success,9/13/2026 20:01,?0.00
2488,TXN2026102487,USR2960,MER10,Food & Dining,PPI Wallet UPI,?205.03,Success,9/4/2026 15:27,?0.00
2489,TXN2026102488,USR4663,MER14,Groceries & Supermarkets,PPI Wallet UPI,"?4,058.40",Success,9/12/2026 18:18,?44.64
2490,TXN2026102489,USR1719,MER15,Electronics & Gadgets,PPI Wallet UPI,"?14,578.18",Success,9/10/2026 3:41,?160.36
2491,TXN2026102490,USR2077,MER38,Groceries & Supermarkets,Credit Card on UPI,"?4,940.49",Success,8/20/2026 7:45,?0.00
2492,TXN2026102491,USR2025,MER40,Food & Dining,Credit Card on UPI,"?7,865.92",Success,8/14/2026 7:16,?0.00
2493,TXN2026102492,USR3061,MER16,Food & Dining,PPI Wallet UPI,"?10,263.47",Success,9/12/2026 16:05,?112.90
2494,TXN2026102493,USR1402,MER11,Groceries & Supermarkets,Bank UPI (Direct),"?11,273.81",Success,8/29/2026 1:25,?0.00
2495,TXN2026102494,USR4206,MER27,Groceries & Supermarkets,Bank UPI (Direct),?988.16,Success,8/27/2026 15:15,?0.00
2496,TXN2026102495,USR4244,MER33,Groceries & Supermarkets,Bank UPI (Direct),"?9,902.46",Success,9/9/2026 3:03,?0.00
2497,TXN2026102496,USR4475,MER12,Travel & Hospitality,Bank UPI (Direct),?414.21,Success,8/25/2026 0:17,?0.00
2498,TXN2026102497,USR4726,MER24,Groceries & Supermarkets,PPI Wallet UPI,"?11,748.09",Success,8/1/2026 16:28,?129.23
2499,TXN2026102498,USR3218,MER26,Electronics & Gadgets,PPI Wallet UPI,"?10,100.00",Success,9/5/2026 9:38,?111.10
2500,TXN2026102499,USR3490,MER23,Food & Dining,PPI Wallet UPI,"?14,411.70",Success,8/11/2026 2:31,?158.53
2501,TXN2026102500,USR1650,MER33,Electronics & Gadgets,PPI Wallet UPI,"?6,630.69",Success,8/29/2026 20:56,?72.94
2502,TXN2026102501,USR3262,MER13,Electronics & Gadgets,Credit Card on UPI,"?12,947.31",Success,8/17/2026 0:41,?0.00
2503,TXN2026102502,USR3454,MER22,Groceries & Supermarkets,PPI Wallet UPI,"?5,674.86",Pending,8/3/2026 19:15,?0.00
2504,TXN2026102503,USR4931,MER43,Groceries & Supermarkets,PPI Wallet UPI,"?10,996.54",Success,8/23/2026 15:35,?120.96
2505,TXN2026102504,USR4141,MER45,Electronics & Gadgets,PPI Wallet UPI,"?2,786.04",Success,8/4/2026 8:09,?30.65
2506,TXN2026102505,USR1776,MER34,Groceries & Supermarkets,Credit Card on UPI,"?5,201.93",Success,8/10/2026 18:01,?0.00
2507,TXN2026102506,USR3462,MER22,Electronics & Gadgets,Bank UPI (Direct),"?2,788.31",Success,8/15/2026 7:31,?0.00
2508,TXN2026102507,USR2760,MER49,Electronics & Gadgets,PPI Wallet UPI,"?12,335.76",Success,9/4/2026 21:11,?135.69
2509,TXN2026102508,USR1878,MER27,Groceries & Supermarkets,Bank UPI (Direct),"?12,529.79",Success,8/5/2026 11:09,?0.00
2510,TXN2026102509,USR3974,MER34,Food & Dining,Bank UPI (Direct),"?6,832.88",Success,8/8/2026 11:04,?0.00
2511,TXN2026102510,USR3611,MER28,Food & Dining,Bank UPI (Direct),"?9,390.21",Success,8/31/2026 5:27,?0.00
2512,TXN2026102511,USR3614,MER29,Electronics & Gadgets,Credit Card on UPI,"?14,953.00",Success,8/1/2026 23:54,?0.00
2513,TXN2026102512,USR2315,MER29,Food & Dining,Bank UPI (Direct),"?12,393.65",Success,8/11/2026 6:55,?0.00
2514,TXN2026102513,USR1969,MER47,Groceries & Supermarkets,Bank UPI (Direct),"?13,412.46",Success,9/1/2026 1:41,?0.00
2515,TXN2026102514,USR2692,MER18,Food & Dining,PPI Wallet UPI,"?6,284.49",Success,8/17/2026 5:09,?69.13
2516,TXN2026102515,USR3824,MER25,Groceries & Supermarkets,Credit Card on UPI,"?1,989.46",Success,8/25/2026 17:25,?0.00
2517,TXN2026102516,USR1467,MER19,Groceries & Supermarkets,PPI Wallet UPI,"?12,093.40",Success,8/16/2026 9:44,?133.03
2518,TXN2026102517,USR2069,MER40,Groceries & Supermarkets,PPI Wallet UPI,?942.50,Success,9/8/2026 1:03,?0.00
2519,TXN2026102518,USR4166,MER13,Food & Dining,Bank UPI (Direct),"?11,750.95",Success,9/2/2026 11:19,?0.00
2520,TXN2026102519,USR1653,MER43,Groceries & Supermarkets,Bank UPI (Direct),"?2,265.46",Success,9/6/2026 21:11,?0.00
2521,TXN2026102520,USR3203,MER43,Food & Dining,PPI Wallet UPI,"?12,729.03",Success,8/9/2026 10:23,?140.02
2522,TXN2026102521,USR1904,MER37,Groceries & Supermarkets,Bank UPI (Direct),"?14,164.90",Success,8/23/2026 9:02,?0.00
2523,TXN2026102522,USR2607,MER17,Food & Dining,Bank UPI (Direct),"?13,081.54",Success,8/26/2026 14:57,?0.00
2524,TXN2026102523,USR3396,MER29,Electronics & Gadgets,Bank UPI (Direct),"?11,358.57",Success,9/1/2026 0:12,?0.00
2525,TXN2026102524,USR2141,MER45,Travel & Hospitality,PPI Wallet UPI,"?7,482.00",Failed,8/17/2026 14:18,?0.00
2526,TXN2026102525,USR3560,MER10,Groceries & Supermarkets,Bank UPI (Direct),"?6,979.28",Success,9/3/2026 23:55,?0.00
2527,TXN2026102526,USR4679,MER22,Electronics & Gadgets,Credit Card on UPI,"?5,684.48",Failed,8/28/2026 0:59,?0.00
2528,TXN2026102527,USR1782,MER33,Electronics & Gadgets,Bank UPI (Direct),"?4,061.95",Success,8/9/2026 17:56,?0.00
2529,TXN2026102528,USR3611,MER28,Groceries & Supermarkets,Bank UPI (Direct),"?7,017.79",Success,8/16/2026 18:22,?0.00
2530,TXN2026102529,USR2741,MER39,Electronics & Gadgets,Credit Card on UPI,"?4,621.15",Success,9/4/2026 16:24,?0.00
2531,TXN2026102530,USR2370,MER36,Groceries & Supermarkets,PPI Wallet UPI,"?6,466.26",Success,9/5/2026 4:56,?71.13
2532,TXN2026102531,USR2338,MER10,Groceries & Supermarkets,PPI Wallet UPI,"?14,937.90",Success,8/4/2026 15:19,?164.32
2533,TXN2026102532,USR4325,MER45,Travel & Hospitality,PPI Wallet UPI,"?4,432.64",Success,9/5/2026 21:24,?48.76
2534,TXN2026102533,USR4922,MER28,Electronics & Gadgets,Bank UPI (Direct),"?1,633.34",Success,8/26/2026 14:04,?0.00
2535,TXN2026102534,USR4987,MER25,Electronics & Gadgets,Credit Card on UPI,"?2,820.38",Success,9/3/2026 2:14,?0.00
2536,TXN2026102535,USR2497,MER11,Groceries & Supermarkets,PPI Wallet UPI,"?13,534.99",Pending,8/7/2026 5:23,?0.00
2537,TXN2026102536,USR4472,MER39,Groceries & Supermarkets,PPI Wallet UPI,"?7,293.70",Success,9/6/2026 22:52,?80.23
2538,TXN2026102537,USR3215,MER22,Groceries & Supermarkets,PPI Wallet UPI,"?10,060.40",Success,8/5/2026 17:22,?110.66
2539,TXN2026102538,USR3468,MER11,Electronics & Gadgets,Bank UPI (Direct),"?12,507.57",Success,8/5/2026 17:38,?0.00
2540,TXN2026102539,USR3485,MER32,Groceries & Supermarkets,PPI Wallet UPI,?461.51,Success,9/1/2026 1:14,?0.00
2541,TXN2026102540,USR4306,MER49,Food & Dining,Bank UPI (Direct),"?7,043.63",Success,8/4/2026 23:19,?0.00
2542,TXN2026102541,USR2439,MER15,Groceries & Supermarkets,Bank UPI (Direct),"?2,502.13",Success,8/16/2026 23:13,?0.00
2543,TXN2026102542,USR2158,MER22,Groceries & Supermarkets,Bank UPI (Direct),"?12,672.54",Success,8/7/2026 18:28,?0.00
2544,TXN2026102543,USR1524,MER40,Groceries & Supermarkets,Bank UPI (Direct),"?12,532.02",Success,8/28/2026 6:57,?0.00
2545,TXN2026102544,USR3230,MER26,Groceries & Supermarkets,PPI Wallet UPI,"?10,160.94",Success,8/14/2026 21:55,?111.77
2546,TXN2026102545,USR4698,MER46,Groceries & Supermarkets,Credit Card on UPI,"?12,110.87",Success,8/30/2026 3:07,?0.00
2547,TXN2026102546,USR4920,MER35,Electronics & Gadgets,PPI Wallet UPI,"?1,288.83",Success,8/27/2026 19:53,?0.00
2548,TXN2026102547,USR1085,MER47,Groceries & Supermarkets,Bank UPI (Direct),"?8,158.51",Success,9/15/2026 12:40,?0.00
2549,TXN2026102548,USR2532,MER42,Food & Dining,Bank UPI (Direct),?499.77,Success,8/3/2026 20:17,?0.00
2550,TXN2026102549,USR4724,MER19,Groceries & Supermarkets,PPI Wallet UPI,"?11,475.46",Success,9/4/2026 2:04,?126.23
2551,TXN2026102550,USR1133,MER46,Groceries & Supermarkets,Bank UPI (Direct),"?1,651.61",Success,9/6/2026 0:30,?0.00
2552,TXN2026102551,USR4230,MER27,Food & Dining,Credit Card on UPI,"?9,797.50",Success,8/17/2026 8:21,?0.00
2553,TXN2026102552,USR2771,MER42,Groceries & Supermarkets,PPI Wallet UPI,"?12,118.39",Success,8/28/2026 1:53,?133.30
2554,TXN2026102553,USR1804,MER29,Groceries & Supermarkets,PPI Wallet UPI,"?10,734.04",Success,8/17/2026 10:15,?118.07
2555,TXN2026102554,USR4540,MER12,Travel & Hospitality,Credit Card on UPI,"?11,646.38",Success,8/5/2026 21:11,?0.00
2556,TXN2026102555,USR3406,MER40,Food & Dining,PPI Wallet UPI,"?12,317.21",Success,8/29/2026 18:47,?135.49
2557,TXN2026102556,USR4544,MER12,Food & Dining,Credit Card on UPI,"?2,125.76",Success,8/15/2026 11:00,?0.00
2558,TXN2026102557,USR2802,MER30,Food & Dining,Bank UPI (Direct),"?6,202.47",Success,8/11/2026 21:35,?0.00
2559,TXN2026102558,USR3511,MER15,Groceries & Supermarkets,PPI Wallet UPI,"?4,771.73",Success,9/14/2026 3:00,?52.49
2560,TXN2026102559,USR2509,MER41,Electronics & Gadgets,Bank UPI (Direct),"?11,776.85",Success,9/1/2026 0:23,?0.00
2561,TXN2026102560,USR2490,MER11,Travel & Hospitality,Credit Card on UPI,"?12,114.48",Success,9/14/2026 21:04,?0.00
2562,TXN2026102561,USR3856,MER13,Food & Dining,Credit Card on UPI,?270.14,Success,9/10/2026 0:04,?0.00
2563,TXN2026102562,USR3546,MER48,Travel & Hospitality,PPI Wallet UPI,"?9,587.36",Success,9/1/2026 12:46,?105.46
2564,TXN2026102563,USR3712,MER34,Electronics & Gadgets,PPI Wallet UPI,"?7,694.83",Failed,8/25/2026 6:55,?0.00
2565,TXN2026102564,USR2162,MER37,Food & Dining,PPI Wallet UPI,"?10,527.92",Success,9/15/2026 23:21,?115.81
2566,TXN2026102565,USR4455,MER22,Groceries & Supermarkets,PPI Wallet UPI,"?3,849.08",Success,8/19/2026 8:03,?42.34
2567,TXN2026102566,USR1406,MER13,Electronics & Gadgets,Bank UPI (Direct),"?11,665.43",Pending,8/24/2026 0:19,?0.00
2568,TXN2026102567,USR4916,MER14,Food & Dining,PPI Wallet UPI,"?12,669.95",Success,8/29/2026 12:53,?139.37
2569,TXN2026102568,USR1325,MER44,Electronics & Gadgets,Bank UPI (Direct),"?1,947.98",Success,9/11/2026 4:31,?0.00
2570,TXN2026102569,USR1370,MER11,Electronics & Gadgets,Credit Card on UPI,"?13,906.38",Success,8/27/2026 21:35,?0.00
2571,TXN2026102570,USR4502,MER28,Travel & Hospitality,PPI Wallet UPI,"?9,685.87",Success,8/21/2026 23:58,?106.54
2572,TXN2026102571,USR1992,MER17,Travel & Hospitality,Bank UPI (Direct),"?10,338.47",Success,8/5/2026 22:45,?0.00
2573,TXN2026102572,USR4332,MER46,Groceries & Supermarkets,PPI Wallet UPI,?274.58,Success,8/1/2026 20:15,?0.00
2574,TXN2026102573,USR1135,MER12,Groceries & Supermarkets,Bank UPI (Direct),"?1,844.98",Success,8/23/2026 15:19,?0.00
2575,TXN2026102574,USR2019,MER42,Food & Dining,Bank UPI (Direct),"?7,451.45",Success,9/6/2026 12:10,?0.00
2576,TXN2026102575,USR1347,MER38,Groceries & Supermarkets,Bank UPI (Direct),"?7,993.27",Success,8/16/2026 4:22,?0.00
2577,TXN2026102576,USR2199,MER29,Food & Dining,Bank UPI (Direct),"?6,701.47",Pending,8/20/2026 18:11,?0.00
2578,TXN2026102577,USR2729,MER45,Groceries & Supermarkets,Bank UPI (Direct),?686.44,Success,9/7/2026 23:40,?0.00
2579,TXN2026102578,USR4410,MER24,Food & Dining,Bank UPI (Direct),"?6,878.57",Success,8/27/2026 15:51,?0.00
2580,TXN2026102579,USR1467,MER21,Electronics & Gadgets,Bank UPI (Direct),"?5,312.00",Success,8/1/2026 18:39,?0.00
2581,TXN2026102580,USR1308,MER47,Electronics & Gadgets,PPI Wallet UPI,"?12,870.21",Success,8/7/2026 12:51,?141.57
2582,TXN2026102581,USR1556,MER50,Groceries & Supermarkets,Bank UPI (Direct),"?12,555.10",Success,8/23/2026 2:25,?0.00
2583,TXN2026102582,USR3392,MER27,Groceries & Supermarkets,Credit Card on UPI,"?7,036.14",Success,8/24/2026 12:18,?0.00
2584,TXN2026102583,USR1190,MER10,Travel & Hospitality,Bank UPI (Direct),"?10,662.09",Success,8/6/2026 12:35,?0.00
2585,TXN2026102584,USR3484,MER16,Groceries & Supermarkets,Bank UPI (Direct),"?12,950.82",Success,9/8/2026 18:18,?0.00
2586,TXN2026102585,USR1700,MER17,Food & Dining,PPI Wallet UPI,"?10,103.60",Success,9/3/2026 0:40,?111.14
2587,TXN2026102586,USR3058,MER31,Electronics & Gadgets,Bank UPI (Direct),"?14,102.84",Pending,8/8/2026 2:32,?0.00
2588,TXN2026102587,USR2806,MER20,Groceries & Supermarkets,PPI Wallet UPI,"?8,601.46",Success,8/26/2026 19:34,?94.62
2589,TXN2026102588,USR4785,MER18,Food & Dining,Credit Card on UPI,"?5,967.68",Success,8/2/2026 12:36,?0.00
2590,TXN2026102589,USR4346,MER29,Electronics & Gadgets,Bank UPI (Direct),"?9,358.77",Success,8/4/2026 3:05,?0.00
2591,TXN2026102590,USR4424,MER44,Food & Dining,PPI Wallet UPI,"?3,504.04",Success,8/17/2026 6:22,?38.54
2592,TXN2026102591,USR1644,MER20,Groceries & Supermarkets,PPI Wallet UPI,"?10,450.33",Success,8/17/2026 13:29,?114.95
2593,TXN2026102592,USR3399,MER15,Food & Dining,Bank UPI (Direct),"?10,406.86",Success,8/21/2026 19:52,?0.00
2594,TXN2026102593,USR2691,MER13,Travel & Hospitality,Bank UPI (Direct),"?14,440.92",Success,8/3/2026 3:10,?0.00
2595,TXN2026102594,USR4600,MER29,Food & Dining,Bank UPI (Direct),"?13,551.33",Success,8/20/2026 8:04,?0.00
2596,TXN2026102595,USR4269,MER19,Electronics & Gadgets,PPI Wallet UPI,"?6,005.54",Success,8/13/2026 11:30,?66.06
2597,TXN2026102596,USR2868,MER37,Electronics & Gadgets,Bank UPI (Direct),"?13,086.56",Success,9/6/2026 22:32,?0.00
2598,TXN2026102597,USR4577,MER50,Groceries & Supermarkets,Bank UPI (Direct),"?11,004.42",Success,9/9/2026 3:43,?0.00
2599,TXN2026102598,USR1053,MER29,Groceries & Supermarkets,Bank UPI (Direct),"?2,557.63",Success,8/13/2026 22:32,?0.00
2600,TXN2026102599,USR1019,MER30,Groceries & Supermarkets,Bank UPI (Direct),?62.65,Success,9/7/2026 10:59,?0.00
2601,TXN2026102600,USR1853,MER31,Electronics & Gadgets,Bank UPI (Direct),?377.52,Failed,9/14/2026 9:05,?0.00
2602,TXN2026102601,USR1853,MER23,Electronics & Gadgets,Bank UPI (Direct),"?8,319.96",Success,9/11/2026 14:28,?0.00
2603,TXN2026102602,USR3217,MER42,Groceries & Supermarkets,Credit Card on UPI,"?4,184.61",Success,8/23/2026 4:12,?0.00
2604,TXN2026102603,USR2610,MER16,Food & Dining,Bank UPI (Direct),"?9,654.79",Success,8/27/2026 5:32,?0.00
2605,TXN2026102604,USR3638,MER45,Food & Dining,Bank UPI (Direct),"?11,197.11",Success,8/29/2026 19:58,?0.00
2606,TXN2026102605,USR3748,MER40,Groceries & Supermarkets,Bank UPI (Direct),?854.99,Failed,9/11/2026 2:02,?0.00
2607,TXN2026102606,USR4037,MER44,Groceries & Supermarkets,Bank UPI (Direct),"?7,559.12",Failed,8/18/2026 12:19,?0.00
2608,TXN2026102607,USR1522,MER32,Food & Dining,Bank UPI (Direct),"?11,673.25",Success,8/31/2026 11:44,?0.00
2609,TXN2026102608,USR3676,MER18,Travel & Hospitality,Bank UPI (Direct),"?14,371.28",Success,8/10/2026 2:24,?0.00
2610,TXN2026102609,USR2924,MER11,Travel & Hospitality,PPI Wallet UPI,"?9,136.57",Success,9/1/2026 13:07,?100.50
2611,TXN2026102610,USR2131,MER24,Electronics & Gadgets,Bank UPI (Direct),"?8,034.88",Success,8/28/2026 8:49,?0.00
2612,TXN2026102611,USR4336,MER16,Travel & Hospitality,Bank UPI (Direct),"?4,975.23",Success,9/11/2026 13:31,?0.00
2613,TXN2026102612,USR4904,MER26,Groceries & Supermarkets,PPI Wallet UPI,"?9,691.43",Success,8/21/2026 10:48,?106.61
2614,TXN2026102613,USR3810,MER19,Groceries & Supermarkets,Credit Card on UPI,?362.22,Success,8/11/2026 3:37,?0.00
2615,TXN2026102614,USR3403,MER39,Groceries & Supermarkets,Bank UPI (Direct),"?7,751.74",Success,9/8/2026 23:59,?0.00
2616,TXN2026102615,USR4549,MER12,Electronics & Gadgets,PPI Wallet UPI,"?1,544.63",Success,8/22/2026 10:03,?0.00
2617,TXN2026102616,USR1237,MER38,Travel & Hospitality,PPI Wallet UPI,"?1,251.84",Success,8/3/2026 3:00,?0.00
2618,TXN2026102617,USR3215,MER36,Groceries & Supermarkets,Bank UPI (Direct),"?9,084.92",Success,8/16/2026 1:40,?0.00
2619,TXN2026102618,USR2421,MER36,Groceries & Supermarkets,PPI Wallet UPI,"?12,346.13",Success,8/18/2026 7:40,?135.81
2620,TXN2026102619,USR3206,MER50,Groceries & Supermarkets,PPI Wallet UPI,?560.95,Success,8/17/2026 13:36,?0.00
2621,TXN2026102620,USR2890,MER10,Electronics & Gadgets,Bank UPI (Direct),?739.61,Success,8/13/2026 10:32,?0.00
2622,TXN2026102621,USR1971,MER30,Groceries & Supermarkets,Bank UPI (Direct),"?6,202.92",Success,8/23/2026 16:49,?0.00
2623,TXN2026102622,USR2621,MER13,Food & Dining,Bank UPI (Direct),"?7,002.97",Success,8/5/2026 1:51,?0.00
2624,TXN2026102623,USR2959,MER25,Electronics & Gadgets,Credit Card on UPI,"?13,276.70",Success,9/15/2026 9:11,?0.00
2625,TXN2026102624,USR4837,MER28,Food & Dining,PPI Wallet UPI,"?5,464.28",Success,8/5/2026 5:22,?60.11
2626,TXN2026102625,USR4248,MER31,Travel & Hospitality,Bank UPI (Direct),"?14,438.21",Success,8/24/2026 12:43,?0.00
2627,TXN2026102626,USR1888,MER25,Groceries & Supermarkets,Bank UPI (Direct),"?8,024.79",Success,8/12/2026 13:55,?0.00
2628,TXN2026102627,USR1557,MER22,Food & Dining,Credit Card on UPI,"?7,345.63",Success,8/5/2026 15:05,?0.00
2629,TXN2026102628,USR1698,MER37,Food & Dining,PPI Wallet UPI,"?2,967.20",Success,8/11/2026 3:52,?32.64
2630,TXN2026102629,USR3875,MER34,Groceries & Supermarkets,PPI Wallet UPI,"?8,236.09",Success,8/17/2026 9:44,?90.60
2631,TXN2026102630,USR2038,MER29,Groceries & Supermarkets,PPI Wallet UPI,"?7,845.72",Success,8/9/2026 20:07,?86.30
2632,TXN2026102631,USR2085,MER24,Food & Dining,Bank UPI (Direct),"?3,103.90",Success,8/4/2026 17:14,?0.00
2633,TXN2026102632,USR3044,MER44,Food & Dining,Bank UPI (Direct),"?10,238.05",Pending,9/14/2026 22:48,?0.00
2634,TXN2026102633,USR4515,MER42,Food & Dining,Bank UPI (Direct),"?10,950.47",Success,9/15/2026 19:07,?0.00
2635,TXN2026102634,USR2467,MER50,Travel & Hospitality,PPI Wallet UPI,"?2,892.53",Success,8/31/2026 22:11,?31.82
2636,TXN2026102635,USR2971,MER17,Travel & Hospitality,Bank UPI (Direct),"?2,924.77",Success,8/17/2026 0:23,?0.00
2637,TXN2026102636,USR4957,MER10,Groceries & Supermarkets,Bank UPI (Direct),"?10,863.94",Success,8/1/2026 11:17,?0.00
2638,TXN2026102637,USR4316,MER14,Groceries & Supermarkets,Credit Card on UPI,"?13,654.51",Success,8/5/2026 2:49,?0.00
2639,TXN2026102638,USR3018,MER16,Travel & Hospitality,Bank UPI (Direct),"?1,241.34",Pending,8/9/2026 15:21,?0.00
2640,TXN2026102639,USR1377,MER15,Food & Dining,Bank UPI (Direct),"?5,038.28",Success,9/3/2026 13:01,?0.00
2641,TXN2026102640,USR3625,MER24,Electronics & Gadgets,PPI Wallet UPI,"?11,724.70",Success,8/5/2026 8:26,?128.97
2642,TXN2026102641,USR2894,MER48,Groceries & Supermarkets,Credit Card on UPI,"?4,837.82",Success,8/30/2026 4:19,?0.00
2643,TXN2026102642,USR2889,MER17,Food & Dining,Credit Card on UPI,"?6,796.19",Success,8/15/2026 17:25,?0.00
2644,TXN2026102643,USR1930,MER27,Groceries & Supermarkets,PPI Wallet UPI,"?11,379.05",Success,8/12/2026 18:13,?125.17
2645,TXN2026102644,USR3935,MER30,Electronics & Gadgets,PPI Wallet UPI,"?14,060.88",Success,9/1/2026 17:00,?154.67
2646,TXN2026102645,USR1012,MER18,Groceries & Supermarkets,PPI Wallet UPI,"?13,663.90",Success,9/8/2026 8:29,?150.30
2647,TXN2026102646,USR3646,MER37,Electronics & Gadgets,Bank UPI (Direct),"?12,936.31",Success,8/25/2026 21:09,?0.00
2648,TXN2026102647,USR4128,MER31,Groceries & Supermarkets,Bank UPI (Direct),"?11,276.99",Success,8/31/2026 21:36,?0.00
2649,TXN2026102648,USR3455,MER32,Travel & Hospitality,PPI Wallet UPI,"?7,232.58",Failed,8/11/2026 15:12,?0.00
2650,TXN2026102649,USR2706,MER32,Electronics & Gadgets,Credit Card on UPI,"?1,645.91",Success,8/12/2026 7:58,?0.00
2651,TXN2026102650,USR2925,MER16,Groceries & Supermarkets,PPI Wallet UPI,?60.07,Success,9/15/2026 18:44,?0.00
2652,TXN2026102651,USR2998,MER43,Groceries & Supermarkets,Credit Card on UPI,"?4,914.89",Success,9/3/2026 15:53,?0.00
2653,TXN2026102652,USR4626,MER30,Electronics & Gadgets,Bank UPI (Direct),"?6,931.93",Success,8/16/2026 6:54,?0.00
2654,TXN2026102653,USR2946,MER12,Groceries & Supermarkets,Credit Card on UPI,"?5,877.87",Success,8/26/2026 16:21,?0.00
2655,TXN2026102654,USR2354,MER16,Food & Dining,Bank UPI (Direct),"?10,949.11",Success,8/20/2026 20:26,?0.00
2656,TXN2026102655,USR4061,MER33,Groceries & Supermarkets,Bank UPI (Direct),"?5,703.01",Failed,9/4/2026 12:41,?0.00
2657,TXN2026102656,USR4598,MER15,Travel & Hospitality,Bank UPI (Direct),?321.23,Success,8/24/2026 14:41,?0.00
2658,TXN2026102657,USR1380,MER23,Travel & Hospitality,Credit Card on UPI,"?11,405.92",Success,8/8/2026 23:10,?0.00
2659,TXN2026102658,USR4452,MER23,Groceries & Supermarkets,Bank UPI (Direct),"?4,754.00",Pending,9/13/2026 20:02,?0.00
2660,TXN2026102659,USR3135,MER41,Food & Dining,Bank UPI (Direct),"?13,265.71",Success,9/3/2026 3:40,?0.00
2661,TXN2026102660,USR1160,MER19,Groceries & Supermarkets,PPI Wallet UPI,"?11,629.28",Success,8/20/2026 4:24,?127.92
2662,TXN2026102661,USR4814,MER13,Electronics & Gadgets,Credit Card on UPI,"?6,108.77",Success,8/16/2026 3:38,?0.00
2663,TXN2026102662,USR2621,MER12,Groceries & Supermarkets,Bank UPI (Direct),"?4,627.81",Success,8/21/2026 18:53,?0.00
2664,TXN2026102663,USR1229,MER41,Groceries & Supermarkets,PPI Wallet UPI,"?11,900.11",Success,8/12/2026 16:27,?130.90
2665,TXN2026102664,USR2913,MER39,Groceries & Supermarkets,PPI Wallet UPI,"?5,394.69",Pending,9/15/2026 15:20,?0.00
2666,TXN2026102665,USR1771,MER19,Groceries & Supermarkets,Bank UPI (Direct),"?9,443.46",Success,8/21/2026 21:25,?0.00
2667,TXN2026102666,USR1192,MER30,Food & Dining,Credit Card on UPI,"?6,175.58",Success,8/12/2026 1:58,?0.00
2668,TXN2026102667,USR1266,MER32,Groceries & Supermarkets,PPI Wallet UPI,"?10,584.84",Success,8/9/2026 22:26,?116.43
2669,TXN2026102668,USR2605,MER48,Electronics & Gadgets,Bank UPI (Direct),"?10,953.92",Success,9/10/2026 11:05,?0.00
2670,TXN2026102669,USR1894,MER38,Food & Dining,Bank UPI (Direct),"?8,488.31",Success,9/8/2026 11:12,?0.00
2671,TXN2026102670,USR3933,MER14,Groceries & Supermarkets,Bank UPI (Direct),"?7,124.79",Success,8/6/2026 5:20,?0.00
2672,TXN2026102671,USR4647,MER49,Food & Dining,Bank UPI (Direct),"?1,837.62",Success,8/7/2026 22:47,?0.00
2673,TXN2026102672,USR1899,MER36,Electronics & Gadgets,PPI Wallet UPI,"?3,040.82",Success,9/3/2026 23:54,?33.45
2674,TXN2026102673,USR2652,MER25,Groceries & Supermarkets,Bank UPI (Direct),"?6,906.53",Success,8/23/2026 21:47,?0.00
2675,TXN2026102674,USR2333,MER50,Food & Dining,PPI Wallet UPI,"?12,523.12",Success,8/18/2026 11:50,?137.75
2676,TXN2026102675,USR3654,MER41,Electronics & Gadgets,PPI Wallet UPI,?144.46,Success,9/13/2026 14:12,?0.00
2677,TXN2026102676,USR4240,MER49,Food & Dining,PPI Wallet UPI,"?7,721.10",Success,8/29/2026 9:33,?84.93
2678,TXN2026102677,USR4756,MER48,Groceries & Supermarkets,PPI Wallet UPI,"?12,567.53",Success,9/15/2026 9:37,?138.24
2679,TXN2026102678,USR2195,MER36,Food & Dining,PPI Wallet UPI,?684.23,Success,8/10/2026 18:45,?0.00
2680,TXN2026102679,USR1956,MER38,Travel & Hospitality,PPI Wallet UPI,"?11,656.43",Success,8/17/2026 15:37,?128.22
2681,TXN2026102680,USR4803,MER40,Travel & Hospitality,Bank UPI (Direct),?239.17,Success,9/14/2026 0:27,?0.00
2682,TXN2026102681,USR1938,MER16,Food & Dining,PPI Wallet UPI,"?6,390.28",Success,8/27/2026 16:09,?70.29
2683,TXN2026102682,USR1940,MER35,Travel & Hospitality,Bank UPI (Direct),"?6,365.81",Success,8/26/2026 8:19,?0.00
2684,TXN2026102683,USR2394,MER44,Groceries & Supermarkets,PPI Wallet UPI,"?13,467.11",Success,9/2/2026 8:10,?148.14
2685,TXN2026102684,USR1964,MER35,Groceries & Supermarkets,PPI Wallet UPI,"?11,622.50",Success,8/2/2026 8:56,?127.85
2686,TXN2026102685,USR3207,MER13,Groceries & Supermarkets,Bank UPI (Direct),"?12,497.78",Success,9/9/2026 12:06,?0.00
2687,TXN2026102686,USR3315,MER37,Food & Dining,PPI Wallet UPI,"?12,021.51",Success,9/7/2026 2:55,?132.24
2688,TXN2026102687,USR4774,MER23,Food & Dining,Bank UPI (Direct),"?3,584.10",Success,9/6/2026 21:43,?0.00
2689,TXN2026102688,USR1156,MER27,Electronics & Gadgets,PPI Wallet UPI,"?10,876.07",Success,9/7/2026 20:06,?119.64
2690,TXN2026102689,USR3927,MER43,Groceries & Supermarkets,PPI Wallet UPI,"?13,249.08",Success,9/5/2026 7:05,?145.74
2691,TXN2026102690,USR4795,MER41,Electronics & Gadgets,Bank UPI (Direct),"?10,038.90",Success,8/26/2026 1:13,?0.00
2692,TXN2026102691,USR2291,MER42,Travel & Hospitality,Credit Card on UPI,"?12,468.19",Success,8/3/2026 14:02,?0.00
2693,TXN2026102692,USR3293,MER22,Food & Dining,Bank UPI (Direct),"?5,732.93",Success,8/12/2026 8:35,?0.00
2694,TXN2026102693,USR1994,MER39,Groceries & Supermarkets,Credit Card on UPI,"?2,528.45",Failed,8/2/2026 8:03,?0.00
2695,TXN2026102694,USR3401,MER17,Groceries & Supermarkets,Bank UPI (Direct),"?3,672.66",Success,9/8/2026 17:07,?0.00
2696,TXN2026102695,USR4173,MER48,Groceries & Supermarkets,PPI Wallet UPI,"?5,984.13",Success,8/6/2026 12:30,?65.83
2697,TXN2026102696,USR1279,MER39,Electronics & Gadgets,PPI Wallet UPI,"?14,231.19",Success,9/15/2026 20:18,?156.54
2698,TXN2026102697,USR1886,MER16,Food & Dining,PPI Wallet UPI,"?6,045.12",Success,8/28/2026 4:24,?66.50
2699,TXN2026102698,USR2180,MER15,Groceries & Supermarkets,PPI Wallet UPI,"?7,977.08",Success,9/5/2026 21:58,?87.75
2700,TXN2026102699,USR1828,MER37,Travel & Hospitality,PPI Wallet UPI,"?1,598.87",Success,8/2/2026 22:30,?0.00
2701,TXN2026102700,USR2488,MER27,Electronics & Gadgets,Bank UPI (Direct),"?1,146.37",Success,9/12/2026 16:32,?0.00
2702,TXN2026102701,USR3824,MER21,Groceries & Supermarkets,PPI Wallet UPI,"?11,095.64",Success,9/10/2026 22:34,?122.05
2703,TXN2026102702,USR3979,MER24,Groceries & Supermarkets,Bank UPI (Direct),"?13,757.50",Success,9/8/2026 7:24,?0.00
2704,TXN2026102703,USR1683,MER21,Food & Dining,Credit Card on UPI,"?14,152.94",Success,8/17/2026 22:44,?0.00
2705,TXN2026102704,USR3820,MER50,Groceries & Supermarkets,Bank UPI (Direct),"?4,973.63",Success,8/5/2026 8:42,?0.00
2706,TXN2026102705,USR1873,MER38,Groceries & Supermarkets,Bank UPI (Direct),?552.88,Success,9/13/2026 1:59,?0.00
2707,TXN2026102706,USR2192,MER17,Groceries & Supermarkets,PPI Wallet UPI,"?6,483.79",Success,9/12/2026 17:15,?71.32
2708,TXN2026102707,USR1391,MER36,Groceries & Supermarkets,PPI Wallet UPI,"?10,544.24",Success,8/19/2026 17:15,?115.99
2709,TXN2026102708,USR4931,MER14,Travel & Hospitality,Credit Card on UPI,"?13,110.54",Success,8/4/2026 17:15,?0.00
2710,TXN2026102709,USR1171,MER36,Groceries & Supermarkets,PPI Wallet UPI,"?12,881.86",Success,9/2/2026 13:15,?141.70
2711,TXN2026102710,USR1803,MER41,Food & Dining,Bank UPI (Direct),"?4,535.51",Success,9/12/2026 18:19,?0.00
2712,TXN2026102711,USR4734,MER16,Electronics & Gadgets,PPI Wallet UPI,?993.67,Failed,8/8/2026 17:55,?0.00
2713,TXN2026102712,USR3074,MER10,Electronics & Gadgets,Bank UPI (Direct),"?9,937.08",Success,8/8/2026 9:05,?0.00
2714,TXN2026102713,USR2879,MER14,Food & Dining,Bank UPI (Direct),"?4,096.44",Success,8/28/2026 14:58,?0.00
2715,TXN2026102714,USR1361,MER38,Food & Dining,Bank UPI (Direct),?303.22,Success,8/27/2026 0:55,?0.00
2716,TXN2026102715,USR3470,MER41,Groceries & Supermarkets,Bank UPI (Direct),"?6,258.52",Success,9/7/2026 11:44,?0.00
2717,TXN2026102716,USR3536,MER42,Electronics & Gadgets,PPI Wallet UPI,"?13,309.20",Success,9/5/2026 23:53,?146.40
2718,TXN2026102717,USR1235,MER32,Groceries & Supermarkets,Bank UPI (Direct),"?4,488.86",Success,9/5/2026 21:08,?0.00
2719,TXN2026102718,USR2457,MER13,Groceries & Supermarkets,Bank UPI (Direct),"?9,286.44",Success,9/12/2026 5:18,?0.00
2720,TXN2026102719,USR2506,MER14,Food & Dining,Credit Card on UPI,"?11,564.94",Success,8/4/2026 4:22,?0.00
2721,TXN2026102720,USR2577,MER22,Groceries & Supermarkets,Bank UPI (Direct),"?7,165.12",Failed,8/11/2026 13:06,?0.00
2722,TXN2026102721,USR2781,MER39,Travel & Hospitality,Bank UPI (Direct),"?4,329.22",Success,8/22/2026 22:04,?0.00
2723,TXN2026102722,USR4366,MER40,Electronics & Gadgets,Bank UPI (Direct),"?13,350.39",Success,8/3/2026 18:21,?0.00
2724,TXN2026102723,USR2460,MER20,Electronics & Gadgets,Bank UPI (Direct),"?14,509.16",Success,9/12/2026 22:15,?0.00
2725,TXN2026102724,USR4126,MER50,Groceries & Supermarkets,PPI Wallet UPI,?618.33,Success,9/4/2026 14:16,?0.00
2726,TXN2026102725,USR3661,MER40,Groceries & Supermarkets,Credit Card on UPI,"?9,700.66",Success,9/10/2026 21:23,?0.00
2727,TXN2026102726,USR2792,MER28,Travel & Hospitality,PPI Wallet UPI,"?12,837.08",Success,8/1/2026 4:04,?141.21
2728,TXN2026102727,USR2929,MER41,Groceries & Supermarkets,Bank UPI (Direct),"?14,427.65",Success,8/4/2026 17:58,?0.00
2729,TXN2026102728,USR3737,MER44,Groceries & Supermarkets,Bank UPI (Direct),"?13,677.60",Success,8/16/2026 13:03,?0.00
2730,TXN2026102729,USR3375,MER15,Food & Dining,PPI Wallet UPI,"?1,540.90",Success,9/5/2026 19:10,?0.00
2731,TXN2026102730,USR4212,MER14,Electronics & Gadgets,Bank UPI (Direct),"?10,597.05",Success,8/8/2026 20:50,?0.00
2732,TXN2026102731,USR3626,MER28,Groceries & Supermarkets,Credit Card on UPI,"?1,988.24",Success,8/7/2026 13:12,?0.00
2733,TXN2026102732,USR2630,MER24,Travel & Hospitality,Bank UPI (Direct),?103.62,Success,8/28/2026 5:24,?0.00
2734,TXN2026102733,USR3928,MER36,Groceries & Supermarkets,Bank UPI (Direct),"?13,550.41",Failed,8/27/2026 0:17,?0.00
2735,TXN2026102734,USR3050,MER26,Groceries & Supermarkets,Credit Card on UPI,"?8,949.34",Success,8/11/2026 7:30,?0.00
2736,TXN2026102735,USR2936,MER26,Food & Dining,PPI Wallet UPI,"?4,255.82",Success,8/13/2026 19:25,?46.81
2737,TXN2026102736,USR4101,MER50,Groceries & Supermarkets,PPI Wallet UPI,"?14,124.21",Success,8/21/2026 14:51,?155.37
2738,TXN2026102737,USR3824,MER41,Electronics & Gadgets,Bank UPI (Direct),"?2,465.80",Success,8/22/2026 17:43,?0.00
2739,TXN2026102738,USR2850,MER46,Electronics & Gadgets,Bank UPI (Direct),"?3,623.29",Success,8/22/2026 2:40,?0.00
2740,TXN2026102739,USR3601,MER16,Groceries & Supermarkets,Bank UPI (Direct),"?6,428.86",Success,8/18/2026 21:33,?0.00
2741,TXN2026102740,USR1445,MER32,Electronics & Gadgets,Bank UPI (Direct),"?5,154.66",Success,9/10/2026 13:25,?0.00
2742,TXN2026102741,USR1771,MER25,Food & Dining,PPI Wallet UPI,"?14,667.71",Success,8/30/2026 21:38,?161.34
2743,TXN2026102742,USR2407,MER38,Food & Dining,PPI Wallet UPI,"?7,928.55",Success,8/7/2026 15:55,?87.21
2744,TXN2026102743,USR3113,MER21,Groceries & Supermarkets,Bank UPI (Direct),"?12,380.80",Success,8/4/2026 17:07,?0.00
2745,TXN2026102744,USR3285,MER40,Food & Dining,Credit Card on UPI,"?11,861.47",Success,9/4/2026 15:17,?0.00
2746,TXN2026102745,USR3692,MER23,Electronics & Gadgets,Bank UPI (Direct),"?7,612.57",Success,8/22/2026 8:38,?0.00
2747,TXN2026102746,USR4021,MER13,Groceries & Supermarkets,PPI Wallet UPI,"?7,126.08",Success,9/3/2026 18:03,?78.39
2748,TXN2026102747,USR1328,MER19,Food & Dining,Bank UPI (Direct),"?11,132.69",Success,9/15/2026 18:16,?0.00
2749,TXN2026102748,USR2804,MER37,Groceries & Supermarkets,PPI Wallet UPI,"?4,267.88",Pending,8/6/2026 7:13,?0.00
2750,TXN2026102749,USR4955,MER28,Food & Dining,Bank UPI (Direct),"?2,790.48",Success,8/18/2026 23:19,?0.00
2751,TXN2026102750,USR3988,MER12,Groceries & Supermarkets,Bank UPI (Direct),"?9,382.63",Success,9/10/2026 5:06,?0.00
2752,TXN2026102751,USR2040,MER40,Electronics & Gadgets,Bank UPI (Direct),"?1,601.92",Success,8/14/2026 19:17,?0.00
2753,TXN2026102752,USR1264,MER42,Travel & Hospitality,PPI Wallet UPI,"?8,748.84",Failed,8/27/2026 2:59,?0.00
2754,TXN2026102753,USR4636,MER21,Food & Dining,PPI Wallet UPI,"?5,099.92",Success,9/6/2026 16:58,?56.10
2755,TXN2026102754,USR4003,MER14,Groceries & Supermarkets,Bank UPI (Direct),"?5,973.40",Success,8/25/2026 1:47,?0.00
2756,TXN2026102755,USR1265,MER32,Food & Dining,PPI Wallet UPI,"?10,065.09",Failed,8/1/2026 18:54,?0.00
2757,TXN2026102756,USR2620,MER18,Groceries & Supermarkets,PPI Wallet UPI,"?11,271.74",Success,8/17/2026 23:54,?123.99
2758,TXN2026102757,USR1830,MER12,Groceries & Supermarkets,Bank UPI (Direct),"?10,222.01",Success,8/11/2026 10:04,?0.00
2759,TXN2026102758,USR3585,MER24,Groceries & Supermarkets,Credit Card on UPI,?262.22,Success,8/31/2026 10:27,?0.00
2760,TXN2026102759,USR3415,MER22,Groceries & Supermarkets,PPI Wallet UPI,"?11,419.94",Failed,8/26/2026 3:22,?0.00
2761,TXN2026102760,USR1641,MER45,Food & Dining,PPI Wallet UPI,"?3,792.15",Success,9/8/2026 23:07,?41.71
2762,TXN2026102761,USR3018,MER15,Groceries & Supermarkets,PPI Wallet UPI,"?8,900.78",Success,8/16/2026 16:31,?97.91
2763,TXN2026102762,USR2675,MER21,Groceries & Supermarkets,Credit Card on UPI,?147.73,Success,8/15/2026 5:25,?0.00
2764,TXN2026102763,USR4894,MER15,Groceries & Supermarkets,Bank UPI (Direct),"?14,840.71",Success,9/11/2026 23:02,?0.00
2765,TXN2026102764,USR3520,MER17,Food & Dining,PPI Wallet UPI,"?10,092.01",Success,9/7/2026 22:07,?111.01
2766,TXN2026102765,USR4069,MER21,Travel & Hospitality,Bank UPI (Direct),"?8,109.49",Success,8/24/2026 22:51,?0.00
2767,TXN2026102766,USR3712,MER48,Groceries & Supermarkets,Bank UPI (Direct),"?14,962.64",Success,9/11/2026 19:49,?0.00
2768,TXN2026102767,USR4111,MER22,Travel & Hospitality,PPI Wallet UPI,"?7,559.49",Success,9/8/2026 0:40,?83.15
2769,TXN2026102768,USR2978,MER13,Groceries & Supermarkets,Bank UPI (Direct),"?12,388.70",Success,8/15/2026 9:22,?0.00
2770,TXN2026102769,USR1240,MER25,Groceries & Supermarkets,Bank UPI (Direct),"?6,052.87",Success,8/1/2026 20:36,?0.00
2771,TXN2026102770,USR2673,MER36,Groceries & Supermarkets,Bank UPI (Direct),"?13,220.36",Success,8/20/2026 5:58,?0.00
2772,TXN2026102771,USR3181,MER20,Electronics & Gadgets,Bank UPI (Direct),"?4,973.67",Success,9/7/2026 14:51,?0.00
2773,TXN2026102772,USR3047,MER25,Travel & Hospitality,PPI Wallet UPI,?207.01,Failed,9/7/2026 19:44,?0.00
2774,TXN2026102773,USR2944,MER35,Electronics & Gadgets,PPI Wallet UPI,"?11,565.95",Success,9/4/2026 18:29,?127.23
2775,TXN2026102774,USR3341,MER12,Travel & Hospitality,Bank UPI (Direct),"?10,821.53",Success,9/3/2026 0:29,?0.00
2776,TXN2026102775,USR3171,MER28,Food & Dining,PPI Wallet UPI,"?7,025.60",Success,9/10/2026 14:22,?77.28
2777,TXN2026102776,USR4164,MER17,Food & Dining,Bank UPI (Direct),"?5,718.19",Success,9/2/2026 10:56,?0.00
2778,TXN2026102777,USR1156,MER34,Electronics & Gadgets,PPI Wallet UPI,"?11,313.35",Success,8/30/2026 19:56,?124.45
2779,TXN2026102778,USR1678,MER32,Food & Dining,Bank UPI (Direct),?510.14,Failed,8/18/2026 12:29,?0.00
2780,TXN2026102779,USR3844,MER31,Groceries & Supermarkets,Bank UPI (Direct),"?6,216.68",Success,8/25/2026 1:00,?0.00
2781,TXN2026102780,USR2348,MER38,Electronics & Gadgets,PPI Wallet UPI,"?14,205.24",Success,9/9/2026 2:22,?156.26
2782,TXN2026102781,USR3421,MER24,Groceries & Supermarkets,Credit Card on UPI,"?1,140.94",Success,8/13/2026 18:15,?0.00
2783,TXN2026102782,USR3633,MER50,Groceries & Supermarkets,PPI Wallet UPI,"?2,123.39",Success,8/9/2026 4:16,?23.36
2784,TXN2026102783,USR3252,MER34,Electronics & Gadgets,PPI Wallet UPI,"?14,069.10",Success,8/20/2026 15:51,?154.76
2785,TXN2026102784,USR1004,MER14,Groceries & Supermarkets,Bank UPI (Direct),"?10,402.97",Success,9/6/2026 3:11,?0.00
2786,TXN2026102785,USR2833,MER37,Electronics & Gadgets,Bank UPI (Direct),?93.99,Success,9/6/2026 17:18,?0.00
2787,TXN2026102786,USR1577,MER36,Travel & Hospitality,Bank UPI (Direct),"?10,645.07",Success,8/10/2026 13:42,?0.00
2788,TXN2026102787,USR1122,MER20,Travel & Hospitality,Bank UPI (Direct),"?8,637.63",Failed,8/18/2026 17:13,?0.00
2789,TXN2026102788,USR1733,MER35,Groceries & Supermarkets,Bank UPI (Direct),?105.31,Failed,8/30/2026 4:48,?0.00
2790,TXN2026102789,USR3901,MER27,Groceries & Supermarkets,Bank UPI (Direct),"?4,284.72",Success,9/12/2026 10:41,?0.00
2791,TXN2026102790,USR4989,MER37,Food & Dining,Bank UPI (Direct),"?4,517.31",Success,8/17/2026 2:03,?0.00
2792,TXN2026102791,USR3327,MER26,Travel & Hospitality,Bank UPI (Direct),"?11,925.47",Success,8/20/2026 15:51,?0.00
2793,TXN2026102792,USR1796,MER46,Groceries & Supermarkets,PPI Wallet UPI,"?11,371.75",Success,8/25/2026 22:03,?125.09
2794,TXN2026102793,USR1986,MER46,Groceries & Supermarkets,PPI Wallet UPI,"?1,522.98",Failed,9/12/2026 12:20,?0.00
2795,TXN2026102794,USR2336,MER35,Groceries & Supermarkets,Credit Card on UPI,"?12,527.08",Success,8/5/2026 10:47,?0.00
2796,TXN2026102795,USR2065,MER12,Groceries & Supermarkets,PPI Wallet UPI,"?1,620.32",Success,8/26/2026 4:49,?0.00
2797,TXN2026102796,USR1733,MER21,Electronics & Gadgets,Bank UPI (Direct),"?5,933.41",Success,8/18/2026 17:05,?0.00
2798,TXN2026102797,USR1120,MER27,Groceries & Supermarkets,PPI Wallet UPI,"?3,596.29",Success,8/19/2026 0:18,?39.56
2799,TXN2026102798,USR2756,MER13,Groceries & Supermarkets,Bank UPI (Direct),"?12,464.26",Success,8/11/2026 9:47,?0.00
2800,TXN2026102799,USR2995,MER14,Food & Dining,Credit Card on UPI,"?14,569.84",Success,8/23/2026 20:47,?0.00
2801,TXN2026102800,USR2366,MER18,Electronics & Gadgets,Bank UPI (Direct),?431.74,Success,8/13/2026 21:09,?0.00
2802,TXN2026102801,USR4382,MER37,Travel & Hospitality,Credit Card on UPI,"?1,741.03",Success,9/8/2026 1:47,?0.00
2803,TXN2026102802,USR1648,MER42,Groceries & Supermarkets,Bank UPI (Direct),"?3,587.20",Success,9/2/2026 12:49,?0.00
2804,TXN2026102803,USR4981,MER28,Groceries & Supermarkets,PPI Wallet UPI,"?4,441.11",Success,8/17/2026 15:54,?48.85
2805,TXN2026102804,USR4557,MER14,Electronics & Gadgets,Bank UPI (Direct),"?1,108.70",Success,8/2/2026 18:19,?0.00
2806,TXN2026102805,USR4357,MER45,Groceries & Supermarkets,Bank UPI (Direct),"?1,733.65",Success,9/13/2026 22:39,?0.00
2807,TXN2026102806,USR3337,MER18,Electronics & Gadgets,PPI Wallet UPI,"?3,087.54",Success,9/10/2026 20:01,?33.96
2808,TXN2026102807,USR1493,MER12,Food & Dining,Bank UPI (Direct),"?2,926.26",Success,8/20/2026 7:58,?0.00
2809,TXN2026102808,USR3788,MER41,Electronics & Gadgets,PPI Wallet UPI,"?12,841.87",Success,8/27/2026 4:53,?141.26
2810,TXN2026102809,USR3152,MER19,Electronics & Gadgets,Bank UPI (Direct),"?10,841.32",Success,8/27/2026 2:44,?0.00
2811,TXN2026102810,USR3750,MER12,Groceries & Supermarkets,Bank UPI (Direct),"?8,042.21",Success,8/16/2026 15:57,?0.00
2812,TXN2026102811,USR3717,MER36,Food & Dining,Bank UPI (Direct),"?6,606.91",Success,9/4/2026 2:29,?0.00
2813,TXN2026102812,USR3240,MER23,Electronics & Gadgets,Bank UPI (Direct),"?3,125.29",Success,9/5/2026 18:00,?0.00
2814,TXN2026102813,USR3688,MER34,Travel & Hospitality,Credit Card on UPI,"?7,580.14",Success,8/20/2026 22:47,?0.00
2815,TXN2026102814,USR4676,MER39,Groceries & Supermarkets,Bank UPI (Direct),"?13,773.39",Success,8/23/2026 6:48,?0.00
2816,TXN2026102815,USR1966,MER18,Electronics & Gadgets,PPI Wallet UPI,"?9,063.99",Success,8/7/2026 17:01,?99.70
2817,TXN2026102816,USR2166,MER37,Electronics & Gadgets,PPI Wallet UPI,"?13,667.16",Failed,8/25/2026 10:45,?0.00
2818,TXN2026102817,USR1726,MER12,Groceries & Supermarkets,Credit Card on UPI,?606.77,Success,8/18/2026 1:00,?0.00
2819,TXN2026102818,USR3909,MER24,Groceries & Supermarkets,Credit Card on UPI,"?14,922.82",Success,8/5/2026 14:01,?0.00
2820,TXN2026102819,USR4230,MER15,Travel & Hospitality,Bank UPI (Direct),"?7,683.25",Success,8/16/2026 18:50,?0.00
2821,TXN2026102820,USR3125,MER17,Electronics & Gadgets,Bank UPI (Direct),"?1,155.56",Success,9/1/2026 8:46,?0.00
2822,TXN2026102821,USR1864,MER18,Food & Dining,Bank UPI (Direct),"?10,341.29",Success,9/11/2026 3:09,?0.00
2823,TXN2026102822,USR2536,MER26,Groceries & Supermarkets,Bank UPI (Direct),"?6,749.04",Success,8/12/2026 2:55,?0.00
2824,TXN2026102823,USR3798,MER35,Travel & Hospitality,Bank UPI (Direct),"?9,812.84",Success,9/12/2026 7:16,?0.00
2825,TXN2026102824,USR1518,MER11,Travel & Hospitality,Credit Card on UPI,"?2,851.72",Success,8/7/2026 5:05,?0.00
2826,TXN2026102825,USR2600,MER49,Travel & Hospitality,PPI Wallet UPI,"?14,423.12",Success,9/4/2026 11:48,?158.65
2827,TXN2026102826,USR4001,MER18,Electronics & Gadgets,Bank UPI (Direct),"?11,419.02",Success,8/26/2026 2:31,?0.00
2828,TXN2026102827,USR3929,MER37,Electronics & Gadgets,Bank UPI (Direct),"?1,449.74",Success,9/12/2026 1:55,?0.00
2829,TXN2026102828,USR1790,MER31,Electronics & Gadgets,PPI Wallet UPI,"?8,719.95",Success,9/7/2026 5:01,?95.92
2830,TXN2026102829,USR2699,MER44,Food & Dining,Bank UPI (Direct),"?4,356.27",Failed,8/30/2026 4:36,?0.00
2831,TXN2026102830,USR1020,MER17,Electronics & Gadgets,Bank UPI (Direct),"?7,203.84",Success,8/21/2026 22:58,?0.00
2832,TXN2026102831,USR3935,MER49,Groceries & Supermarkets,Bank UPI (Direct),"?1,047.78",Success,9/2/2026 22:13,?0.00
2833,TXN2026102832,USR4272,MER50,Electronics & Gadgets,Credit Card on UPI,"?4,953.49",Success,8/28/2026 3:30,?0.00
2834,TXN2026102833,USR2367,MER44,Travel & Hospitality,Bank UPI (Direct),?287.60,Success,8/18/2026 7:49,?0.00
2835,TXN2026102834,USR2594,MER24,Food & Dining,Bank UPI (Direct),"?11,674.60",Success,8/11/2026 22:56,?0.00
2836,TXN2026102835,USR2718,MER25,Groceries & Supermarkets,PPI Wallet UPI,"?4,568.63",Success,9/1/2026 12:26,?50.25
2837,TXN2026102836,USR1235,MER10,Electronics & Gadgets,PPI Wallet UPI,"?6,466.13",Success,8/15/2026 20:41,?71.13
2838,TXN2026102837,USR1128,MER22,Groceries & Supermarkets,PPI Wallet UPI,"?13,198.81",Success,8/19/2026 5:58,?145.19
2839,TXN2026102838,USR4946,MER48,Food & Dining,Credit Card on UPI,"?12,446.17",Success,9/5/2026 15:00,?0.00
2840,TXN2026102839,USR2222,MER20,Groceries & Supermarkets,PPI Wallet UPI,?933.63,Success,8/28/2026 14:39,?0.00
2841,TXN2026102840,USR1911,MER26,Groceries & Supermarkets,Credit Card on UPI,"?6,559.39",Success,8/19/2026 19:23,?0.00
2842,TXN2026102841,USR4147,MER49,Electronics & Gadgets,PPI Wallet UPI,"?4,634.96",Success,8/15/2026 11:37,?50.98
2843,TXN2026102842,USR1634,MER25,Electronics & Gadgets,Bank UPI (Direct),"?10,946.61",Success,9/10/2026 3:47,?0.00
2844,TXN2026102843,USR1873,MER42,Groceries & Supermarkets,Bank UPI (Direct),"?9,131.95",Success,8/16/2026 7:31,?0.00
2845,TXN2026102844,USR3332,MER37,Food & Dining,Bank UPI (Direct),"?5,872.23",Success,9/12/2026 1:29,?0.00
2846,TXN2026102845,USR1314,MER49,Travel & Hospitality,Bank UPI (Direct),"?4,648.05",Success,8/23/2026 9:04,?0.00
2847,TXN2026102846,USR3337,MER26,Groceries & Supermarkets,Bank UPI (Direct),"?11,093.70",Success,8/25/2026 16:33,?0.00
2848,TXN2026102847,USR3691,MER48,Electronics & Gadgets,Bank UPI (Direct),"?3,760.28",Success,8/21/2026 4:12,?0.00
2849,TXN2026102848,USR4936,MER16,Electronics & Gadgets,PPI Wallet UPI,?809.45,Success,8/24/2026 5:47,?0.00
2850,TXN2026102849,USR2736,MER42,Electronics & Gadgets,PPI Wallet UPI,"?10,594.56",Success,8/15/2026 7:39,?116.54
2851,TXN2026102850,USR1482,MER31,Groceries & Supermarkets,PPI Wallet UPI,"?13,965.52",Success,9/14/2026 2:23,?153.62
2852,TXN2026102851,USR2727,MER15,Travel & Hospitality,Credit Card on UPI,"?8,458.82",Success,9/2/2026 3:50,?0.00
2853,TXN2026102852,USR3963,MER26,Groceries & Supermarkets,Bank UPI (Direct),"?8,101.63",Success,9/3/2026 9:31,?0.00
2854,TXN2026102853,USR2175,MER13,Travel & Hospitality,Bank UPI (Direct),"?6,563.11",Success,9/8/2026 10:32,?0.00
2855,TXN2026102854,USR2172,MER34,Groceries & Supermarkets,Credit Card on UPI,"?13,013.19",Success,8/9/2026 23:41,?0.00
2856,TXN2026102855,USR1880,MER47,Travel & Hospitality,PPI Wallet UPI,"?1,133.98",Success,8/7/2026 20:30,?0.00
2857,TXN2026102856,USR3826,MER19,Food & Dining,PPI Wallet UPI,"?8,933.70",Success,8/20/2026 6:41,?98.27
2858,TXN2026102857,USR3872,MER41,Food & Dining,Bank UPI (Direct),"?11,182.24",Success,9/5/2026 9:28,?0.00
2859,TXN2026102858,USR4579,MER48,Groceries & Supermarkets,Bank UPI (Direct),"?1,365.79",Success,8/19/2026 3:31,?0.00
2860,TXN2026102859,USR4974,MER39,Groceries & Supermarkets,Bank UPI (Direct),"?8,736.93",Success,8/9/2026 0:55,?0.00
2861,TXN2026102860,USR1878,MER31,Groceries & Supermarkets,Bank UPI (Direct),"?14,762.18",Success,8/24/2026 3:39,?0.00
2862,TXN2026102861,USR2572,MER50,Groceries & Supermarkets,PPI Wallet UPI,?792.40,Success,9/12/2026 6:53,?0.00
2863,TXN2026102862,USR2656,MER46,Travel & Hospitality,Credit Card on UPI,"?8,932.77",Success,8/23/2026 15:01,?0.00
2864,TXN2026102863,USR4738,MER30,Groceries & Supermarkets,Credit Card on UPI,?611.59,Success,8/11/2026 21:13,?0.00
2865,TXN2026102864,USR3486,MER34,Electronics & Gadgets,Bank UPI (Direct),"?1,933.44",Success,8/6/2026 10:46,?0.00
2866,TXN2026102865,USR1626,MER23,Groceries & Supermarkets,PPI Wallet UPI,"?4,904.38",Failed,8/26/2026 7:52,?0.00
2867,TXN2026102866,USR3758,MER43,Groceries & Supermarkets,Credit Card on UPI,"?4,098.43",Success,8/29/2026 9:22,?0.00
2868,TXN2026102867,USR1305,MER50,Travel & Hospitality,Bank UPI (Direct),?456.08,Success,9/15/2026 20:38,?0.00
2869,TXN2026102868,USR3795,MER48,Groceries & Supermarkets,Bank UPI (Direct),"?7,919.64",Success,8/9/2026 19:50,?0.00
2870,TXN2026102869,USR4762,MER45,Groceries & Supermarkets,Bank UPI (Direct),"?9,441.19",Success,8/6/2026 10:47,?0.00
2871,TXN2026102870,USR4031,MER41,Groceries & Supermarkets,PPI Wallet UPI,"?1,647.14",Success,8/22/2026 20:49,?0.00
2872,TXN2026102871,USR1087,MER29,Groceries & Supermarkets,PPI Wallet UPI,"?8,096.59",Success,9/2/2026 6:53,?89.06
2873,TXN2026102872,USR1571,MER25,Groceries & Supermarkets,Bank UPI (Direct),"?9,691.80",Success,9/7/2026 4:16,?0.00
2874,TXN2026102873,USR3184,MER27,Groceries & Supermarkets,Bank UPI (Direct),"?8,002.19",Success,9/1/2026 14:44,?0.00
2875,TXN2026102874,USR3461,MER44,Groceries & Supermarkets,Bank UPI (Direct),"?8,364.71",Success,9/11/2026 8:38,?0.00
2876,TXN2026102875,USR1421,MER23,Travel & Hospitality,Bank UPI (Direct),"?14,770.99",Success,8/18/2026 6:48,?0.00
2877,TXN2026102876,USR3224,MER22,Electronics & Gadgets,PPI Wallet UPI,"?9,615.83",Success,8/6/2026 13:23,?105.77
2878,TXN2026102877,USR1521,MER15,Food & Dining,Bank UPI (Direct),"?5,051.67",Success,8/6/2026 16:06,?0.00
2879,TXN2026102878,USR3508,MER41,Groceries & Supermarkets,Bank UPI (Direct),"?3,495.30",Pending,9/15/2026 13:22,?0.00
2880,TXN2026102879,USR2052,MER30,Travel & Hospitality,PPI Wallet UPI,"?3,186.93",Success,9/12/2026 9:13,?35.06
2881,TXN2026102880,USR4994,MER41,Groceries & Supermarkets,Bank UPI (Direct),"?12,758.39",Success,8/13/2026 23:38,?0.00
2882,TXN2026102881,USR1436,MER42,Electronics & Gadgets,Bank UPI (Direct),"?12,289.04",Success,8/16/2026 5:28,?0.00
2883,TXN2026102882,USR3866,MER38,Groceries & Supermarkets,Bank UPI (Direct),"?14,615.98",Success,8/19/2026 16:53,?0.00
2884,TXN2026102883,USR1083,MER36,Groceries & Supermarkets,Bank UPI (Direct),"?2,755.88",Success,8/12/2026 21:58,?0.00
2885,TXN2026102884,USR3410,MER46,Food & Dining,Bank UPI (Direct),"?14,953.95",Success,8/15/2026 22:36,?0.00
2886,TXN2026102885,USR3997,MER43,Food & Dining,Bank UPI (Direct),"?4,660.06",Success,9/5/2026 13:59,?0.00
2887,TXN2026102886,USR1438,MER50,Groceries & Supermarkets,Bank UPI (Direct),"?12,848.89",Success,9/1/2026 21:27,?0.00
2888,TXN2026102887,USR2444,MER48,Food & Dining,PPI Wallet UPI,"?9,407.11",Success,8/28/2026 14:13,?103.48
2889,TXN2026102888,USR4710,MER41,Groceries & Supermarkets,Credit Card on UPI,"?13,906.96",Success,9/7/2026 10:49,?0.00
2890,TXN2026102889,USR4385,MER49,Groceries & Supermarkets,Bank UPI (Direct),"?4,821.39",Success,8/30/2026 23:48,?0.00
2891,TXN2026102890,USR1442,MER12,Groceries & Supermarkets,Bank UPI (Direct),"?2,664.67",Failed,8/16/2026 4:52,?0.00
2892,TXN2026102891,USR4511,MER22,Electronics & Gadgets,Bank UPI (Direct),"?4,815.63",Success,8/16/2026 20:28,?0.00
2893,TXN2026102892,USR3316,MER39,Groceries & Supermarkets,Bank UPI (Direct),"?4,373.17",Success,8/19/2026 6:44,?0.00
2894,TXN2026102893,USR4770,MER12,Groceries & Supermarkets,Bank UPI (Direct),"?2,396.65",Success,8/31/2026 2:04,?0.00
2895,TXN2026102894,USR3124,MER10,Electronics & Gadgets,PPI Wallet UPI,"?12,968.09",Success,9/14/2026 10:55,?142.65
2896,TXN2026102895,USR2421,MER31,Travel & Hospitality,PPI Wallet UPI,"?12,155.85",Success,8/24/2026 18:39,?133.71
2897,TXN2026102896,USR4623,MER29,Travel & Hospitality,Bank UPI (Direct),"?4,899.62",Success,8/25/2026 4:01,?0.00
2898,TXN2026102897,USR2073,MER44,Food & Dining,Bank UPI (Direct),"?2,413.30",Success,9/13/2026 14:53,?0.00
2899,TXN2026102898,USR2595,MER16,Groceries & Supermarkets,Bank UPI (Direct),"?3,801.70",Success,9/13/2026 18:53,?0.00
2900,TXN2026102899,USR2064,MER30,Electronics & Gadgets,Bank UPI (Direct),"?13,381.96",Success,9/3/2026 16:57,?0.00
2901,TXN2026102900,USR2732,MER42,Electronics & Gadgets,Bank UPI (Direct),"?14,836.89",Success,9/6/2026 22:42,?0.00
2902,TXN2026102901,USR4155,MER40,Groceries & Supermarkets,PPI Wallet UPI,"?9,360.75",Success,8/6/2026 8:59,?102.97
2903,TXN2026102902,USR1320,MER41,Groceries & Supermarkets,Bank UPI (Direct),"?13,637.20",Success,9/4/2026 11:05,?0.00
2904,TXN2026102903,USR3086,MER42,Food & Dining,Bank UPI (Direct),"?6,033.51",Success,8/3/2026 1:28,?0.00
2905,TXN2026102904,USR2170,MER43,Groceries & Supermarkets,Bank UPI (Direct),"?10,001.70",Success,8/27/2026 15:33,?0.00
2906,TXN2026102905,USR3664,MER33,Food & Dining,PPI Wallet UPI,"?6,901.83",Success,9/6/2026 20:57,?75.92
2907,TXN2026102906,USR2243,MER11,Electronics & Gadgets,Bank UPI (Direct),?326.30,Failed,8/1/2026 10:36,?0.00
2908,TXN2026102907,USR2885,MER27,Electronics & Gadgets,PPI Wallet UPI,"?14,454.75",Success,9/5/2026 20:49,?159.00
2909,TXN2026102908,USR2027,MER13,Groceries & Supermarkets,PPI Wallet UPI,"?4,470.82",Success,8/9/2026 4:52,?49.18
2910,TXN2026102909,USR2728,MER33,Travel & Hospitality,Bank UPI (Direct),"?14,349.58",Success,8/7/2026 1:36,?0.00
2911,TXN2026102910,USR2511,MER30,Groceries & Supermarkets,Bank UPI (Direct),?230.57,Success,9/8/2026 21:18,?0.00
2912,TXN2026102911,USR1538,MER17,Groceries & Supermarkets,PPI Wallet UPI,"?1,474.23",Success,9/10/2026 9:37,?0.00
2913,TXN2026102912,USR2803,MER43,Food & Dining,Bank UPI (Direct),"?2,786.37",Success,9/11/2026 14:02,?0.00
2914,TXN2026102913,USR4529,MER24,Groceries & Supermarkets,PPI Wallet UPI,"?3,418.78",Success,8/8/2026 7:25,?37.61
2915,TXN2026102914,USR4535,MER20,Groceries & Supermarkets,Bank UPI (Direct),"?14,801.15",Success,9/6/2026 13:46,?0.00
2916,TXN2026102915,USR1186,MER20,Electronics & Gadgets,PPI Wallet UPI,"?13,275.39",Success,8/11/2026 3:58,?146.03
2917,TXN2026102916,USR4341,MER11,Groceries & Supermarkets,PPI Wallet UPI,"?8,600.99",Success,8/1/2026 22:40,?94.61
2918,TXN2026102917,USR3459,MER40,Travel & Hospitality,Bank UPI (Direct),"?9,146.84",Success,8/31/2026 2:16,?0.00
2919,TXN2026102918,USR1621,MER34,Groceries & Supermarkets,PPI Wallet UPI,"?12,940.76",Success,8/6/2026 18:19,?142.35
2920,TXN2026102919,USR3538,MER11,Travel & Hospitality,Bank UPI (Direct),"?14,937.93",Failed,9/14/2026 14:10,?0.00
2921,TXN2026102920,USR2291,MER20,Electronics & Gadgets,PPI Wallet UPI,?509.88,Failed,9/5/2026 3:17,?0.00
2922,TXN2026102921,USR4733,MER18,Food & Dining,Bank UPI (Direct),"?6,213.27",Success,8/8/2026 7:50,?0.00
2923,TXN2026102922,USR3665,MER20,Groceries & Supermarkets,PPI Wallet UPI,"?13,972.87",Success,8/2/2026 2:05,?153.70
2924,TXN2026102923,USR3164,MER17,Electronics & Gadgets,Credit Card on UPI,"?11,384.54",Success,8/6/2026 3:55,?0.00
2925,TXN2026102924,USR1709,MER49,Electronics & Gadgets,Credit Card on UPI,"?11,650.18",Pending,9/6/2026 17:05,?0.00
2926,TXN2026102925,USR3467,MER15,Groceries & Supermarkets,Bank UPI (Direct),?771.56,Success,9/10/2026 5:47,?0.00
2927,TXN2026102926,USR1287,MER17,Groceries & Supermarkets,Bank UPI (Direct),?911.88,Success,9/2/2026 19:59,?0.00
2928,TXN2026102927,USR2529,MER32,Groceries & Supermarkets,Bank UPI (Direct),"?8,188.43",Success,8/31/2026 16:56,?0.00
2929,TXN2026102928,USR1373,MER37,Food & Dining,PPI Wallet UPI,"?1,636.75",Success,8/3/2026 8:50,?0.00
2930,TXN2026102929,USR1459,MER48,Groceries & Supermarkets,Bank UPI (Direct),"?2,621.59",Success,8/23/2026 16:33,?0.00
2931,TXN2026102930,USR1662,MER24,Food & Dining,Credit Card on UPI,"?7,437.12",Success,8/12/2026 11:46,?0.00
2932,TXN2026102931,USR2193,MER42,Groceries & Supermarkets,Bank UPI (Direct),"?6,682.64",Success,8/16/2026 7:02,?0.00
2933,TXN2026102932,USR2290,MER25,Groceries & Supermarkets,PPI Wallet UPI,"?1,417.62",Success,8/19/2026 6:35,?0.00
2934,TXN2026102933,USR4896,MER33,Travel & Hospitality,Bank UPI (Direct),"?13,638.86",Success,8/20/2026 6:52,?0.00
2935,TXN2026102934,USR1065,MER36,Travel & Hospitality,Bank UPI (Direct),"?1,867.71",Success,9/12/2026 1:01,?0.00
2936,TXN2026102935,USR2082,MER22,Electronics & Gadgets,PPI Wallet UPI,"?13,410.85",Success,9/1/2026 9:47,?147.52
2937,TXN2026102936,USR4939,MER34,Electronics & Gadgets,PPI Wallet UPI,"?6,258.04",Success,8/10/2026 22:55,?68.84
2938,TXN2026102937,USR3242,MER50,Groceries & Supermarkets,PPI Wallet UPI,"?11,936.68",Success,8/24/2026 14:42,?131.30
2939,TXN2026102938,USR2745,MER49,Travel & Hospitality,Bank UPI (Direct),"?13,001.76",Success,8/5/2026 14:53,?0.00
2940,TXN2026102939,USR4527,MER47,Groceries & Supermarkets,Bank UPI (Direct),"?6,494.19",Success,8/6/2026 3:10,?0.00
2941,TXN2026102940,USR4515,MER29,Groceries & Supermarkets,Bank UPI (Direct),"?4,414.07",Success,8/20/2026 16:22,?0.00
2942,TXN2026102941,USR4244,MER18,Electronics & Gadgets,PPI Wallet UPI,"?3,135.67",Success,8/16/2026 19:24,?34.49
2943,TXN2026102942,USR1275,MER18,Food & Dining,Bank UPI (Direct),"?2,294.18",Success,9/15/2026 5:15,?0.00
2944,TXN2026102943,USR1285,MER16,Travel & Hospitality,Bank UPI (Direct),"?13,313.05",Pending,8/1/2026 5:34,?0.00
2945,TXN2026102944,USR2186,MER41,Food & Dining,Bank UPI (Direct),"?6,984.39",Success,9/11/2026 9:39,?0.00
2946,TXN2026102945,USR3925,MER46,Groceries & Supermarkets,Credit Card on UPI,"?5,244.45",Success,8/20/2026 4:32,?0.00
2947,TXN2026102946,USR2168,MER20,Electronics & Gadgets,PPI Wallet UPI,"?5,014.11",Success,8/25/2026 12:31,?55.16
2948,TXN2026102947,USR1985,MER48,Groceries & Supermarkets,Bank UPI (Direct),"?6,949.69",Success,8/26/2026 9:00,?0.00
2949,TXN2026102948,USR1775,MER22,Electronics & Gadgets,Bank UPI (Direct),"?4,200.76",Success,9/4/2026 9:44,?0.00
2950,TXN2026102949,USR3945,MER45,Groceries & Supermarkets,Bank UPI (Direct),"?12,847.69",Success,8/12/2026 1:11,?0.00
2951,TXN2026102950,USR1193,MER35,Electronics & Gadgets,PPI Wallet UPI,"?8,414.88",Success,8/21/2026 13:20,?92.56
2952,TXN2026102951,USR2425,MER37,Travel & Hospitality,PPI Wallet UPI,"?1,060.90",Success,9/8/2026 15:31,?0.00
2953,TXN2026102952,USR1357,MER32,Groceries & Supermarkets,Bank UPI (Direct),"?8,002.46",Success,8/15/2026 8:38,?0.00
2954,TXN2026102953,USR2032,MER37,Groceries & Supermarkets,Bank UPI (Direct),"?9,455.27",Success,9/6/2026 1:23,?0.00
2955,TXN2026102954,USR2816,MER27,Groceries & Supermarkets,Bank UPI (Direct),"?7,079.30",Success,9/6/2026 10:06,?0.00
2956,TXN2026102955,USR3473,MER29,Groceries & Supermarkets,PPI Wallet UPI,"?1,493.64",Success,8/20/2026 11:40,?0.00
2957,TXN2026102956,USR1612,MER23,Groceries & Supermarkets,PPI Wallet UPI,"?11,182.50",Success,8/1/2026 16:41,?123.01
2958,TXN2026102957,USR3867,MER43,Groceries & Supermarkets,Bank UPI (Direct),"?8,652.98",Success,8/4/2026 22:30,?0.00
2959,TXN2026102958,USR4101,MER10,Groceries & Supermarkets,Bank UPI (Direct),"?7,774.74",Success,8/14/2026 14:06,?0.00
2960,TXN2026102959,USR3285,MER13,Groceries & Supermarkets,Bank UPI (Direct),"?6,147.67",Success,9/13/2026 5:37,?0.00
2961,TXN2026102960,USR2174,MER37,Travel & Hospitality,PPI Wallet UPI,"?2,064.70",Success,8/22/2026 19:10,?22.71
2962,TXN2026102961,USR4335,MER22,Groceries & Supermarkets,Bank UPI (Direct),"?14,922.12",Success,8/8/2026 9:31,?0.00
2963,TXN2026102962,USR3388,MER45,Groceries & Supermarkets,PPI Wallet UPI,"?4,181.80",Success,8/7/2026 8:46,?46.00
2964,TXN2026102963,USR1405,MER40,Travel & Hospitality,PPI Wallet UPI,"?6,148.18",Success,9/10/2026 16:03,?67.63
2965,TXN2026102964,USR3921,MER34,Groceries & Supermarkets,PPI Wallet UPI,"?5,001.82",Success,8/15/2026 9:38,?55.02
2966,TXN2026102965,USR4475,MER45,Groceries & Supermarkets,Bank UPI (Direct),"?13,194.53",Success,9/8/2026 7:02,?0.00
2967,TXN2026102966,USR2730,MER19,Electronics & Gadgets,PPI Wallet UPI,"?6,294.43",Success,8/16/2026 23:57,?69.24
2968,TXN2026102967,USR2659,MER41,Electronics & Gadgets,Bank UPI (Direct),"?8,463.94",Success,8/4/2026 0:32,?0.00
2969,TXN2026102968,USR2490,MER33,Electronics & Gadgets,PPI Wallet UPI,"?14,334.15",Failed,8/4/2026 10:44,?0.00
2970,TXN2026102969,USR4245,MER42,Groceries & Supermarkets,Credit Card on UPI,"?8,318.73",Success,8/11/2026 15:51,?0.00
2971,TXN2026102970,USR3135,MER40,Food & Dining,Bank UPI (Direct),"?8,074.76",Success,8/27/2026 20:57,?0.00
2972,TXN2026102971,USR2681,MER41,Groceries & Supermarkets,Credit Card on UPI,"?1,278.84",Success,8/20/2026 17:29,?0.00
2973,TXN2026102972,USR1471,MER31,Food & Dining,Bank UPI (Direct),"?3,827.42",Success,9/3/2026 18:28,?0.00
2974,TXN2026102973,USR2617,MER27,Groceries & Supermarkets,Bank UPI (Direct),"?7,455.74",Success,9/15/2026 13:11,?0.00
2975,TXN2026102974,USR4055,MER45,Food & Dining,Bank UPI (Direct),"?10,342.33",Success,8/9/2026 2:00,?0.00
2976,TXN2026102975,USR1453,MER16,Groceries & Supermarkets,PPI Wallet UPI,"?8,886.22",Success,8/31/2026 0:35,?97.75
2977,TXN2026102976,USR2337,MER36,Food & Dining,Credit Card on UPI,"?5,366.86",Success,9/8/2026 4:24,?0.00
2978,TXN2026102977,USR3956,MER45,Electronics & Gadgets,Bank UPI (Direct),"?9,855.48",Pending,8/25/2026 23:48,?0.00
2979,TXN2026102978,USR3881,MER27,Groceries & Supermarkets,Credit Card on UPI,"?3,488.65",Success,9/2/2026 4:50,?0.00
2980,TXN2026102979,USR4575,MER39,Groceries & Supermarkets,Bank UPI (Direct),"?13,018.97",Success,8/24/2026 3:07,?0.00
2981,TXN2026102980,USR1449,MER25,Food & Dining,Bank UPI (Direct),"?8,609.12",Failed,8/3/2026 10:30,?0.00
2982,TXN2026102981,USR4866,MER47,Groceries & Supermarkets,Bank UPI (Direct),"?3,639.75",Success,8/9/2026 17:48,?0.00
2983,TXN2026102982,USR3534,MER42,Travel & Hospitality,PPI Wallet UPI,"?10,748.93",Success,8/6/2026 11:18,?118.24
2984,TXN2026102983,USR3530,MER12,Electronics & Gadgets,Credit Card on UPI,"?11,690.61",Success,9/8/2026 7:24,?0.00
2985,TXN2026102984,USR1666,MER37,Food & Dining,PPI Wallet UPI,?808.20,Success,9/4/2026 6:08,?0.00
2986,TXN2026102985,USR2069,MER42,Groceries & Supermarkets,Bank UPI (Direct),"?10,648.79",Success,9/5/2026 3:28,?0.00
2987,TXN2026102986,USR1843,MER41,Groceries & Supermarkets,Bank UPI (Direct),"?2,014.76",Success,8/23/2026 1:54,?0.00
2988,TXN2026102987,USR1315,MER28,Food & Dining,Bank UPI (Direct),"?14,731.83",Success,9/1/2026 12:25,?0.00
2989,TXN2026102988,USR2642,MER36,Groceries & Supermarkets,Bank UPI (Direct),"?4,393.45",Success,8/5/2026 12:34,?0.00
2990,TXN2026102989,USR4055,MER13,Groceries & Supermarkets,Credit Card on UPI,"?6,251.45",Success,8/14/2026 15:45,?0.00
2991,TXN2026102990,USR1628,MER25,Travel & Hospitality,Bank UPI (Direct),"?3,685.91",Success,9/13/2026 15:10,?0.00
2992,TXN2026102991,USR3717,MER19,Groceries & Supermarkets,Credit Card on UPI,"?7,173.78",Success,9/14/2026 12:56,?0.00
2993,TXN2026102992,USR2927,MER34,Groceries & Supermarkets,Bank UPI (Direct),"?9,426.93",Success,9/13/2026 12:39,?0.00
2994,TXN2026102993,USR2867,MER27,Electronics & Gadgets,Bank UPI (Direct),"?7,516.99",Success,8/4/2026 8:05,?0.00
2995,TXN2026102994,USR3897,MER45,Groceries & Supermarkets,Credit Card on UPI,"?9,595.45",Success,9/9/2026 0:53,?0.00
2996,TXN2026102995,USR2788,MER29,Groceries & Supermarkets,Credit Card on UPI,"?13,785.20",Success,9/8/2026 12:24,?0.00
2997,TXN2026102996,USR3093,MER18,Electronics & Gadgets,PPI Wallet UPI,"?5,603.44",Failed,8/14/2026 13:13,?0.00
2998,TXN2026102997,USR2493,MER43,Travel & Hospitality,PPI Wallet UPI,"?3,432.33",Success,8/9/2026 12:51,?37.76
2999,TXN2026102998,USR3430,MER42,Food & Dining,Bank UPI (Direct),"?6,671.80",Success,8/13/2026 12:42,?0.00
3000,TXN2026102999,USR1791,MER22,Travel & Hospitality,Bank UPI (Direct),"?9,889.29",Success,8/30/2026 21:56,?0.00
3001,TXN2026103000,USR3777,MER24,Electronics & Gadgets,Bank UPI (Direct),"?10,661.51",Success,9/2/2026 12:07,?0.00
3002,TXN2026103001,USR4464,MER42,Food & Dining,Credit Card on UPI,"?13,309.89",Success,8/6/2026 18:17,?0.00
3003,TXN2026103002,USR3047,MER49,Groceries & Supermarkets,Credit Card on UPI,"?7,562.36",Success,8/25/2026 9:22,?0.00
3004,TXN2026103003,USR4525,MER43,Groceries & Supermarkets,PPI Wallet UPI,"?11,922.10",Success,9/14/2026 16:03,?131.14
3005,TXN2026103004,USR2250,MER37,Groceries & Supermarkets,Bank UPI (Direct),"?9,625.35",Success,8/18/2026 13:52,?0.00
3006,TXN2026103005,USR2348,MER35,Travel & Hospitality,PPI Wallet UPI,"?11,409.24",Success,9/13/2026 17:23,?125.50
3007,TXN2026103006,USR3143,MER11,Travel & Hospitality,Bank UPI (Direct),"?11,642.99",Success,8/20/2026 16:10,?0.00
3008,TXN2026103007,USR2792,MER36,Groceries & Supermarkets,PPI Wallet UPI,"?7,300.46",Success,9/13/2026 5:43,?80.31
3009,TXN2026103008,USR3520,MER15,Groceries & Supermarkets,Credit Card on UPI,"?9,936.42",Success,8/15/2026 8:37,?0.00
3010,TXN2026103009,USR2550,MER34,Groceries & Supermarkets,PPI Wallet UPI,"?1,188.55",Success,8/22/2026 20:45,?0.00
3011,TXN2026103010,USR3133,MER28,Electronics & Gadgets,Bank UPI (Direct),"?2,069.09",Success,8/27/2026 22:23,?0.00
3012,TXN2026103011,USR4127,MER30,Groceries & Supermarkets,Bank UPI (Direct),"?12,791.92",Success,8/25/2026 5:07,?0.00
3013,TXN2026103012,USR1897,MER37,Food & Dining,Bank UPI (Direct),?681.87,Success,8/17/2026 17:35,?0.00
3014,TXN2026103013,USR3801,MER41,Travel & Hospitality,Bank UPI (Direct),"?4,450.70",Success,9/15/2026 1:19,?0.00
3015,TXN2026103014,USR4236,MER25,Travel & Hospitality,Bank UPI (Direct),"?11,492.41",Success,8/27/2026 3:14,?0.00
3016,TXN2026103015,USR1928,MER19,Groceries & Supermarkets,Bank UPI (Direct),"?10,771.45",Success,8/30/2026 8:46,?0.00
3017,TXN2026103016,USR1353,MER31,Electronics & Gadgets,PPI Wallet UPI,"?9,880.72",Success,8/12/2026 7:09,?108.69
3018,TXN2026103017,USR2156,MER46,Groceries & Supermarkets,Bank UPI (Direct),"?9,616.00",Success,8/24/2026 11:16,?0.00
3019,TXN2026103018,USR2707,MER44,Groceries & Supermarkets,Credit Card on UPI,"?12,545.32",Success,9/14/2026 18:41,?0.00
3020,TXN2026103019,USR4534,MER41,Groceries & Supermarkets,Bank UPI (Direct),"?4,280.15",Success,8/2/2026 3:39,?0.00
3021,TXN2026103020,USR1933,MER21,Groceries & Supermarkets,Bank UPI (Direct),"?10,306.84",Success,8/6/2026 4:56,?0.00
3022,TXN2026103021,USR2891,MER21,Travel & Hospitality,PPI Wallet UPI,"?4,269.10",Success,9/1/2026 4:27,?46.96
3023,TXN2026103022,USR4820,MER19,Groceries & Supermarkets,Bank UPI (Direct),"?4,946.38",Success,9/6/2026 1:51,?0.00
3024,TXN2026103023,USR4180,MER35,Groceries & Supermarkets,Bank UPI (Direct),?594.53,Success,9/6/2026 12:30,?0.00
3025,TXN2026103024,USR3721,MER17,Groceries & Supermarkets,PPI Wallet UPI,"?8,489.29",Success,9/11/2026 10:50,?93.38
3026,TXN2026103025,USR3216,MER33,Food & Dining,Bank UPI (Direct),"?5,196.63",Success,9/10/2026 10:47,?0.00
3027,TXN2026103026,USR3450,MER18,Food & Dining,Bank UPI (Direct),"?13,216.30",Success,8/4/2026 4:41,?0.00
3028,TXN2026103027,USR2993,MER12,Groceries & Supermarkets,Bank UPI (Direct),"?1,851.51",Success,8/11/2026 5:25,?0.00
3029,TXN2026103028,USR3611,MER16,Electronics & Gadgets,Bank UPI (Direct),"?10,779.35",Success,9/2/2026 21:54,?0.00
3030,TXN2026103029,USR2940,MER32,Travel & Hospitality,PPI Wallet UPI,"?7,317.53",Success,9/15/2026 16:42,?80.49
3031,TXN2026103030,USR3575,MER25,Electronics & Gadgets,Bank UPI (Direct),"?2,893.07",Failed,8/11/2026 22:02,?0.00
3032,TXN2026103031,USR3586,MER30,Travel & Hospitality,Bank UPI (Direct),"?10,862.07",Success,8/19/2026 1:58,?0.00
3033,TXN2026103032,USR3329,MER13,Groceries & Supermarkets,PPI Wallet UPI,"?8,318.49",Success,8/2/2026 1:35,?91.50
3034,TXN2026103033,USR4219,MER39,Food & Dining,Credit Card on UPI,"?6,184.22",Success,9/11/2026 15:52,?0.00
3035,TXN2026103034,USR1384,MER15,Groceries & Supermarkets,Bank UPI (Direct),"?10,102.62",Success,9/12/2026 4:52,?0.00
3036,TXN2026103035,USR4136,MER32,Groceries & Supermarkets,Bank UPI (Direct),"?2,882.22",Success,9/11/2026 3:21,?0.00
3037,TXN2026103036,USR1681,MER42,Groceries & Supermarkets,Bank UPI (Direct),"?13,288.59",Success,8/24/2026 11:35,?0.00
3038,TXN2026103037,USR4905,MER16,Food & Dining,PPI Wallet UPI,"?11,410.41",Success,8/10/2026 7:53,?125.51
3039,TXN2026103038,USR3140,MER20,Groceries & Supermarkets,PPI Wallet UPI,"?8,777.69",Success,8/8/2026 9:10,?96.55
3040,TXN2026103039,USR4827,MER11,Food & Dining,Bank UPI (Direct),"?13,408.51",Success,9/1/2026 9:31,?0.00
3041,TXN2026103040,USR1644,MER14,Food & Dining,PPI Wallet UPI,?858.62,Success,9/7/2026 17:38,?0.00
3042,TXN2026103041,USR4062,MER41,Food & Dining,Bank UPI (Direct),"?8,334.04",Success,9/4/2026 6:42,?0.00
3043,TXN2026103042,USR1862,MER43,Electronics & Gadgets,Bank UPI (Direct),?698.43,Success,8/4/2026 21:17,?0.00
3044,TXN2026103043,USR3195,MER27,Groceries & Supermarkets,PPI Wallet UPI,"?13,639.93",Success,9/4/2026 23:22,?150.04
3045,TXN2026103044,USR3060,MER34,Groceries & Supermarkets,Bank UPI (Direct),"?13,489.51",Success,8/10/2026 17:26,?0.00
3046,TXN2026103045,USR2645,MER49,Groceries & Supermarkets,Credit Card on UPI,"?11,215.77",Success,8/31/2026 10:37,?0.00
3047,TXN2026103046,USR2277,MER24,Food & Dining,Credit Card on UPI,?497.19,Success,8/20/2026 8:41,?0.00
3048,TXN2026103047,USR2938,MER44,Travel & Hospitality,Bank UPI (Direct),"?14,599.67",Success,8/26/2026 10:45,?0.00
3049,TXN2026103048,USR2736,MER45,Travel & Hospitality,Bank UPI (Direct),"?11,566.58",Success,9/1/2026 21:56,?0.00
3050,TXN2026103049,USR4116,MER38,Food & Dining,PPI Wallet UPI,"?6,015.64",Success,8/10/2026 19:35,?66.17
3051,TXN2026103050,USR1547,MER46,Groceries & Supermarkets,Bank UPI (Direct),"?4,188.92",Success,9/14/2026 9:49,?0.00
3052,TXN2026103051,USR2341,MER43,Groceries & Supermarkets,Credit Card on UPI,"?1,859.29",Success,8/23/2026 5:15,?0.00
3053,TXN2026103052,USR2257,MER19,Groceries & Supermarkets,Credit Card on UPI,"?13,132.27",Success,8/13/2026 16:26,?0.00
3054,TXN2026103053,USR4708,MER28,Groceries & Supermarkets,Bank UPI (Direct),"?10,724.22",Success,9/15/2026 5:59,?0.00
3055,TXN2026103054,USR4125,MER12,Food & Dining,Bank UPI (Direct),"?11,194.01",Success,8/14/2026 14:16,?0.00
3056,TXN2026103055,USR4821,MER24,Electronics & Gadgets,PPI Wallet UPI,"?5,998.50",Success,8/5/2026 12:55,?65.98
3057,TXN2026103056,USR1986,MER34,Groceries & Supermarkets,Bank UPI (Direct),?974.53,Success,8/15/2026 2:27,?0.00
3058,TXN2026103057,USR4873,MER11,Groceries & Supermarkets,PPI Wallet UPI,"?6,940.81",Success,8/24/2026 3:55,?76.35
3059,TXN2026103058,USR3874,MER35,Groceries & Supermarkets,Credit Card on UPI,"?12,263.55",Success,8/16/2026 18:07,?0.00
3060,TXN2026103059,USR3326,MER41,Groceries & Supermarkets,PPI Wallet UPI,"?1,651.68",Success,8/23/2026 0:54,?0.00
3061,TXN2026103060,USR1783,MER13,Food & Dining,PPI Wallet UPI,"?7,100.77",Success,9/9/2026 10:39,?78.11
3062,TXN2026103061,USR1305,MER17,Groceries & Supermarkets,PPI Wallet UPI,"?7,126.90",Success,8/19/2026 10:43,?78.40
3063,TXN2026103062,USR2814,MER41,Groceries & Supermarkets,Bank UPI (Direct),"?12,348.02",Success,8/28/2026 11:11,?0.00
3064,TXN2026103063,USR1123,MER47,Groceries & Supermarkets,PPI Wallet UPI,"?1,921.13",Success,8/19/2026 0:02,?0.00
3065,TXN2026103064,USR1852,MER40,Groceries & Supermarkets,PPI Wallet UPI,"?3,591.81",Success,8/24/2026 23:47,?39.51
3066,TXN2026103065,USR1583,MER21,Groceries & Supermarkets,Bank UPI (Direct),"?2,903.60",Success,8/28/2026 3:40,?0.00
3067,TXN2026103066,USR4183,MER27,Electronics & Gadgets,PPI Wallet UPI,"?13,095.99",Success,9/7/2026 10:57,?144.06
3068,TXN2026103067,USR1937,MER47,Groceries & Supermarkets,PPI Wallet UPI,"?9,658.24",Success,9/1/2026 23:05,?106.24
3069,TXN2026103068,USR2165,MER47,Food & Dining,PPI Wallet UPI,"?6,270.48",Success,8/3/2026 22:12,?68.98
3070,TXN2026103069,USR4261,MER12,Groceries & Supermarkets,PPI Wallet UPI,"?4,348.38",Success,8/29/2026 19:22,?47.83
3071,TXN2026103070,USR1672,MER25,Food & Dining,Bank UPI (Direct),"?5,324.05",Success,8/25/2026 2:22,?0.00
3072,TXN2026103071,USR3734,MER43,Groceries & Supermarkets,PPI Wallet UPI,"?13,827.56",Success,8/7/2026 12:14,?152.10
3073,TXN2026103072,USR4604,MER21,Groceries & Supermarkets,PPI Wallet UPI,"?12,039.41",Success,8/30/2026 8:28,?132.43
3074,TXN2026103073,USR4551,MER27,Groceries & Supermarkets,PPI Wallet UPI,"?4,040.42",Success,9/7/2026 8:06,?44.44
3075,TXN2026103074,USR3902,MER41,Groceries & Supermarkets,Bank UPI (Direct),?447.53,Success,9/8/2026 20:02,?0.00
3076,TXN2026103075,USR4788,MER45,Groceries & Supermarkets,Credit Card on UPI,"?10,834.70",Success,8/14/2026 13:09,?0.00
3077,TXN2026103076,USR3414,MER10,Groceries & Supermarkets,Bank UPI (Direct),"?5,831.65",Success,8/2/2026 20:23,?0.00
3078,TXN2026103077,USR1382,MER48,Groceries & Supermarkets,Bank UPI (Direct),"?4,056.71",Success,8/25/2026 0:40,?0.00
3079,TXN2026103078,USR2031,MER15,Groceries & Supermarkets,PPI Wallet UPI,"?9,039.42",Failed,8/5/2026 2:40,?0.00
3080,TXN2026103079,USR4125,MER29,Electronics & Gadgets,Bank UPI (Direct),"?2,039.92",Success,8/14/2026 3:20,?0.00
3081,TXN2026103080,USR4315,MER48,Travel & Hospitality,Bank UPI (Direct),"?8,883.56",Success,8/2/2026 5:17,?0.00
3082,TXN2026103081,USR2400,MER17,Travel & Hospitality,Bank UPI (Direct),"?10,719.16",Success,9/13/2026 14:40,?0.00
3083,TXN2026103082,USR4063,MER39,Groceries & Supermarkets,Bank UPI (Direct),"?11,037.77",Success,9/13/2026 19:40,?0.00
3084,TXN2026103083,USR1681,MER49,Food & Dining,Bank UPI (Direct),"?6,741.63",Success,9/6/2026 7:36,?0.00
3085,TXN2026103084,USR3885,MER40,Electronics & Gadgets,Bank UPI (Direct),"?7,561.23",Failed,8/10/2026 1:20,?0.00
3086,TXN2026103085,USR4645,MER32,Travel & Hospitality,Bank UPI (Direct),"?2,766.00",Success,8/1/2026 0:48,?0.00
3087,TXN2026103086,USR4967,MER29,Groceries & Supermarkets,Credit Card on UPI,"?10,236.10",Success,8/15/2026 9:33,?0.00
3088,TXN2026103087,USR1767,MER38,Travel & Hospitality,PPI Wallet UPI,"?1,473.64",Failed,8/12/2026 9:59,?0.00
3089,TXN2026103088,USR4826,MER17,Travel & Hospitality,PPI Wallet UPI,"?7,785.63",Failed,8/7/2026 15:56,?0.00
3090,TXN2026103089,USR2509,MER31,Groceries & Supermarkets,Bank UPI (Direct),"?3,630.18",Success,9/13/2026 16:25,?0.00
3091,TXN2026103090,USR2733,MER48,Groceries & Supermarkets,PPI Wallet UPI,"?6,462.30",Pending,8/22/2026 17:11,?0.00
3092,TXN2026103091,USR2884,MER10,Food & Dining,Bank UPI (Direct),?192.64,Success,9/9/2026 18:13,?0.00
3093,TXN2026103092,USR4473,MER44,Groceries & Supermarkets,Credit Card on UPI,"?10,659.00",Success,8/11/2026 3:38,?0.00
3094,TXN2026103093,USR3323,MER21,Electronics & Gadgets,Bank UPI (Direct),"?6,021.55",Failed,8/17/2026 23:22,?0.00
3095,TXN2026103094,USR3042,MER22,Groceries & Supermarkets,Bank UPI (Direct),"?3,910.70",Success,9/12/2026 8:31,?0.00
3096,TXN2026103095,USR1297,MER36,Food & Dining,Credit Card on UPI,"?1,534.13",Success,8/12/2026 7:15,?0.00
3097,TXN2026103096,USR4151,MER15,Groceries & Supermarkets,Bank UPI (Direct),"?13,013.51",Success,8/24/2026 17:39,?0.00
3098,TXN2026103097,USR3328,MER14,Groceries & Supermarkets,PPI Wallet UPI,"?1,405.62",Success,8/8/2026 23:08,?0.00
3099,TXN2026103098,USR3699,MER28,Food & Dining,Bank UPI (Direct),?264.25,Success,9/12/2026 2:56,?0.00
3100,TXN2026103099,USR2385,MER19,Food & Dining,Bank UPI (Direct),"?13,413.45",Success,8/6/2026 8:21,?0.00
3101,TXN2026103100,USR3475,MER10,Groceries & Supermarkets,PPI Wallet UPI,"?4,493.11",Success,8/29/2026 5:51,?49.42
3102,TXN2026103101,USR2292,MER22,Groceries & Supermarkets,PPI Wallet UPI,"?12,920.57",Success,8/18/2026 20:33,?142.13
3103,TXN2026103102,USR1831,MER40,Groceries & Supermarkets,Bank UPI (Direct),"?1,986.22",Success,8/6/2026 2:18,?0.00
3104,TXN2026103103,USR2660,MER11,Electronics & Gadgets,PPI Wallet UPI,"?10,585.26",Success,8/1/2026 12:56,?116.44
3105,TXN2026103104,USR1839,MER36,Travel & Hospitality,Bank UPI (Direct),"?12,437.15",Success,9/8/2026 17:00,?0.00
3106,TXN2026103105,USR2877,MER30,Food & Dining,Bank UPI (Direct),"?13,189.95",Success,9/3/2026 7:20,?0.00
3107,TXN2026103106,USR1781,MER15,Groceries & Supermarkets,Bank UPI (Direct),"?10,071.16",Success,8/5/2026 22:13,?0.00
3108,TXN2026103107,USR4340,MER15,Food & Dining,Bank UPI (Direct),"?1,945.40",Success,8/26/2026 20:33,?0.00
3109,TXN2026103108,USR2470,MER50,Travel & Hospitality,PPI Wallet UPI,"?12,758.35",Pending,9/9/2026 19:32,?0.00
3110,TXN2026103109,USR2819,MER20,Food & Dining,Bank UPI (Direct),"?5,997.11",Success,8/11/2026 9:37,?0.00
3111,TXN2026103110,USR4820,MER15,Electronics & Gadgets,PPI Wallet UPI,"?12,953.27",Success,9/15/2026 17:09,?142.49
3112,TXN2026103111,USR2488,MER14,Groceries & Supermarkets,Bank UPI (Direct),"?6,309.76",Success,8/30/2026 20:40,?0.00
3113,TXN2026103112,USR1800,MER40,Groceries & Supermarkets,Credit Card on UPI,"?10,507.79",Success,9/15/2026 22:11,?0.00
3114,TXN2026103113,USR3171,MER16,Electronics & Gadgets,Bank UPI (Direct),"?13,526.04",Success,9/9/2026 4:38,?0.00
3115,TXN2026103114,USR1538,MER44,Groceries & Supermarkets,PPI Wallet UPI,"?11,507.41",Success,8/14/2026 6:48,?126.58
3116,TXN2026103115,USR4420,MER50,Groceries & Supermarkets,Bank UPI (Direct),"?10,351.19",Success,9/6/2026 17:43,?0.00
3117,TXN2026103116,USR4352,MER43,Electronics & Gadgets,Bank UPI (Direct),"?8,219.12",Failed,8/5/2026 11:19,?0.00
3118,TXN2026103117,USR3342,MER28,Groceries & Supermarkets,Bank UPI (Direct),"?7,980.32",Success,9/15/2026 11:13,?0.00
3119,TXN2026103118,USR1904,MER33,Electronics & Gadgets,Bank UPI (Direct),"?3,732.42",Success,8/28/2026 18:04,?0.00
3120,TXN2026103119,USR1433,MER20,Electronics & Gadgets,PPI Wallet UPI,"?2,631.63",Success,8/18/2026 12:44,?28.95
3121,TXN2026103120,USR2168,MER33,Food & Dining,Credit Card on UPI,"?10,045.20",Success,8/17/2026 0:58,?0.00
3122,TXN2026103121,USR2172,MER27,Groceries & Supermarkets,Credit Card on UPI,"?10,414.28",Success,9/5/2026 18:59,?0.00
3123,TXN2026103122,USR4847,MER43,Groceries & Supermarkets,Bank UPI (Direct),"?12,308.50",Success,9/5/2026 4:09,?0.00
3124,TXN2026103123,USR2405,MER27,Groceries & Supermarkets,Bank UPI (Direct),"?1,005.23",Success,9/7/2026 16:52,?0.00
3125,TXN2026103124,USR3532,MER27,Food & Dining,Bank UPI (Direct),?525.05,Pending,9/14/2026 16:20,?0.00
3126,TXN2026103125,USR4241,MER25,Groceries & Supermarkets,PPI Wallet UPI,"?9,353.07",Pending,8/25/2026 20:16,?0.00
3127,TXN2026103126,USR3473,MER34,Food & Dining,Credit Card on UPI,"?2,747.13",Success,8/2/2026 17:32,?0.00
3128,TXN2026103127,USR3501,MER39,Travel & Hospitality,Bank UPI (Direct),"?10,452.86",Failed,8/28/2026 14:11,?0.00
3129,TXN2026103128,USR2875,MER19,Groceries & Supermarkets,PPI Wallet UPI,"?9,381.56",Success,9/6/2026 4:31,?103.20
3130,TXN2026103129,USR1242,MER16,Electronics & Gadgets,PPI Wallet UPI,"?12,224.69",Failed,8/31/2026 9:51,?0.00
3131,TXN2026103130,USR3562,MER32,Groceries & Supermarkets,Bank UPI (Direct),"?8,499.76",Success,8/13/2026 7:17,?0.00
3132,TXN2026103131,USR3735,MER10,Electronics & Gadgets,PPI Wallet UPI,?552.71,Success,9/8/2026 3:41,?0.00
3133,TXN2026103132,USR4027,MER12,Groceries & Supermarkets,Credit Card on UPI,"?12,213.68",Success,9/8/2026 15:35,?0.00
3134,TXN2026103133,USR1461,MER20,Electronics & Gadgets,Credit Card on UPI,"?9,574.98",Success,9/7/2026 16:05,?0.00
3135,TXN2026103134,USR2774,MER27,Travel & Hospitality,PPI Wallet UPI,"?4,406.56",Success,8/20/2026 16:20,?48.47
3136,TXN2026103135,USR2309,MER38,Groceries & Supermarkets,Bank UPI (Direct),"?13,091.23",Success,8/28/2026 15:21,?0.00
3137,TXN2026103136,USR1561,MER20,Groceries & Supermarkets,Bank UPI (Direct),?197.89,Success,8/29/2026 7:08,?0.00
3138,TXN2026103137,USR4077,MER10,Groceries & Supermarkets,Credit Card on UPI,"?5,625.40",Success,8/3/2026 12:42,?0.00
3139,TXN2026103138,USR1016,MER46,Groceries & Supermarkets,Credit Card on UPI,"?6,700.40",Success,8/9/2026 18:11,?0.00
3140,TXN2026103139,USR2778,MER14,Travel & Hospitality,PPI Wallet UPI,"?14,206.56",Success,8/8/2026 19:12,?156.27
3141,TXN2026103140,USR4903,MER10,Travel & Hospitality,Bank UPI (Direct),"?11,937.57",Success,8/13/2026 18:44,?0.00
3142,TXN2026103141,USR4186,MER26,Travel & Hospitality,PPI Wallet UPI,"?11,487.29",Success,8/25/2026 18:11,?126.36
3143,TXN2026103142,USR4132,MER10,Food & Dining,Bank UPI (Direct),"?1,217.13",Success,8/30/2026 11:33,?0.00
3144,TXN2026103143,USR3362,MER25,Travel & Hospitality,Bank UPI (Direct),"?12,067.79",Success,9/14/2026 22:17,?0.00
3145,TXN2026103144,USR3689,MER49,Groceries & Supermarkets,PPI Wallet UPI,"?8,932.19",Failed,9/8/2026 19:37,?0.00
3146,TXN2026103145,USR4611,MER41,Food & Dining,PPI Wallet UPI,"?1,350.58",Success,8/8/2026 22:19,?0.00
3147,TXN2026103146,USR3778,MER12,Groceries & Supermarkets,Bank UPI (Direct),"?11,249.77",Failed,8/19/2026 19:50,?0.00
3148,TXN2026103147,USR3957,MER25,Groceries & Supermarkets,PPI Wallet UPI,"?8,368.31",Success,9/4/2026 13:33,?92.05
3149,TXN2026103148,USR1076,MER38,Groceries & Supermarkets,Bank UPI (Direct),"?14,294.97",Success,8/17/2026 12:03,?0.00
3150,TXN2026103149,USR2273,MER11,Food & Dining,Bank UPI (Direct),"?13,618.43",Success,8/14/2026 23:45,?0.00
3151,TXN2026103150,USR4319,MER41,Food & Dining,PPI Wallet UPI,"?2,591.49",Success,8/9/2026 15:06,?28.51
3152,TXN2026103151,USR3442,MER37,Electronics & Gadgets,PPI Wallet UPI,"?2,508.85",Failed,9/12/2026 17:52,?0.00
3153,TXN2026103152,USR3322,MER41,Groceries & Supermarkets,Bank UPI (Direct),"?14,324.81",Success,8/7/2026 9:40,?0.00
3154,TXN2026103153,USR4316,MER46,Groceries & Supermarkets,PPI Wallet UPI,"?8,424.43",Success,8/2/2026 16:59,?92.67
3155,TXN2026103154,USR2025,MER47,Groceries & Supermarkets,PPI Wallet UPI,"?8,111.85",Success,9/12/2026 2:00,?89.23
3156,TXN2026103155,USR2720,MER28,Groceries & Supermarkets,Bank UPI (Direct),"?10,172.47",Success,8/9/2026 18:02,?0.00
3157,TXN2026103156,USR4582,MER19,Food & Dining,Credit Card on UPI,"?7,460.59",Success,8/17/2026 3:27,?0.00
3158,TXN2026103157,USR4353,MER33,Food & Dining,Bank UPI (Direct),"?10,228.12",Success,8/24/2026 6:08,?0.00
3159,TXN2026103158,USR2394,MER28,Travel & Hospitality,PPI Wallet UPI,"?3,899.95",Success,9/15/2026 11:18,?42.90
3160,TXN2026103159,USR3366,MER46,Groceries & Supermarkets,PPI Wallet UPI,"?7,903.44",Success,9/15/2026 5:44,?86.94
3161,TXN2026103160,USR4787,MER33,Travel & Hospitality,Bank UPI (Direct),"?9,731.56",Success,8/29/2026 16:32,?0.00
3162,TXN2026103161,USR1209,MER22,Groceries & Supermarkets,Bank UPI (Direct),"?14,154.34",Success,9/15/2026 8:05,?0.00
3163,TXN2026103162,USR1720,MER46,Groceries & Supermarkets,Bank UPI (Direct),"?5,260.61",Failed,9/11/2026 8:28,?0.00
3164,TXN2026103163,USR2625,MER38,Food & Dining,PPI Wallet UPI,"?7,621.28",Success,8/1/2026 0:28,?83.83
3165,TXN2026103164,USR3466,MER42,Groceries & Supermarkets,Credit Card on UPI,"?13,067.48",Success,8/13/2026 15:54,?0.00
3166,TXN2026103165,USR2482,MER29,Electronics & Gadgets,Bank UPI (Direct),"?6,228.02",Success,8/13/2026 10:07,?0.00
3167,TXN2026103166,USR4355,MER31,Groceries & Supermarkets,PPI Wallet UPI,"?12,397.93",Success,9/1/2026 17:30,?136.38
3168,TXN2026103167,USR2050,MER40,Groceries & Supermarkets,Bank UPI (Direct),"?12,613.30",Success,8/24/2026 10:54,?0.00
3169,TXN2026103168,USR1278,MER49,Groceries & Supermarkets,Credit Card on UPI,"?7,321.48",Success,9/13/2026 8:57,?0.00
3170,TXN2026103169,USR3934,MER46,Travel & Hospitality,Bank UPI (Direct),"?2,215.62",Success,9/12/2026 17:13,?0.00
3171,TXN2026103170,USR2510,MER36,Electronics & Gadgets,Bank UPI (Direct),"?11,948.40",Failed,8/19/2026 20:06,?0.00
3172,TXN2026103171,USR3496,MER17,Travel & Hospitality,Bank UPI (Direct),"?10,245.65",Success,8/5/2026 14:35,?0.00
3173,TXN2026103172,USR1103,MER41,Food & Dining,PPI Wallet UPI,"?14,833.25",Success,8/22/2026 8:07,?163.17
3174,TXN2026103173,USR2325,MER36,Food & Dining,PPI Wallet UPI,?511.12,Success,8/8/2026 11:07,?0.00
3175,TXN2026103174,USR3339,MER27,Food & Dining,PPI Wallet UPI,"?12,237.39",Success,8/16/2026 15:39,?134.61
3176,TXN2026103175,USR4352,MER37,Electronics & Gadgets,PPI Wallet UPI,"?9,669.57",Failed,9/10/2026 10:34,?0.00
3177,TXN2026103176,USR3694,MER47,Groceries & Supermarkets,Bank UPI (Direct),"?10,104.03",Failed,8/26/2026 15:20,?0.00
3178,TXN2026103177,USR3443,MER32,Groceries & Supermarkets,PPI Wallet UPI,"?11,855.66",Success,9/1/2026 19:53,?130.41
3179,TXN2026103178,USR3164,MER36,Groceries & Supermarkets,Bank UPI (Direct),"?9,466.30",Success,9/10/2026 9:49,?0.00
3180,TXN2026103179,USR2887,MER15,Groceries & Supermarkets,Credit Card on UPI,"?9,132.03",Success,9/8/2026 0:05,?0.00
3181,TXN2026103180,USR3078,MER28,Groceries & Supermarkets,Bank UPI (Direct),"?10,774.29",Success,9/13/2026 5:23,?0.00
3182,TXN2026103181,USR4136,MER38,Travel & Hospitality,Bank UPI (Direct),"?10,875.99",Success,8/29/2026 15:31,?0.00
3183,TXN2026103182,USR4141,MER48,Travel & Hospitality,Bank UPI (Direct),"?2,517.70",Success,8/24/2026 19:13,?0.00
3184,TXN2026103183,USR1578,MER20,Food & Dining,Bank UPI (Direct),"?11,570.95",Success,8/30/2026 18:13,?0.00
3185,TXN2026103184,USR2415,MER18,Groceries & Supermarkets,Bank UPI (Direct),"?12,633.22",Success,9/13/2026 18:46,?0.00
3186,TXN2026103185,USR1867,MER41,Electronics & Gadgets,Bank UPI (Direct),"?9,246.10",Success,8/30/2026 9:08,?0.00
3187,TXN2026103186,USR1472,MER36,Groceries & Supermarkets,Bank UPI (Direct),"?9,874.31",Success,8/13/2026 5:34,?0.00
3188,TXN2026103187,USR1197,MER36,Electronics & Gadgets,Bank UPI (Direct),?379.41,Success,8/19/2026 15:50,?0.00
3189,TXN2026103188,USR4884,MER16,Food & Dining,Bank UPI (Direct),"?12,567.02",Success,8/9/2026 7:14,?0.00
3190,TXN2026103189,USR3359,MER40,Groceries & Supermarkets,Credit Card on UPI,"?6,952.98",Success,9/7/2026 9:05,?0.00
3191,TXN2026103190,USR2384,MER50,Food & Dining,PPI Wallet UPI,"?10,772.70",Failed,8/9/2026 22:46,?0.00
3192,TXN2026103191,USR2130,MER48,Food & Dining,PPI Wallet UPI,"?11,966.05",Success,8/27/2026 9:37,?131.63
3193,TXN2026103192,USR1992,MER36,Travel & Hospitality,Credit Card on UPI,?847.39,Pending,8/27/2026 16:57,?0.00
3194,TXN2026103193,USR2156,MER37,Groceries & Supermarkets,PPI Wallet UPI,"?13,684.39",Success,9/6/2026 13:50,?150.53
3195,TXN2026103194,USR3233,MER41,Food & Dining,Bank UPI (Direct),?146.47,Success,9/15/2026 23:18,?0.00
3196,TXN2026103195,USR2830,MER20,Food & Dining,Bank UPI (Direct),"?9,608.13",Success,8/12/2026 3:03,?0.00
3197,TXN2026103196,USR1315,MER16,Groceries & Supermarkets,PPI Wallet UPI,?496.62,Success,8/13/2026 15:57,?0.00
3198,TXN2026103197,USR1048,MER10,Food & Dining,Bank UPI (Direct),"?1,594.18",Success,8/24/2026 23:34,?0.00
3199,TXN2026103198,USR2368,MER31,Food & Dining,PPI Wallet UPI,"?10,733.46",Failed,9/13/2026 14:24,?0.00
3200,TXN2026103199,USR3867,MER34,Groceries & Supermarkets,Bank UPI (Direct),"?13,629.43",Success,8/25/2026 5:55,?0.00
3201,TXN2026103200,USR2774,MER25,Food & Dining,Credit Card on UPI,"?13,012.54",Success,8/14/2026 7:22,?0.00
3202,TXN2026103201,USR3756,MER47,Electronics & Gadgets,Credit Card on UPI,"?1,366.01",Success,8/9/2026 9:59,?0.00
3203,TXN2026103202,USR4227,MER19,Groceries & Supermarkets,Bank UPI (Direct),"?6,640.14",Success,8/19/2026 1:34,?0.00
3204,TXN2026103203,USR4252,MER33,Food & Dining,Bank UPI (Direct),"?9,797.46",Success,8/8/2026 4:04,?0.00
3205,TXN2026103204,USR3865,MER34,Food & Dining,Bank UPI (Direct),"?1,370.77",Success,8/18/2026 0:12,?0.00
3206,TXN2026103205,USR2484,MER15,Groceries & Supermarkets,PPI Wallet UPI,"?2,969.60",Success,8/17/2026 13:34,?32.67
3207,TXN2026103206,USR1854,MER21,Electronics & Gadgets,PPI Wallet UPI,"?14,552.69",Success,8/20/2026 12:43,?160.08
3208,TXN2026103207,USR2541,MER35,Electronics & Gadgets,Bank UPI (Direct),"?2,344.18",Success,8/30/2026 5:05,?0.00
3209,TXN2026103208,USR4005,MER33,Food & Dining,PPI Wallet UPI,"?11,817.93",Success,9/13/2026 17:43,?130.00
3210,TXN2026103209,USR4266,MER50,Electronics & Gadgets,Credit Card on UPI,"?7,816.89",Pending,8/3/2026 18:18,?0.00
3211,TXN2026103210,USR4219,MER12,Food & Dining,Credit Card on UPI,"?5,777.33",Success,9/2/2026 23:41,?0.00
3212,TXN2026103211,USR3266,MER37,Electronics & Gadgets,Credit Card on UPI,"?9,629.26",Success,8/30/2026 9:37,?0.00
3213,TXN2026103212,USR1070,MER32,Groceries & Supermarkets,PPI Wallet UPI,"?5,723.34",Success,9/3/2026 7:42,?62.96
3214,TXN2026103213,USR4177,MER26,Electronics & Gadgets,PPI Wallet UPI,"?5,437.33",Success,9/12/2026 16:29,?59.81
3215,TXN2026103214,USR1380,MER11,Travel & Hospitality,Bank UPI (Direct),"?3,019.58",Failed,9/14/2026 22:12,?0.00
3216,TXN2026103215,USR1360,MER32,Food & Dining,Bank UPI (Direct),"?13,682.89",Success,8/27/2026 5:25,?0.00
3217,TXN2026103216,USR2296,MER10,Groceries & Supermarkets,Bank UPI (Direct),"?1,781.52",Success,9/2/2026 11:58,?0.00
3218,TXN2026103217,USR4257,MER13,Electronics & Gadgets,Bank UPI (Direct),"?1,929.47",Success,8/13/2026 17:36,?0.00
3219,TXN2026103218,USR3616,MER11,Groceries & Supermarkets,PPI Wallet UPI,"?5,942.88",Failed,8/22/2026 6:40,?0.00
3220,TXN2026103219,USR4748,MER16,Electronics & Gadgets,PPI Wallet UPI,?868.21,Pending,9/12/2026 9:49,?0.00
3221,TXN2026103220,USR1800,MER12,Food & Dining,PPI Wallet UPI,"?3,322.23",Success,8/25/2026 12:19,?36.54
3222,TXN2026103221,USR1473,MER46,Electronics & Gadgets,Bank UPI (Direct),"?3,469.82",Success,9/4/2026 19:27,?0.00
3223,TXN2026103222,USR1715,MER21,Travel & Hospitality,Bank UPI (Direct),"?3,915.16",Success,9/6/2026 22:05,?0.00
3224,TXN2026103223,USR1319,MER22,Travel & Hospitality,Bank UPI (Direct),"?3,278.96",Success,9/10/2026 1:01,?0.00
3225,TXN2026103224,USR2318,MER20,Electronics & Gadgets,PPI Wallet UPI,"?13,833.72",Success,9/8/2026 15:07,?152.17
3226,TXN2026103225,USR1219,MER29,Food & Dining,Bank UPI (Direct),"?7,466.43",Success,8/2/2026 7:25,?0.00
3227,TXN2026103226,USR4800,MER17,Food & Dining,Credit Card on UPI,"?13,691.42",Success,9/12/2026 13:23,?0.00
3228,TXN2026103227,USR2585,MER50,Food & Dining,PPI Wallet UPI,"?3,907.59",Success,8/21/2026 17:33,?42.98
3229,TXN2026103228,USR1825,MER39,Travel & Hospitality,PPI Wallet UPI,"?2,903.23",Failed,8/24/2026 4:10,?0.00
3230,TXN2026103229,USR3974,MER10,Electronics & Gadgets,Bank UPI (Direct),"?3,169.55",Success,9/9/2026 1:16,?0.00
3231,TXN2026103230,USR2863,MER50,Groceries & Supermarkets,Credit Card on UPI,"?2,241.09",Success,8/6/2026 13:23,?0.00
3232,TXN2026103231,USR2914,MER43,Electronics & Gadgets,PPI Wallet UPI,"?3,202.44",Success,8/3/2026 20:10,?35.23
3233,TXN2026103232,USR5000,MER33,Groceries & Supermarkets,Bank UPI (Direct),"?9,455.57",Success,8/18/2026 1:02,?0.00
3234,TXN2026103233,USR4672,MER47,Groceries & Supermarkets,Bank UPI (Direct),"?8,272.96",Success,8/26/2026 4:38,?0.00
3235,TXN2026103234,USR3102,MER38,Travel & Hospitality,Credit Card on UPI,"?5,530.11",Success,9/12/2026 19:46,?0.00
3236,TXN2026103235,USR1250,MER38,Food & Dining,PPI Wallet UPI,"?2,977.21",Success,8/14/2026 21:47,?32.75
3237,TXN2026103236,USR2622,MER45,Groceries & Supermarkets,Bank UPI (Direct),"?4,503.54",Success,8/20/2026 11:51,?0.00
3238,TXN2026103237,USR1383,MER13,Groceries & Supermarkets,PPI Wallet UPI,"?11,628.33",Success,8/7/2026 13:42,?127.91
3239,TXN2026103238,USR3487,MER20,Groceries & Supermarkets,Bank UPI (Direct),"?3,518.76",Failed,9/6/2026 4:37,?0.00
3240,TXN2026103239,USR4018,MER17,Groceries & Supermarkets,Bank UPI (Direct),"?8,247.97",Success,8/16/2026 5:22,?0.00
3241,TXN2026103240,USR4610,MER11,Travel & Hospitality,Credit Card on UPI,"?2,237.02",Success,8/13/2026 18:54,?0.00
3242,TXN2026103241,USR2699,MER19,Groceries & Supermarkets,Credit Card on UPI,"?7,390.75",Failed,8/17/2026 21:24,?0.00
3243,TXN2026103242,USR3937,MER25,Food & Dining,PPI Wallet UPI,"?5,205.11",Failed,9/5/2026 8:28,?0.00
3244,TXN2026103243,USR1074,MER38,Travel & Hospitality,Credit Card on UPI,"?11,664.72",Success,9/14/2026 2:26,?0.00
3245,TXN2026103244,USR4433,MER34,Food & Dining,PPI Wallet UPI,"?4,497.55",Success,8/3/2026 11:07,?49.47
3246,TXN2026103245,USR1279,MER29,Travel & Hospitality,Bank UPI (Direct),"?3,340.02",Success,8/19/2026 7:50,?0.00
3247,TXN2026103246,USR2086,MER36,Food & Dining,Bank UPI (Direct),"?4,043.39",Pending,8/17/2026 11:38,?0.00
3248,TXN2026103247,USR4142,MER39,Groceries & Supermarkets,Bank UPI (Direct),"?5,070.98",Success,8/13/2026 5:13,?0.00
3249,TXN2026103248,USR4107,MER25,Food & Dining,Credit Card on UPI,"?8,667.55",Success,8/4/2026 22:32,?0.00
3250,TXN2026103249,USR3806,MER33,Electronics & Gadgets,PPI Wallet UPI,"?10,129.52",Failed,9/2/2026 17:10,?0.00
3251,TXN2026103250,USR1918,MER36,Food & Dining,Bank UPI (Direct),"?3,475.61",Success,8/13/2026 16:13,?0.00
3252,TXN2026103251,USR4974,MER44,Food & Dining,Bank UPI (Direct),"?4,606.77",Success,8/25/2026 11:28,?0.00
3253,TXN2026103252,USR3699,MER50,Groceries & Supermarkets,PPI Wallet UPI,"?3,418.99",Success,8/17/2026 10:22,?37.61
3254,TXN2026103253,USR3109,MER12,Groceries & Supermarkets,PPI Wallet UPI,"?1,880.93",Success,9/2/2026 8:56,?0.00
3255,TXN2026103254,USR3130,MER34,Travel & Hospitality,Bank UPI (Direct),"?11,676.38",Success,9/13/2026 23:47,?0.00
3256,TXN2026103255,USR2685,MER45,Groceries & Supermarkets,Credit Card on UPI,"?12,174.93",Success,8/22/2026 3:05,?0.00
3257,TXN2026103256,USR2141,MER46,Travel & Hospitality,Bank UPI (Direct),"?14,024.24",Success,9/12/2026 19:29,?0.00
3258,TXN2026103257,USR3870,MER18,Groceries & Supermarkets,PPI Wallet UPI,"?7,985.07",Success,8/27/2026 12:25,?87.84
3259,TXN2026103258,USR4820,MER31,Electronics & Gadgets,Bank UPI (Direct),"?14,571.60",Success,8/16/2026 9:22,?0.00
3260,TXN2026103259,USR3401,MER26,Travel & Hospitality,Credit Card on UPI,"?1,132.94",Success,9/3/2026 9:57,?0.00
3261,TXN2026103260,USR2987,MER50,Groceries & Supermarkets,PPI Wallet UPI,"?10,933.61",Success,9/13/2026 5:32,?120.27
3262,TXN2026103261,USR1003,MER48,Groceries & Supermarkets,Bank UPI (Direct),"?13,664.40",Success,8/31/2026 14:58,?0.00
3263,TXN2026103262,USR3985,MER35,Food & Dining,Bank UPI (Direct),"?6,242.51",Success,9/8/2026 20:25,?0.00
3264,TXN2026103263,USR3616,MER35,Groceries & Supermarkets,Bank UPI (Direct),"?13,391.57",Success,8/10/2026 20:22,?0.00
3265,TXN2026103264,USR3963,MER18,Groceries & Supermarkets,Bank UPI (Direct),"?1,657.82",Success,8/26/2026 4:41,?0.00
3266,TXN2026103265,USR4407,MER19,Groceries & Supermarkets,PPI Wallet UPI,"?8,664.20",Success,8/29/2026 17:52,?95.31
3267,TXN2026103266,USR2564,MER17,Electronics & Gadgets,Bank UPI (Direct),"?8,913.70",Success,8/14/2026 7:15,?0.00
3268,TXN2026103267,USR3355,MER25,Groceries & Supermarkets,PPI Wallet UPI,"?9,291.45",Success,8/16/2026 14:58,?102.21
3269,TXN2026103268,USR2010,MER23,Groceries & Supermarkets,Bank UPI (Direct),"?10,021.74",Success,9/12/2026 8:07,?0.00
3270,TXN2026103269,USR4231,MER10,Food & Dining,Bank UPI (Direct),?552.32,Success,8/16/2026 11:08,?0.00
3271,TXN2026103270,USR1875,MER46,Groceries & Supermarkets,PPI Wallet UPI,?66.66,Success,8/21/2026 16:27,?0.00
3272,TXN2026103271,USR3925,MER12,Food & Dining,Bank UPI (Direct),"?6,112.15",Success,8/3/2026 11:16,?0.00
3273,TXN2026103272,USR3548,MER45,Electronics & Gadgets,PPI Wallet UPI,"?13,246.59",Success,9/5/2026 9:39,?145.71
3274,TXN2026103273,USR3679,MER15,Food & Dining,PPI Wallet UPI,?18.19,Success,8/13/2026 20:23,?0.00
3275,TXN2026103274,USR3554,MER11,Electronics & Gadgets,Credit Card on UPI,"?1,093.13",Success,8/9/2026 15:23,?0.00
3276,TXN2026103275,USR2112,MER24,Electronics & Gadgets,Credit Card on UPI,"?10,571.93",Success,8/10/2026 3:34,?0.00
3277,TXN2026103276,USR3232,MER12,Electronics & Gadgets,Bank UPI (Direct),"?2,774.96",Success,8/11/2026 10:03,?0.00
3278,TXN2026103277,USR3972,MER38,Groceries & Supermarkets,Bank UPI (Direct),"?4,478.57",Pending,8/14/2026 22:46,?0.00
3279,TXN2026103278,USR1744,MER36,Groceries & Supermarkets,Bank UPI (Direct),"?8,216.54",Success,9/10/2026 16:34,?0.00
3280,TXN2026103279,USR2398,MER48,Travel & Hospitality,Bank UPI (Direct),"?5,231.44",Failed,8/18/2026 1:15,?0.00
3281,TXN2026103280,USR4460,MER27,Groceries & Supermarkets,PPI Wallet UPI,?939.96,Success,8/25/2026 6:16,?0.00
3282,TXN2026103281,USR1688,MER45,Groceries & Supermarkets,Bank UPI (Direct),"?12,334.20",Success,8/25/2026 20:40,?0.00
3283,TXN2026103282,USR2170,MER12,Groceries & Supermarkets,Bank UPI (Direct),"?7,155.33",Success,9/1/2026 0:12,?0.00
3284,TXN2026103283,USR3700,MER15,Groceries & Supermarkets,PPI Wallet UPI,"?8,901.40",Success,9/12/2026 13:34,?97.92
3285,TXN2026103284,USR3063,MER19,Food & Dining,Bank UPI (Direct),"?2,062.02",Success,8/21/2026 15:15,?0.00
3286,TXN2026103285,USR1056,MER50,Groceries & Supermarkets,PPI Wallet UPI,?172.30,Success,9/7/2026 1:52,?0.00
3287,TXN2026103286,USR2951,MER33,Travel & Hospitality,PPI Wallet UPI,"?14,619.69",Success,8/11/2026 12:15,?160.82
3288,TXN2026103287,USR3109,MER49,Food & Dining,PPI Wallet UPI,"?7,747.72",Success,9/6/2026 15:59,?85.22
3289,TXN2026103288,USR1283,MER12,Groceries & Supermarkets,PPI Wallet UPI,"?2,571.32",Success,8/21/2026 0:32,?28.28
3290,TXN2026103289,USR4782,MER50,Travel & Hospitality,Bank UPI (Direct),"?11,221.03",Success,8/16/2026 11:23,?0.00
3291,TXN2026103290,USR3011,MER41,Electronics & Gadgets,PPI Wallet UPI,"?11,688.17",Success,8/5/2026 5:23,?128.57
3292,TXN2026103291,USR4030,MER15,Travel & Hospitality,Bank UPI (Direct),"?13,057.70",Success,8/5/2026 13:58,?0.00
3293,TXN2026103292,USR1339,MER15,Food & Dining,Bank UPI (Direct),?371.97,Success,8/11/2026 21:05,?0.00
3294,TXN2026103293,USR3278,MER22,Groceries & Supermarkets,Credit Card on UPI,"?10,505.25",Success,8/1/2026 2:17,?0.00
3295,TXN2026103294,USR3117,MER31,Travel & Hospitality,Credit Card on UPI,"?1,885.78",Success,8/16/2026 21:37,?0.00
3296,TXN2026103295,USR4677,MER47,Food & Dining,Bank UPI (Direct),?841.32,Success,8/25/2026 19:07,?0.00
3297,TXN2026103296,USR1717,MER14,Electronics & Gadgets,Bank UPI (Direct),"?7,156.81",Success,8/24/2026 7:49,?0.00
3298,TXN2026103297,USR2820,MER50,Groceries & Supermarkets,PPI Wallet UPI,"?12,901.54",Success,8/30/2026 10:39,?141.92
3299,TXN2026103298,USR1811,MER22,Electronics & Gadgets,Bank UPI (Direct),"?11,393.72",Success,8/29/2026 9:24,?0.00
3300,TXN2026103299,USR2304,MER40,Groceries & Supermarkets,PPI Wallet UPI,"?12,256.32",Success,8/7/2026 22:01,?134.82
3301,TXN2026103300,USR2630,MER24,Electronics & Gadgets,Bank UPI (Direct),"?2,337.37",Success,8/9/2026 9:43,?0.00
3302,TXN2026103301,USR2627,MER27,Electronics & Gadgets,Credit Card on UPI,?875.65,Success,8/14/2026 14:08,?0.00
3303,TXN2026103302,USR3314,MER22,Groceries & Supermarkets,Bank UPI (Direct),"?10,589.40",Pending,8/13/2026 16:53,?0.00
3304,TXN2026103303,USR4325,MER29,Travel & Hospitality,Bank UPI (Direct),"?2,444.51",Success,8/10/2026 5:02,?0.00
3305,TXN2026103304,USR4786,MER21,Groceries & Supermarkets,PPI Wallet UPI,"?4,260.34",Success,8/24/2026 11:45,?46.86
3306,TXN2026103305,USR2523,MER34,Electronics & Gadgets,Bank UPI (Direct),"?10,738.47",Failed,8/19/2026 1:26,?0.00
3307,TXN2026103306,USR2901,MER40,Electronics & Gadgets,Bank UPI (Direct),"?9,980.18",Success,8/19/2026 11:55,?0.00
3308,TXN2026103307,USR1858,MER36,Groceries & Supermarkets,Credit Card on UPI,"?13,378.24",Success,8/10/2026 4:51,?0.00
3309,TXN2026103308,USR2202,MER50,Groceries & Supermarkets,PPI Wallet UPI,"?10,239.49",Success,8/9/2026 14:32,?112.63
3310,TXN2026103309,USR4109,MER46,Electronics & Gadgets,Bank UPI (Direct),"?8,438.59",Success,9/10/2026 12:30,?0.00
3311,TXN2026103310,USR1718,MER25,Groceries & Supermarkets,Bank UPI (Direct),"?7,527.49",Success,8/7/2026 9:39,?0.00
3312,TXN2026103311,USR3983,MER18,Food & Dining,Credit Card on UPI,"?4,805.11",Success,8/27/2026 22:51,?0.00
3313,TXN2026103312,USR3959,MER28,Groceries & Supermarkets,PPI Wallet UPI,"?12,518.31",Success,8/13/2026 12:48,?137.70
3314,TXN2026103313,USR3656,MER32,Electronics & Gadgets,PPI Wallet UPI,"?11,358.42",Success,8/11/2026 8:47,?124.94
3315,TXN2026103314,USR1066,MER35,Groceries & Supermarkets,Bank UPI (Direct),"?4,676.95",Success,9/8/2026 20:13,?0.00
3316,TXN2026103315,USR4623,MER22,Groceries & Supermarkets,Bank UPI (Direct),"?3,562.89",Success,9/11/2026 21:45,?0.00
3317,TXN2026103316,USR1800,MER25,Travel & Hospitality,Bank UPI (Direct),?461.09,Success,8/24/2026 20:59,?0.00
3318,TXN2026103317,USR2527,MER17,Groceries & Supermarkets,Bank UPI (Direct),"?3,938.85",Success,8/4/2026 3:34,?0.00
3319,TXN2026103318,USR4828,MER43,Groceries & Supermarkets,Bank UPI (Direct),"?14,588.17",Success,8/11/2026 8:14,?0.00
3320,TXN2026103319,USR4723,MER44,Groceries & Supermarkets,PPI Wallet UPI,?78.43,Success,8/25/2026 15:43,?0.00
3321,TXN2026103320,USR2074,MER34,Food & Dining,PPI Wallet UPI,"?5,217.12",Success,8/13/2026 16:39,?57.39
3322,TXN2026103321,USR4802,MER32,Travel & Hospitality,Bank UPI (Direct),"?7,870.08",Success,8/24/2026 0:00,?0.00
3323,TXN2026103322,USR1463,MER50,Travel & Hospitality,PPI Wallet UPI,"?10,600.49",Success,9/11/2026 19:23,?116.61
3324,TXN2026103323,USR1158,MER33,Food & Dining,Credit Card on UPI,"?4,006.51",Success,8/23/2026 17:35,?0.00
3325,TXN2026103324,USR1118,MER24,Groceries & Supermarkets,Bank UPI (Direct),"?10,623.67",Success,9/3/2026 22:45,?0.00
3326,TXN2026103325,USR2049,MER39,Groceries & Supermarkets,PPI Wallet UPI,"?5,721.29",Success,9/6/2026 3:31,?62.93
3327,TXN2026103326,USR4402,MER44,Electronics & Gadgets,Credit Card on UPI,"?11,293.34",Success,8/30/2026 5:33,?0.00
3328,TXN2026103327,USR4314,MER19,Electronics & Gadgets,Bank UPI (Direct),"?3,579.77",Failed,8/19/2026 22:14,?0.00
3329,TXN2026103328,USR1116,MER41,Food & Dining,Bank UPI (Direct),"?9,992.43",Success,9/8/2026 11:16,?0.00
3330,TXN2026103329,USR2779,MER27,Groceries & Supermarkets,PPI Wallet UPI,"?7,585.21",Success,8/11/2026 3:41,?83.44
3331,TXN2026103330,USR1021,MER45,Groceries & Supermarkets,Credit Card on UPI,"?6,375.32",Success,9/10/2026 21:42,?0.00
3332,TXN2026103331,USR1558,MER31,Groceries & Supermarkets,Bank UPI (Direct),?891.61,Success,8/9/2026 16:20,?0.00
3333,TXN2026103332,USR4792,MER30,Groceries & Supermarkets,Bank UPI (Direct),"?3,444.70",Success,8/17/2026 15:52,?0.00
3334,TXN2026103333,USR1938,MER36,Food & Dining,Bank UPI (Direct),"?2,554.64",Success,9/11/2026 18:48,?0.00
3335,TXN2026103334,USR1474,MER28,Groceries & Supermarkets,Bank UPI (Direct),"?6,027.62",Success,8/11/2026 7:47,?0.00
3336,TXN2026103335,USR1541,MER42,Food & Dining,Bank UPI (Direct),"?2,425.65",Success,9/5/2026 11:03,?0.00
3337,TXN2026103336,USR1999,MER20,Food & Dining,Credit Card on UPI,?861.14,Success,8/16/2026 16:27,?0.00
3338,TXN2026103337,USR3286,MER40,Electronics & Gadgets,PPI Wallet UPI,"?9,536.25",Success,8/6/2026 15:35,?104.90
3339,TXN2026103338,USR3252,MER21,Groceries & Supermarkets,Bank UPI (Direct),"?10,097.66",Success,9/11/2026 9:39,?0.00
3340,TXN2026103339,USR1192,MER32,Food & Dining,PPI Wallet UPI,"?12,060.04",Failed,9/2/2026 16:34,?0.00
3341,TXN2026103340,USR4339,MER13,Food & Dining,Credit Card on UPI,?163.54,Success,9/15/2026 9:07,?0.00
3342,TXN2026103341,USR4359,MER36,Electronics & Gadgets,Credit Card on UPI,"?3,082.02",Success,9/14/2026 23:28,?0.00
3343,TXN2026103342,USR2658,MER20,Groceries & Supermarkets,Bank UPI (Direct),"?2,462.89",Success,8/30/2026 13:41,?0.00
3344,TXN2026103343,USR3809,MER24,Groceries & Supermarkets,PPI Wallet UPI,"?4,083.69",Success,8/5/2026 18:08,?44.92
3345,TXN2026103344,USR3213,MER30,Groceries & Supermarkets,PPI Wallet UPI,"?9,216.67",Success,8/28/2026 16:22,?101.38
3346,TXN2026103345,USR3311,MER44,Electronics & Gadgets,Credit Card on UPI,"?10,097.71",Success,8/17/2026 16:33,?0.00
3347,TXN2026103346,USR1697,MER46,Groceries & Supermarkets,PPI Wallet UPI,"?13,694.87",Success,9/13/2026 5:34,?150.64
3348,TXN2026103347,USR2216,MER36,Food & Dining,Bank UPI (Direct),"?13,248.75",Success,9/11/2026 8:26,?0.00
3349,TXN2026103348,USR3618,MER39,Groceries & Supermarkets,PPI Wallet UPI,"?1,703.27",Success,8/14/2026 6:29,?0.00
3350,TXN2026103349,USR4791,MER42,Groceries & Supermarkets,Credit Card on UPI,"?11,966.18",Success,8/29/2026 0:33,?0.00
3351,TXN2026103350,USR2145,MER24,Groceries & Supermarkets,Bank UPI (Direct),"?5,462.47",Success,9/13/2026 3:55,?0.00
3352,TXN2026103351,USR3858,MER12,Groceries & Supermarkets,Credit Card on UPI,"?11,481.09",Pending,9/14/2026 15:50,?0.00
3353,TXN2026103352,USR1181,MER32,Travel & Hospitality,PPI Wallet UPI,"?13,039.21",Success,9/7/2026 8:38,?143.43
3354,TXN2026103353,USR2433,MER29,Groceries & Supermarkets,PPI Wallet UPI,"?8,807.07",Success,8/31/2026 16:28,?96.88
3355,TXN2026103354,USR2580,MER24,Groceries & Supermarkets,Bank UPI (Direct),?408.77,Success,9/13/2026 9:25,?0.00
3356,TXN2026103355,USR4671,MER46,Groceries & Supermarkets,PPI Wallet UPI,"?4,725.11",Success,8/11/2026 19:18,?51.98
3357,TXN2026103356,USR3549,MER15,Groceries & Supermarkets,PPI Wallet UPI,"?3,277.70",Success,9/6/2026 0:39,?36.05
3358,TXN2026103357,USR3915,MER50,Food & Dining,PPI Wallet UPI,"?1,311.38",Success,9/7/2026 14:51,?0.00
3359,TXN2026103358,USR3047,MER20,Food & Dining,PPI Wallet UPI,"?14,418.22",Success,8/19/2026 0:34,?158.60
3360,TXN2026103359,USR3683,MER42,Groceries & Supermarkets,PPI Wallet UPI,"?1,244.71",Success,9/5/2026 18:31,?0.00
3361,TXN2026103360,USR4987,MER46,Electronics & Gadgets,PPI Wallet UPI,"?11,852.42",Success,8/14/2026 4:30,?130.38
3362,TXN2026103361,USR3366,MER12,Groceries & Supermarkets,Bank UPI (Direct),"?3,279.45",Success,9/8/2026 2:22,?0.00
3363,TXN2026103362,USR1706,MER10,Food & Dining,Bank UPI (Direct),"?1,465.98",Success,8/24/2026 12:34,?0.00
3364,TXN2026103363,USR2365,MER12,Electronics & Gadgets,PPI Wallet UPI,"?12,474.40",Success,9/12/2026 19:40,?137.22
3365,TXN2026103364,USR4345,MER36,Electronics & Gadgets,Credit Card on UPI,"?2,911.00",Success,8/24/2026 2:17,?0.00
3366,TXN2026103365,USR2756,MER14,Electronics & Gadgets,Bank UPI (Direct),"?1,206.24",Success,9/8/2026 7:23,?0.00
3367,TXN2026103366,USR3196,MER28,Food & Dining,Bank UPI (Direct),"?1,202.89",Success,8/1/2026 11:17,?0.00
3368,TXN2026103367,USR2910,MER12,Groceries & Supermarkets,Bank UPI (Direct),"?6,448.50",Success,8/30/2026 7:00,?0.00
3369,TXN2026103368,USR2718,MER42,Groceries & Supermarkets,PPI Wallet UPI,"?2,975.67",Success,8/31/2026 7:45,?32.73
3370,TXN2026103369,USR2279,MER21,Groceries & Supermarkets,Bank UPI (Direct),"?4,632.80",Success,8/14/2026 3:16,?0.00
3371,TXN2026103370,USR1726,MER45,Electronics & Gadgets,PPI Wallet UPI,"?13,635.06",Success,9/8/2026 14:00,?149.99
3372,TXN2026103371,USR3876,MER21,Electronics & Gadgets,Bank UPI (Direct),"?10,034.97",Success,8/8/2026 18:26,?0.00
3373,TXN2026103372,USR2443,MER38,Electronics & Gadgets,Bank UPI (Direct),"?9,412.76",Failed,9/4/2026 0:27,?0.00
3374,TXN2026103373,USR3609,MER24,Travel & Hospitality,Bank UPI (Direct),"?9,759.29",Success,8/6/2026 4:08,?0.00
3375,TXN2026103374,USR2753,MER34,Travel & Hospitality,PPI Wallet UPI,"?7,550.33",Success,9/5/2026 8:42,?83.05
3376,TXN2026103375,USR2027,MER45,Groceries & Supermarkets,PPI Wallet UPI,"?12,471.46",Success,9/11/2026 0:47,?137.19
3377,TXN2026103376,USR1711,MER37,Groceries & Supermarkets,PPI Wallet UPI,"?7,868.59",Success,9/8/2026 6:52,?86.55
3378,TXN2026103377,USR1565,MER41,Groceries & Supermarkets,Bank UPI (Direct),"?9,750.02",Success,8/3/2026 9:00,?0.00
3379,TXN2026103378,USR3727,MER34,Travel & Hospitality,Bank UPI (Direct),"?6,508.61",Success,8/27/2026 3:51,?0.00
3380,TXN2026103379,USR4240,MER46,Food & Dining,PPI Wallet UPI,"?5,840.00",Success,8/20/2026 21:06,?64.24
3381,TXN2026103380,USR2478,MER35,Travel & Hospitality,Bank UPI (Direct),"?4,764.81",Success,9/11/2026 0:20,?0.00
3382,TXN2026103381,USR4586,MER49,Groceries & Supermarkets,Credit Card on UPI,"?1,875.79",Success,8/15/2026 8:08,?0.00
3383,TXN2026103382,USR2024,MER38,Groceries & Supermarkets,PPI Wallet UPI,"?14,041.91",Success,9/5/2026 17:40,?154.46
3384,TXN2026103383,USR4494,MER19,Food & Dining,PPI Wallet UPI,"?7,859.40",Success,8/15/2026 5:13,?86.45
3385,TXN2026103384,USR2670,MER49,Groceries & Supermarkets,PPI Wallet UPI,"?4,061.84",Success,8/18/2026 5:12,?44.68
3386,TXN2026103385,USR4917,MER19,Groceries & Supermarkets,PPI Wallet UPI,"?3,616.69",Failed,8/14/2026 22:14,?0.00
3387,TXN2026103386,USR4974,MER49,Travel & Hospitality,PPI Wallet UPI,"?13,031.76",Success,9/2/2026 16:00,?143.35
3388,TXN2026103387,USR1954,MER49,Electronics & Gadgets,Bank UPI (Direct),"?12,634.69",Success,8/21/2026 6:16,?0.00
3389,TXN2026103388,USR3352,MER32,Groceries & Supermarkets,PPI Wallet UPI,"?10,410.92",Success,8/6/2026 14:41,?114.52
3390,TXN2026103389,USR1627,MER27,Electronics & Gadgets,PPI Wallet UPI,"?3,457.01",Success,8/19/2026 13:32,?38.03
3391,TXN2026103390,USR1976,MER32,Groceries & Supermarkets,PPI Wallet UPI,"?13,691.56",Failed,8/29/2026 15:06,?0.00
3392,TXN2026103391,USR3236,MER20,Groceries & Supermarkets,Bank UPI (Direct),"?9,185.14",Success,9/7/2026 11:45,?0.00
3393,TXN2026103392,USR3333,MER36,Food & Dining,PPI Wallet UPI,?418.93,Success,8/7/2026 21:16,?0.00
3394,TXN2026103393,USR2254,MER27,Food & Dining,PPI Wallet UPI,"?6,290.02",Pending,8/16/2026 9:50,?0.00
3395,TXN2026103394,USR3845,MER22,Food & Dining,PPI Wallet UPI,"?6,067.87",Success,9/3/2026 22:52,?66.75
3396,TXN2026103395,USR2426,MER30,Groceries & Supermarkets,Credit Card on UPI,"?1,037.50",Failed,8/19/2026 6:37,?0.00
3397,TXN2026103396,USR4869,MER34,Groceries & Supermarkets,Bank UPI (Direct),?41.73,Success,9/3/2026 14:04,?0.00
3398,TXN2026103397,USR1944,MER16,Food & Dining,Bank UPI (Direct),?346.72,Success,9/7/2026 9:34,?0.00
3399,TXN2026103398,USR1387,MER29,Electronics & Gadgets,Bank UPI (Direct),"?8,904.90",Failed,9/13/2026 8:07,?0.00
3400,TXN2026103399,USR4114,MER40,Groceries & Supermarkets,Bank UPI (Direct),"?11,849.82",Success,9/10/2026 14:53,?0.00
3401,TXN2026103400,USR1975,MER45,Groceries & Supermarkets,Bank UPI (Direct),?694.05,Success,9/11/2026 20:00,?0.00
3402,TXN2026103401,USR4356,MER17,Electronics & Gadgets,PPI Wallet UPI,"?3,952.99",Failed,8/5/2026 3:54,?0.00
3403,TXN2026103402,USR4227,MER23,Travel & Hospitality,PPI Wallet UPI,"?6,397.78",Success,9/8/2026 12:26,?70.38
3404,TXN2026103403,USR1051,MER20,Groceries & Supermarkets,Bank UPI (Direct),"?10,167.63",Success,9/13/2026 10:53,?0.00
3405,TXN2026103404,USR3742,MER15,Groceries & Supermarkets,PPI Wallet UPI,"?1,649.71",Success,9/3/2026 4:06,?0.00
3406,TXN2026103405,USR3794,MER47,Electronics & Gadgets,Bank UPI (Direct),?858.25,Success,8/18/2026 6:27,?0.00
3407,TXN2026103406,USR2004,MER31,Groceries & Supermarkets,PPI Wallet UPI,"?13,020.82",Success,8/7/2026 23:54,?143.23
3408,TXN2026103407,USR3629,MER15,Food & Dining,Bank UPI (Direct),"?5,454.41",Failed,9/5/2026 17:07,?0.00
3409,TXN2026103408,USR1773,MER10,Electronics & Gadgets,Bank UPI (Direct),"?7,181.88",Success,8/6/2026 20:42,?0.00
3410,TXN2026103409,USR4540,MER26,Groceries & Supermarkets,Bank UPI (Direct),"?14,884.68",Success,8/15/2026 18:39,?0.00
3411,TXN2026103410,USR1205,MER37,Electronics & Gadgets,Credit Card on UPI,"?14,340.09",Success,9/2/2026 1:59,?0.00
3412,TXN2026103411,USR2848,MER22,Food & Dining,Bank UPI (Direct),"?3,997.55",Success,8/28/2026 4:06,?0.00
3413,TXN2026103412,USR3523,MER27,Food & Dining,PPI Wallet UPI,?798.58,Success,9/9/2026 18:04,?0.00
3414,TXN2026103413,USR4586,MER27,Food & Dining,Bank UPI (Direct),"?2,423.11",Success,8/25/2026 2:41,?0.00
3415,TXN2026103414,USR4814,MER26,Electronics & Gadgets,Bank UPI (Direct),"?6,696.01",Success,8/7/2026 2:06,?0.00
3416,TXN2026103415,USR4403,MER46,Groceries & Supermarkets,Bank UPI (Direct),"?10,504.05",Success,8/15/2026 23:07,?0.00
3417,TXN2026103416,USR2500,MER28,Travel & Hospitality,Bank UPI (Direct),"?2,275.38",Success,8/11/2026 20:19,?0.00
3418,TXN2026103417,USR1497,MER49,Food & Dining,Bank UPI (Direct),"?1,913.93",Failed,8/9/2026 13:38,?0.00
3419,TXN2026103418,USR1031,MER10,Food & Dining,PPI Wallet UPI,"?11,667.69",Success,9/7/2026 0:07,?128.34
3420,TXN2026103419,USR2077,MER40,Travel & Hospitality,PPI Wallet UPI,"?14,489.00",Success,8/16/2026 22:32,?159.38
3421,TXN2026103420,USR2225,MER13,Travel & Hospitality,Bank UPI (Direct),"?14,616.91",Success,9/9/2026 11:59,?0.00
3422,TXN2026103421,USR2211,MER10,Travel & Hospitality,Bank UPI (Direct),"?8,607.06",Success,8/12/2026 4:15,?0.00
3423,TXN2026103422,USR1733,MER13,Groceries & Supermarkets,PPI Wallet UPI,"?1,991.48",Success,9/5/2026 1:53,?0.00
3424,TXN2026103423,USR4184,MER26,Groceries & Supermarkets,PPI Wallet UPI,"?1,889.82",Success,8/13/2026 19:40,?0.00
3425,TXN2026103424,USR3375,MER18,Electronics & Gadgets,PPI Wallet UPI,"?11,368.30",Success,8/3/2026 18:11,?125.05
3426,TXN2026103425,USR3204,MER41,Travel & Hospitality,Bank UPI (Direct),"?9,907.24",Success,9/1/2026 18:37,?0.00
3427,TXN2026103426,USR2065,MER49,Groceries & Supermarkets,PPI Wallet UPI,"?4,944.42",Success,9/15/2026 11:02,?54.39
3428,TXN2026103427,USR3745,MER26,Electronics & Gadgets,PPI Wallet UPI,"?12,687.14",Pending,8/10/2026 17:27,?0.00
3429,TXN2026103428,USR2722,MER44,Groceries & Supermarkets,Bank UPI (Direct),"?13,965.62",Success,8/24/2026 2:02,?0.00
3430,TXN2026103429,USR2920,MER14,Groceries & Supermarkets,Bank UPI (Direct),"?8,419.70",Success,8/16/2026 13:33,?0.00
3431,TXN2026103430,USR4665,MER12,Electronics & Gadgets,Credit Card on UPI,"?11,324.48",Failed,8/3/2026 7:03,?0.00
3432,TXN2026103431,USR2247,MER40,Groceries & Supermarkets,Bank UPI (Direct),"?2,396.43",Success,8/20/2026 0:45,?0.00
3433,TXN2026103432,USR3151,MER14,Food & Dining,Credit Card on UPI,"?4,365.14",Success,8/9/2026 16:52,?0.00
3434,TXN2026103433,USR3343,MER31,Groceries & Supermarkets,PPI Wallet UPI,"?8,330.80",Success,8/10/2026 22:33,?91.64
3435,TXN2026103434,USR1503,MER47,Groceries & Supermarkets,Bank UPI (Direct),"?10,115.79",Success,9/7/2026 15:12,?0.00
3436,TXN2026103435,USR1325,MER16,Food & Dining,Bank UPI (Direct),?135.23,Success,8/2/2026 14:29,?0.00
3437,TXN2026103436,USR4648,MER48,Groceries & Supermarkets,Bank UPI (Direct),"?11,043.25",Success,9/7/2026 10:35,?0.00
3438,TXN2026103437,USR3526,MER36,Groceries & Supermarkets,PPI Wallet UPI,"?11,955.07",Success,8/14/2026 17:01,?131.51
3439,TXN2026103438,USR1762,MER30,Travel & Hospitality,Credit Card on UPI,"?1,036.93",Success,9/2/2026 0:45,?0.00
3440,TXN2026103439,USR3265,MER40,Groceries & Supermarkets,PPI Wallet UPI,"?7,299.35",Success,9/12/2026 21:39,?80.29
3441,TXN2026103440,USR4026,MER24,Electronics & Gadgets,Bank UPI (Direct),"?4,392.48",Failed,9/12/2026 14:34,?0.00
3442,TXN2026103441,USR4776,MER42,Groceries & Supermarkets,PPI Wallet UPI,"?2,370.48",Success,8/29/2026 1:36,?26.08
3443,TXN2026103442,USR1636,MER24,Electronics & Gadgets,Bank UPI (Direct),"?14,570.25",Success,9/5/2026 9:53,?0.00
3444,TXN2026103443,USR2457,MER30,Electronics & Gadgets,Credit Card on UPI,"?12,393.69",Success,8/15/2026 16:35,?0.00
3445,TXN2026103444,USR3796,MER48,Groceries & Supermarkets,Bank UPI (Direct),"?9,450.99",Success,8/22/2026 19:18,?0.00
3446,TXN2026103445,USR3175,MER40,Electronics & Gadgets,PPI Wallet UPI,"?9,564.74",Success,8/22/2026 13:48,?105.21
3447,TXN2026103446,USR4230,MER34,Groceries & Supermarkets,Bank UPI (Direct),"?12,366.33",Success,8/4/2026 9:09,?0.00
3448,TXN2026103447,USR1859,MER47,Travel & Hospitality,Credit Card on UPI,"?9,371.66",Success,8/18/2026 20:12,?0.00
3449,TXN2026103448,USR2515,MER42,Food & Dining,Bank UPI (Direct),?640.08,Success,8/14/2026 15:01,?0.00
3450,TXN2026103449,USR2580,MER19,Groceries & Supermarkets,Bank UPI (Direct),"?6,175.58",Success,9/9/2026 5:33,?0.00
3451,TXN2026103450,USR4156,MER18,Travel & Hospitality,PPI Wallet UPI,"?3,343.15",Success,8/8/2026 21:24,?36.77
3452,TXN2026103451,USR4629,MER24,Food & Dining,PPI Wallet UPI,"?12,728.93",Success,9/7/2026 10:31,?140.02
3453,TXN2026103452,USR1245,MER12,Groceries & Supermarkets,Credit Card on UPI,"?1,741.29",Success,9/7/2026 10:32,?0.00
3454,TXN2026103453,USR1711,MER20,Groceries & Supermarkets,PPI Wallet UPI,"?6,493.57",Success,8/21/2026 20:19,?71.43
3455,TXN2026103454,USR4186,MER24,Groceries & Supermarkets,Bank UPI (Direct),?690.81,Success,9/6/2026 20:36,?0.00
3456,TXN2026103455,USR4149,MER42,Electronics & Gadgets,Bank UPI (Direct),"?1,233.78",Success,8/29/2026 7:54,?0.00
3457,TXN2026103456,USR4816,MER13,Travel & Hospitality,Bank UPI (Direct),"?14,569.21",Success,8/25/2026 10:35,?0.00
3458,TXN2026103457,USR4725,MER14,Groceries & Supermarkets,PPI Wallet UPI,"?14,121.26",Success,8/21/2026 0:53,?155.33
3459,TXN2026103458,USR2620,MER48,Food & Dining,PPI Wallet UPI,"?10,789.13",Success,8/4/2026 9:24,?118.68
3460,TXN2026103459,USR4883,MER15,Food & Dining,Bank UPI (Direct),"?13,961.25",Success,9/5/2026 21:21,?0.00
3461,TXN2026103460,USR4689,MER46,Food & Dining,Bank UPI (Direct),"?10,083.15",Success,9/15/2026 12:41,?0.00
3462,TXN2026103461,USR3417,MER45,Groceries & Supermarkets,PPI Wallet UPI,"?1,009.47",Success,8/18/2026 8:21,?0.00
3463,TXN2026103462,USR2620,MER11,Travel & Hospitality,Bank UPI (Direct),"?13,601.12",Success,9/13/2026 14:37,?0.00
3464,TXN2026103463,USR3754,MER20,Groceries & Supermarkets,Bank UPI (Direct),"?2,847.56",Success,8/17/2026 23:57,?0.00
3465,TXN2026103464,USR4155,MER48,Groceries & Supermarkets,Bank UPI (Direct),?78.72,Success,8/28/2026 3:08,?0.00
3466,TXN2026103465,USR4146,MER12,Food & Dining,Bank UPI (Direct),"?2,394.19",Success,8/1/2026 9:15,?0.00
3467,TXN2026103466,USR1816,MER26,Electronics & Gadgets,Bank UPI (Direct),"?4,304.38",Success,9/2/2026 9:09,?0.00
3468,TXN2026103467,USR1166,MER31,Groceries & Supermarkets,Bank UPI (Direct),"?5,730.59",Failed,8/19/2026 13:34,?0.00
3469,TXN2026103468,USR4743,MER50,Groceries & Supermarkets,Bank UPI (Direct),"?7,605.95",Success,8/6/2026 11:22,?0.00
3470,TXN2026103469,USR1172,MER12,Groceries & Supermarkets,PPI Wallet UPI,"?9,573.33",Success,9/4/2026 4:01,?105.31
3471,TXN2026103470,USR3757,MER15,Groceries & Supermarkets,Bank UPI (Direct),"?8,928.88",Success,8/6/2026 19:15,?0.00
3472,TXN2026103471,USR2683,MER20,Groceries & Supermarkets,Credit Card on UPI,"?11,330.46",Success,8/27/2026 13:30,?0.00
3473,TXN2026103472,USR4596,MER20,Groceries & Supermarkets,Bank UPI (Direct),"?12,805.94",Success,9/3/2026 17:19,?0.00
3474,TXN2026103473,USR1806,MER38,Groceries & Supermarkets,PPI Wallet UPI,"?8,368.76",Success,9/4/2026 0:22,?92.06
3475,TXN2026103474,USR2722,MER41,Food & Dining,Bank UPI (Direct),"?1,691.52",Success,8/5/2026 0:13,?0.00
3476,TXN2026103475,USR3618,MER24,Travel & Hospitality,Bank UPI (Direct),"?11,354.03",Success,9/7/2026 13:55,?0.00
3477,TXN2026103476,USR4392,MER16,Food & Dining,PPI Wallet UPI,?306.81,Success,8/31/2026 7:25,?0.00
3478,TXN2026103477,USR3983,MER26,Groceries & Supermarkets,PPI Wallet UPI,"?6,283.79",Success,8/10/2026 23:17,?69.12
3479,TXN2026103478,USR3747,MER19,Electronics & Gadgets,PPI Wallet UPI,"?14,671.75",Success,8/11/2026 10:59,?161.39
3480,TXN2026103479,USR2374,MER50,Food & Dining,PPI Wallet UPI,"?9,483.43",Success,8/22/2026 8:06,?104.32
3481,TXN2026103480,USR2103,MER36,Electronics & Gadgets,Bank UPI (Direct),"?2,285.02",Success,8/9/2026 0:44,?0.00
3482,TXN2026103481,USR3537,MER12,Electronics & Gadgets,PPI Wallet UPI,"?4,572.66",Success,8/18/2026 20:43,?50.30
3483,TXN2026103482,USR1169,MER18,Electronics & Gadgets,PPI Wallet UPI,"?14,593.20",Failed,8/10/2026 10:49,?0.00
3484,TXN2026103483,USR4737,MER11,Electronics & Gadgets,Bank UPI (Direct),"?2,058.74",Success,9/13/2026 3:17,?0.00
3485,TXN2026103484,USR2832,MER39,Travel & Hospitality,Bank UPI (Direct),"?6,788.64",Success,8/15/2026 7:46,?0.00
3486,TXN2026103485,USR1444,MER44,Groceries & Supermarkets,PPI Wallet UPI,"?10,873.45",Success,9/12/2026 10:50,?119.61
3487,TXN2026103486,USR3482,MER49,Food & Dining,PPI Wallet UPI,"?9,113.74",Success,8/12/2026 3:54,?100.25
3488,TXN2026103487,USR4141,MER42,Groceries & Supermarkets,Bank UPI (Direct),"?4,725.40",Success,8/9/2026 0:19,?0.00
3489,TXN2026103488,USR2522,MER43,Travel & Hospitality,PPI Wallet UPI,"?11,385.06",Success,8/25/2026 8:17,?125.24
3490,TXN2026103489,USR2991,MER28,Groceries & Supermarkets,Bank UPI (Direct),"?4,692.33",Success,8/11/2026 14:23,?0.00
3491,TXN2026103490,USR3378,MER29,Groceries & Supermarkets,Bank UPI (Direct),"?13,812.71",Success,9/11/2026 22:51,?0.00
3492,TXN2026103491,USR3099,MER27,Travel & Hospitality,Bank UPI (Direct),"?8,142.04",Success,8/22/2026 10:50,?0.00
3493,TXN2026103492,USR2235,MER34,Travel & Hospitality,Credit Card on UPI,"?12,463.99",Success,8/26/2026 16:55,?0.00
3494,TXN2026103493,USR1440,MER37,Food & Dining,PPI Wallet UPI,"?11,475.84",Success,8/22/2026 15:36,?126.23
3495,TXN2026103494,USR4458,MER41,Travel & Hospitality,Bank UPI (Direct),"?11,050.19",Success,8/14/2026 9:43,?0.00
3496,TXN2026103495,USR4854,MER22,Groceries & Supermarkets,PPI Wallet UPI,"?4,860.53",Success,8/3/2026 6:22,?53.47
3497,TXN2026103496,USR2419,MER23,Food & Dining,Bank UPI (Direct),"?9,711.87",Success,8/15/2026 20:42,?0.00
3498,TXN2026103497,USR3907,MER10,Groceries & Supermarkets,Bank UPI (Direct),"?12,813.68",Failed,8/31/2026 1:50,?0.00
3499,TXN2026103498,USR1061,MER45,Groceries & Supermarkets,PPI Wallet UPI,"?7,612.65",Success,8/29/2026 9:58,?83.74
3500,TXN2026103499,USR4904,MER20,Groceries & Supermarkets,Bank UPI (Direct),"?9,422.17",Success,8/30/2026 2:19,?0.00
3501,TXN2026103500,USR4104,MER20,Groceries & Supermarkets,Credit Card on UPI,"?11,975.73",Success,9/11/2026 17:06,?0.00
3502,TXN2026103501,USR4292,MER28,Groceries & Supermarkets,Bank UPI (Direct),?445.29,Success,8/18/2026 11:35,?0.00
3503,TXN2026103502,USR2857,MER15,Electronics & Gadgets,Bank UPI (Direct),?104.29,Success,8/10/2026 3:10,?0.00
3504,TXN2026103503,USR2153,MER11,Electronics & Gadgets,Bank UPI (Direct),"?8,931.53",Success,8/24/2026 1:47,?0.00
3505,TXN2026103504,USR3746,MER16,Travel & Hospitality,PPI Wallet UPI,"?12,643.69",Success,8/29/2026 19:20,?139.08
3506,TXN2026103505,USR1518,MER20,Groceries & Supermarkets,PPI Wallet UPI,?10.27,Success,9/3/2026 23:39,?0.00
3507,TXN2026103506,USR4065,MER43,Electronics & Gadgets,PPI Wallet UPI,"?4,618.55",Success,9/6/2026 19:59,?50.80
3508,TXN2026103507,USR2825,MER16,Travel & Hospitality,PPI Wallet UPI,"?5,982.72",Success,9/13/2026 6:43,?65.81
3509,TXN2026103508,USR3320,MER36,Travel & Hospitality,Bank UPI (Direct),"?2,449.20",Success,8/19/2026 12:56,?0.00
3510,TXN2026103509,USR4820,MER24,Groceries & Supermarkets,Credit Card on UPI,"?4,130.55",Success,8/21/2026 6:56,?0.00
3511,TXN2026103510,USR2305,MER43,Groceries & Supermarkets,Credit Card on UPI,"?12,187.05",Success,8/27/2026 14:13,?0.00
3512,TXN2026103511,USR3000,MER45,Groceries & Supermarkets,Credit Card on UPI,"?2,471.12",Success,8/5/2026 14:53,?0.00
3513,TXN2026103512,USR2613,MER10,Food & Dining,Bank UPI (Direct),"?13,354.96",Success,8/1/2026 4:13,?0.00
3514,TXN2026103513,USR4418,MER12,Groceries & Supermarkets,PPI Wallet UPI,?923.59,Success,9/1/2026 22:05,?0.00
3515,TXN2026103514,USR3246,MER20,Food & Dining,Credit Card on UPI,"?8,279.69",Success,8/29/2026 19:57,?0.00
3516,TXN2026103515,USR3843,MER14,Groceries & Supermarkets,PPI Wallet UPI,"?7,465.69",Success,8/27/2026 4:08,?82.12
3517,TXN2026103516,USR2316,MER49,Travel & Hospitality,PPI Wallet UPI,"?6,285.21",Success,8/21/2026 4:43,?69.14
3518,TXN2026103517,USR4644,MER33,Electronics & Gadgets,Bank UPI (Direct),"?4,173.37",Success,8/23/2026 9:03,?0.00
3519,TXN2026103518,USR2273,MER46,Groceries & Supermarkets,PPI Wallet UPI,"?14,226.47",Success,8/21/2026 5:43,?156.49
3520,TXN2026103519,USR3651,MER41,Travel & Hospitality,PPI Wallet UPI,"?14,524.92",Success,8/18/2026 1:12,?159.77
3521,TXN2026103520,USR4287,MER17,Groceries & Supermarkets,Bank UPI (Direct),"?1,293.91",Success,8/21/2026 20:10,?0.00
3522,TXN2026103521,USR4123,MER10,Electronics & Gadgets,Bank UPI (Direct),?784.83,Success,9/4/2026 0:33,?0.00
3523,TXN2026103522,USR2237,MER36,Groceries & Supermarkets,PPI Wallet UPI,"?3,058.70",Success,8/20/2026 4:33,?33.65
3524,TXN2026103523,USR3849,MER44,Groceries & Supermarkets,Credit Card on UPI,"?10,500.08",Success,8/20/2026 19:04,?0.00
3525,TXN2026103524,USR3522,MER26,Food & Dining,PPI Wallet UPI,"?4,787.74",Success,8/13/2026 19:56,?52.67
3526,TXN2026103525,USR4766,MER14,Groceries & Supermarkets,PPI Wallet UPI,"?13,286.08",Success,9/6/2026 3:35,?146.15
3527,TXN2026103526,USR2129,MER40,Groceries & Supermarkets,Bank UPI (Direct),"?11,308.27",Success,8/30/2026 15:30,?0.00
3528,TXN2026103527,USR1529,MER29,Food & Dining,PPI Wallet UPI,"?6,679.19",Success,9/2/2026 8:46,?73.47
3529,TXN2026103528,USR2593,MER45,Electronics & Gadgets,Bank UPI (Direct),"?3,012.52",Success,8/24/2026 14:03,?0.00
3530,TXN2026103529,USR4553,MER11,Groceries & Supermarkets,Bank UPI (Direct),"?14,174.88",Failed,8/29/2026 23:10,?0.00
3531,TXN2026103530,USR3985,MER36,Electronics & Gadgets,PPI Wallet UPI,"?1,836.07",Success,9/4/2026 5:17,?0.00
3532,TXN2026103531,USR4255,MER16,Groceries & Supermarkets,PPI Wallet UPI,"?8,737.83",Success,8/17/2026 5:15,?96.12
3533,TXN2026103532,USR2084,MER37,Groceries & Supermarkets,Bank UPI (Direct),"?8,000.82",Success,9/15/2026 0:24,?0.00
3534,TXN2026103533,USR2144,MER50,Groceries & Supermarkets,PPI Wallet UPI,"?10,604.78",Success,9/12/2026 16:42,?116.65
3535,TXN2026103534,USR1683,MER24,Groceries & Supermarkets,Bank UPI (Direct),"?2,766.16",Success,9/15/2026 20:03,?0.00
3536,TXN2026103535,USR2384,MER41,Groceries & Supermarkets,Bank UPI (Direct),"?6,385.92",Success,8/2/2026 23:56,?0.00
3537,TXN2026103536,USR1833,MER23,Electronics & Gadgets,Credit Card on UPI,"?1,991.03",Success,8/22/2026 13:22,?0.00
3538,TXN2026103537,USR2389,MER31,Travel & Hospitality,PPI Wallet UPI,"?3,545.53",Success,8/10/2026 2:14,?39.00
3539,TXN2026103538,USR2509,MER10,Groceries & Supermarkets,PPI Wallet UPI,"?1,584.72",Success,8/31/2026 12:43,?0.00
3540,TXN2026103539,USR1133,MER31,Food & Dining,Bank UPI (Direct),"?9,130.73",Success,8/27/2026 13:23,?0.00
3541,TXN2026103540,USR3593,MER22,Groceries & Supermarkets,Bank UPI (Direct),?262.20,Success,8/27/2026 0:18,?0.00
3542,TXN2026103541,USR3975,MER40,Food & Dining,Bank UPI (Direct),"?13,289.44",Success,8/13/2026 9:03,?0.00
3543,TXN2026103542,USR1585,MER40,Groceries & Supermarkets,Bank UPI (Direct),"?14,299.72",Success,8/2/2026 20:46,?0.00
3544,TXN2026103543,USR4517,MER27,Groceries & Supermarkets,Bank UPI (Direct),"?2,168.97",Success,8/21/2026 6:39,?0.00
3545,TXN2026103544,USR3760,MER10,Food & Dining,Bank UPI (Direct),"?12,018.65",Success,8/18/2026 2:21,?0.00
3546,TXN2026103545,USR3806,MER36,Groceries & Supermarkets,Credit Card on UPI,"?10,687.98",Success,8/19/2026 1:04,?0.00
3547,TXN2026103546,USR3149,MER38,Groceries & Supermarkets,Credit Card on UPI,"?14,053.77",Success,8/18/2026 7:19,?0.00
3548,TXN2026103547,USR1418,MER50,Electronics & Gadgets,Bank UPI (Direct),"?10,351.75",Success,8/17/2026 16:34,?0.00
3549,TXN2026103548,USR2363,MER24,Electronics & Gadgets,Bank UPI (Direct),"?2,204.90",Success,8/2/2026 9:05,?0.00
3550,TXN2026103549,USR4043,MER17,Travel & Hospitality,Bank UPI (Direct),"?11,181.31",Success,8/23/2026 18:21,?0.00
3551,TXN2026103550,USR2442,MER19,Travel & Hospitality,Bank UPI (Direct),"?6,810.88",Success,9/14/2026 3:59,?0.00
3552,TXN2026103551,USR1643,MER21,Groceries & Supermarkets,Bank UPI (Direct),"?10,538.48",Success,9/4/2026 4:04,?0.00
3553,TXN2026103552,USR1521,MER41,Electronics & Gadgets,PPI Wallet UPI,"?1,222.84",Success,9/7/2026 10:45,?0.00
3554,TXN2026103553,USR1968,MER35,Groceries & Supermarkets,PPI Wallet UPI,"?13,849.28",Success,8/22/2026 17:59,?152.34
3555,TXN2026103554,USR1356,MER34,Electronics & Gadgets,Bank UPI (Direct),"?6,526.96",Success,8/29/2026 6:26,?0.00
3556,TXN2026103555,USR2436,MER49,Groceries & Supermarkets,Bank UPI (Direct),"?14,981.99",Success,8/20/2026 19:43,?0.00
3557,TXN2026103556,USR2678,MER24,Electronics & Gadgets,Bank UPI (Direct),"?7,299.38",Success,8/16/2026 12:55,?0.00
3558,TXN2026103557,USR2656,MER41,Groceries & Supermarkets,Bank UPI (Direct),"?6,477.54",Success,9/2/2026 7:56,?0.00
3559,TXN2026103558,USR1006,MER19,Food & Dining,Bank UPI (Direct),"?11,385.93",Success,9/5/2026 8:05,?0.00
3560,TXN2026103559,USR3234,MER39,Groceries & Supermarkets,Bank UPI (Direct),"?2,968.19",Success,8/30/2026 5:20,?0.00
3561,TXN2026103560,USR3691,MER33,Groceries & Supermarkets,PPI Wallet UPI,"?13,891.62",Success,8/25/2026 9:17,?152.81
3562,TXN2026103561,USR1769,MER24,Travel & Hospitality,Credit Card on UPI,"?11,262.89",Success,9/7/2026 13:47,?0.00
3563,TXN2026103562,USR2172,MER31,Electronics & Gadgets,Bank UPI (Direct),"?12,056.86",Success,9/8/2026 6:05,?0.00
3564,TXN2026103563,USR1838,MER39,Food & Dining,PPI Wallet UPI,"?11,913.58",Success,8/22/2026 15:39,?131.05
3565,TXN2026103564,USR2935,MER50,Groceries & Supermarkets,Bank UPI (Direct),"?6,072.28",Success,8/9/2026 6:42,?0.00
3566,TXN2026103565,USR4419,MER37,Electronics & Gadgets,Credit Card on UPI,"?14,262.58",Success,9/10/2026 20:21,?0.00
3567,TXN2026103566,USR2951,MER35,Groceries & Supermarkets,Bank UPI (Direct),"?7,793.58",Success,8/23/2026 19:03,?0.00
3568,TXN2026103567,USR2673,MER23,Travel & Hospitality,Bank UPI (Direct),"?4,184.70",Success,8/26/2026 18:28,?0.00
3569,TXN2026103568,USR4125,MER40,Groceries & Supermarkets,PPI Wallet UPI,"?14,000.23",Success,8/26/2026 10:10,?154.00
3570,TXN2026103569,USR4952,MER16,Food & Dining,PPI Wallet UPI,"?7,970.34",Failed,8/24/2026 11:05,?0.00
3571,TXN2026103570,USR2743,MER11,Travel & Hospitality,PPI Wallet UPI,"?9,447.17",Failed,8/10/2026 21:04,?0.00
3572,TXN2026103571,USR4136,MER32,Travel & Hospitality,Bank UPI (Direct),"?11,283.23",Success,8/20/2026 21:14,?0.00
3573,TXN2026103572,USR2001,MER10,Groceries & Supermarkets,PPI Wallet UPI,"?14,607.87",Success,8/20/2026 15:14,?160.69
3574,TXN2026103573,USR2198,MER34,Groceries & Supermarkets,PPI Wallet UPI,"?11,214.56",Failed,8/22/2026 10:13,?0.00
3575,TXN2026103574,USR2432,MER38,Food & Dining,Bank UPI (Direct),"?5,251.64",Success,8/5/2026 16:11,?0.00
3576,TXN2026103575,USR1971,MER47,Travel & Hospitality,PPI Wallet UPI,"?1,855.59",Success,8/13/2026 15:30,?0.00
3577,TXN2026103576,USR4347,MER24,Groceries & Supermarkets,Bank UPI (Direct),"?2,855.10",Success,8/20/2026 1:01,?0.00
3578,TXN2026103577,USR4985,MER15,Food & Dining,PPI Wallet UPI,"?8,211.09",Success,8/14/2026 0:09,?90.32
3579,TXN2026103578,USR2572,MER33,Groceries & Supermarkets,Credit Card on UPI,"?9,185.87",Success,9/8/2026 11:13,?0.00
3580,TXN2026103579,USR4485,MER27,Food & Dining,Bank UPI (Direct),"?4,654.63",Success,8/8/2026 22:54,?0.00
3581,TXN2026103580,USR1745,MER14,Electronics & Gadgets,Bank UPI (Direct),"?7,068.43",Success,8/31/2026 20:33,?0.00
3582,TXN2026103581,USR4083,MER41,Food & Dining,Bank UPI (Direct),"?12,595.51",Success,8/16/2026 20:15,?0.00
3583,TXN2026103582,USR1025,MER50,Groceries & Supermarkets,Bank UPI (Direct),"?5,945.72",Failed,8/1/2026 16:46,?0.00
3584,TXN2026103583,USR1343,MER29,Groceries & Supermarkets,Bank UPI (Direct),"?8,084.29",Success,8/2/2026 0:51,?0.00
3585,TXN2026103584,USR3314,MER30,Travel & Hospitality,Bank UPI (Direct),"?11,757.21",Success,9/14/2026 9:32,?0.00
3586,TXN2026103585,USR2214,MER47,Travel & Hospitality,Bank UPI (Direct),"?10,621.89",Success,8/7/2026 11:25,?0.00
3587,TXN2026103586,USR1172,MER12,Travel & Hospitality,PPI Wallet UPI,"?8,431.17",Success,8/28/2026 19:00,?92.74
3588,TXN2026103587,USR3756,MER38,Travel & Hospitality,PPI Wallet UPI,"?7,900.60",Success,9/6/2026 11:30,?86.91
3589,TXN2026103588,USR3918,MER46,Travel & Hospitality,Bank UPI (Direct),"?14,859.20",Success,8/16/2026 13:38,?0.00
3590,TXN2026103589,USR1412,MER41,Groceries & Supermarkets,Bank UPI (Direct),"?1,114.43",Success,8/22/2026 19:07,?0.00
3591,TXN2026103590,USR1973,MER23,Food & Dining,Bank UPI (Direct),"?1,953.67",Success,9/7/2026 17:23,?0.00
3592,TXN2026103591,USR3935,MER43,Electronics & Gadgets,PPI Wallet UPI,"?1,391.94",Success,9/5/2026 0:51,?0.00
3593,TXN2026103592,USR4420,MER39,Travel & Hospitality,PPI Wallet UPI,"?10,063.26",Success,8/28/2026 16:34,?110.70
3594,TXN2026103593,USR1747,MER26,Groceries & Supermarkets,Bank UPI (Direct),"?8,194.63",Success,9/4/2026 9:01,?0.00
3595,TXN2026103594,USR2068,MER10,Electronics & Gadgets,PPI Wallet UPI,"?2,775.84",Success,8/8/2026 9:48,?30.53
3596,TXN2026103595,USR3366,MER33,Groceries & Supermarkets,Credit Card on UPI,"?11,835.43",Success,8/10/2026 7:41,?0.00
3597,TXN2026103596,USR2192,MER22,Electronics & Gadgets,PPI Wallet UPI,"?7,418.57",Success,8/5/2026 23:36,?81.60
3598,TXN2026103597,USR4502,MER31,Groceries & Supermarkets,Credit Card on UPI,"?13,159.31",Success,8/24/2026 9:33,?0.00
3599,TXN2026103598,USR4107,MER24,Food & Dining,PPI Wallet UPI,"?8,897.52",Success,9/2/2026 20:14,?97.87
3600,TXN2026103599,USR2546,MER27,Groceries & Supermarkets,Credit Card on UPI,"?13,402.67",Failed,8/2/2026 6:29,?0.00
3601,TXN2026103600,USR2296,MER27,Travel & Hospitality,PPI Wallet UPI,"?5,344.79",Failed,8/16/2026 18:43,?0.00
3602,TXN2026103601,USR4499,MER25,Groceries & Supermarkets,PPI Wallet UPI,"?2,457.90",Success,8/21/2026 10:57,?27.04
3603,TXN2026103602,USR2110,MER50,Groceries & Supermarkets,Bank UPI (Direct),"?10,157.51",Success,8/27/2026 14:28,?0.00
3604,TXN2026103603,USR2535,MER30,Groceries & Supermarkets,PPI Wallet UPI,"?4,456.43",Success,8/9/2026 2:54,?49.02
3605,TXN2026103604,USR3700,MER16,Groceries & Supermarkets,Bank UPI (Direct),"?6,995.74",Success,9/7/2026 13:18,?0.00
3606,TXN2026103605,USR4226,MER18,Groceries & Supermarkets,PPI Wallet UPI,"?1,775.98",Success,8/22/2026 20:13,?0.00
3607,TXN2026103606,USR2103,MER16,Electronics & Gadgets,Bank UPI (Direct),?104.96,Success,8/31/2026 16:08,?0.00
3608,TXN2026103607,USR1827,MER44,Food & Dining,Bank UPI (Direct),"?11,266.38",Success,9/14/2026 5:34,?0.00
3609,TXN2026103608,USR1467,MER19,Groceries & Supermarkets,Bank UPI (Direct),"?4,796.17",Success,8/5/2026 23:42,?0.00
3610,TXN2026103609,USR3448,MER21,Groceries & Supermarkets,PPI Wallet UPI,"?4,864.59",Success,8/25/2026 8:04,?53.51
3611,TXN2026103610,USR1457,MER15,Food & Dining,Credit Card on UPI,"?12,306.27",Success,9/1/2026 15:36,?0.00
3612,TXN2026103611,USR3207,MER39,Groceries & Supermarkets,PPI Wallet UPI,"?7,804.32",Success,8/22/2026 13:59,?85.85
3613,TXN2026103612,USR4227,MER36,Groceries & Supermarkets,Bank UPI (Direct),"?4,866.39",Success,9/11/2026 13:29,?0.00
3614,TXN2026103613,USR3484,MER42,Food & Dining,Bank UPI (Direct),"?11,110.57",Success,9/7/2026 14:41,?0.00
3615,TXN2026103614,USR3127,MER21,Travel & Hospitality,PPI Wallet UPI,"?5,874.20",Success,8/29/2026 14:26,?64.62
3616,TXN2026103615,USR1841,MER47,Groceries & Supermarkets,Bank UPI (Direct),"?12,762.93",Success,8/21/2026 2:44,?0.00
3617,TXN2026103616,USR1106,MER47,Groceries & Supermarkets,Bank UPI (Direct),"?14,823.94",Success,8/4/2026 16:58,?0.00
3618,TXN2026103617,USR4160,MER43,Groceries & Supermarkets,Bank UPI (Direct),"?7,985.24",Success,9/10/2026 20:01,?0.00
3619,TXN2026103618,USR1227,MER19,Electronics & Gadgets,Bank UPI (Direct),"?8,653.55",Success,9/14/2026 23:31,?0.00
3620,TXN2026103619,USR3464,MER11,Groceries & Supermarkets,PPI Wallet UPI,"?4,736.15",Success,8/6/2026 5:13,?52.10
3621,TXN2026103620,USR3662,MER22,Groceries & Supermarkets,PPI Wallet UPI,"?9,425.37",Success,9/8/2026 22:00,?103.68
3622,TXN2026103621,USR2359,MER27,Travel & Hospitality,Bank UPI (Direct),"?4,126.31",Success,8/6/2026 9:23,?0.00
3623,TXN2026103622,USR2415,MER27,Groceries & Supermarkets,Bank UPI (Direct),"?10,140.93",Success,9/10/2026 1:31,?0.00
3624,TXN2026103623,USR4128,MER21,Food & Dining,Bank UPI (Direct),"?5,855.96",Success,9/15/2026 9:33,?0.00
3625,TXN2026103624,USR1542,MER42,Food & Dining,PPI Wallet UPI,"?5,796.69",Success,8/3/2026 22:16,?63.76
3626,TXN2026103625,USR4812,MER23,Food & Dining,Credit Card on UPI,"?6,477.06",Failed,8/5/2026 23:48,?0.00
3627,TXN2026103626,USR2625,MER27,Food & Dining,PPI Wallet UPI,"?2,282.09",Success,8/6/2026 23:28,?25.10
3628,TXN2026103627,USR2244,MER14,Groceries & Supermarkets,Bank UPI (Direct),"?9,498.86",Failed,8/11/2026 22:04,?0.00
3629,TXN2026103628,USR3991,MER45,Travel & Hospitality,PPI Wallet UPI,"?2,899.42",Success,8/18/2026 18:11,?31.89
3630,TXN2026103629,USR3851,MER45,Electronics & Gadgets,PPI Wallet UPI,"?4,775.99",Success,9/6/2026 3:05,?52.54
3631,TXN2026103630,USR2774,MER23,Travel & Hospitality,PPI Wallet UPI,"?13,727.07",Success,8/30/2026 14:27,?151.00
3632,TXN2026103631,USR1366,MER24,Groceries & Supermarkets,Bank UPI (Direct),"?8,759.46",Success,9/5/2026 8:56,?0.00
3633,TXN2026103632,USR1398,MER35,Groceries & Supermarkets,Bank UPI (Direct),"?3,768.46",Success,8/21/2026 13:05,?0.00
3634,TXN2026103633,USR2655,MER37,Groceries & Supermarkets,Bank UPI (Direct),"?1,004.43",Success,9/10/2026 17:45,?0.00
3635,TXN2026103634,USR3103,MER10,Groceries & Supermarkets,Bank UPI (Direct),"?13,944.05",Success,8/5/2026 18:05,?0.00
3636,TXN2026103635,USR2535,MER45,Electronics & Gadgets,Bank UPI (Direct),"?11,806.81",Success,9/1/2026 8:29,?0.00
3637,TXN2026103636,USR3020,MER13,Travel & Hospitality,Credit Card on UPI,"?14,862.23",Success,8/8/2026 7:31,?0.00
3638,TXN2026103637,USR4386,MER42,Groceries & Supermarkets,Credit Card on UPI,"?10,621.27",Success,8/11/2026 10:03,?0.00
3639,TXN2026103638,USR1938,MER26,Food & Dining,Bank UPI (Direct),"?1,344.60",Success,8/9/2026 23:23,?0.00
3640,TXN2026103639,USR4795,MER15,Food & Dining,Bank UPI (Direct),?345.85,Success,8/27/2026 7:59,?0.00
3641,TXN2026103640,USR4395,MER38,Electronics & Gadgets,PPI Wallet UPI,"?11,505.18",Success,9/9/2026 16:38,?126.56
3642,TXN2026103641,USR4883,MER41,Groceries & Supermarkets,Bank UPI (Direct),"?14,866.52",Success,9/3/2026 8:14,?0.00
3643,TXN2026103642,USR4013,MER17,Electronics & Gadgets,PPI Wallet UPI,"?13,618.99",Success,9/5/2026 13:06,?149.81
3644,TXN2026103643,USR2386,MER21,Groceries & Supermarkets,Bank UPI (Direct),"?7,827.14",Success,8/24/2026 2:45,?0.00
3645,TXN2026103644,USR1223,MER26,Electronics & Gadgets,PPI Wallet UPI,"?1,721.30",Success,9/9/2026 19:51,?0.00
3646,TXN2026103645,USR4318,MER29,Groceries & Supermarkets,Bank UPI (Direct),"?9,922.75",Success,8/3/2026 23:10,?0.00
3647,TXN2026103646,USR2481,MER46,Travel & Hospitality,Bank UPI (Direct),"?9,860.99",Success,8/30/2026 10:32,?0.00
3648,TXN2026103647,USR4203,MER34,Groceries & Supermarkets,PPI Wallet UPI,"?8,867.69",Success,9/13/2026 6:02,?97.54
3649,TXN2026103648,USR3592,MER12,Travel & Hospitality,PPI Wallet UPI,"?10,251.43",Success,8/24/2026 9:44,?112.77
3650,TXN2026103649,USR1036,MER12,Groceries & Supermarkets,Bank UPI (Direct),"?12,331.12",Success,9/1/2026 19:54,?0.00
3651,TXN2026103650,USR4482,MER21,Electronics & Gadgets,Credit Card on UPI,"?7,235.11",Success,9/6/2026 17:16,?0.00
3652,TXN2026103651,USR4552,MER43,Food & Dining,PPI Wallet UPI,"?12,107.23",Success,8/5/2026 4:35,?133.18
3653,TXN2026103652,USR1046,MER44,Groceries & Supermarkets,PPI Wallet UPI,"?9,561.86",Success,8/19/2026 17:19,?105.18
3654,TXN2026103653,USR3804,MER29,Groceries & Supermarkets,Credit Card on UPI,"?4,520.27",Success,8/25/2026 9:07,?0.00
3655,TXN2026103654,USR3505,MER19,Groceries & Supermarkets,Bank UPI (Direct),"?4,589.23",Success,8/18/2026 9:32,?0.00
3656,TXN2026103655,USR1244,MER20,Electronics & Gadgets,Credit Card on UPI,"?5,320.44",Success,8/31/2026 1:20,?0.00
3657,TXN2026103656,USR1889,MER13,Food & Dining,PPI Wallet UPI,?544.32,Success,8/2/2026 23:31,?0.00
3658,TXN2026103657,USR4691,MER26,Food & Dining,PPI Wallet UPI,"?13,391.93",Success,9/11/2026 15:01,?147.31
3659,TXN2026103658,USR1533,MER43,Groceries & Supermarkets,Bank UPI (Direct),"?6,855.40",Success,9/1/2026 21:42,?0.00
3660,TXN2026103659,USR2655,MER20,Groceries & Supermarkets,Credit Card on UPI,"?11,365.27",Success,9/8/2026 3:12,?0.00
3661,TXN2026103660,USR3297,MER27,Electronics & Gadgets,Bank UPI (Direct),"?6,479.61",Success,8/10/2026 23:12,?0.00
3662,TXN2026103661,USR3810,MER13,Groceries & Supermarkets,Bank UPI (Direct),"?13,636.33",Success,9/14/2026 22:32,?0.00
3663,TXN2026103662,USR4291,MER13,Travel & Hospitality,PPI Wallet UPI,?126.67,Success,8/29/2026 22:52,?0.00
3664,TXN2026103663,USR1916,MER18,Travel & Hospitality,Bank UPI (Direct),"?10,460.79",Success,8/21/2026 22:33,?0.00
3665,TXN2026103664,USR1117,MER17,Electronics & Gadgets,PPI Wallet UPI,"?3,047.76",Success,8/2/2026 13:38,?33.53
3666,TXN2026103665,USR3193,MER24,Groceries & Supermarkets,Bank UPI (Direct),?748.25,Success,9/5/2026 11:55,?0.00
3667,TXN2026103666,USR1237,MER24,Groceries & Supermarkets,PPI Wallet UPI,"?12,393.10",Success,8/11/2026 14:21,?136.32
3668,TXN2026103667,USR3293,MER25,Groceries & Supermarkets,Bank UPI (Direct),"?6,203.64",Success,9/2/2026 6:28,?0.00
3669,TXN2026103668,USR1482,MER24,Electronics & Gadgets,Bank UPI (Direct),"?5,344.53",Success,9/8/2026 8:38,?0.00
3670,TXN2026103669,USR2403,MER19,Travel & Hospitality,Bank UPI (Direct),?264.78,Success,9/10/2026 13:10,?0.00
3671,TXN2026103670,USR4802,MER37,Groceries & Supermarkets,PPI Wallet UPI,"?4,909.37",Success,9/2/2026 3:00,?54.00
3672,TXN2026103671,USR4038,MER20,Electronics & Gadgets,Credit Card on UPI,"?2,897.59",Success,9/12/2026 16:09,?0.00
3673,TXN2026103672,USR1043,MER36,Groceries & Supermarkets,Bank UPI (Direct),"?3,328.68",Success,8/9/2026 17:58,?0.00
3674,TXN2026103673,USR2014,MER45,Electronics & Gadgets,PPI Wallet UPI,"?2,104.73",Success,8/10/2026 1:14,?23.15
3675,TXN2026103674,USR3645,MER43,Groceries & Supermarkets,PPI Wallet UPI,"?6,364.71",Success,8/24/2026 0:29,?70.01
3676,TXN2026103675,USR1698,MER26,Electronics & Gadgets,PPI Wallet UPI,"?7,116.78",Success,9/6/2026 12:47,?78.28
3677,TXN2026103676,USR2073,MER40,Food & Dining,Bank UPI (Direct),?826.36,Success,8/18/2026 0:22,?0.00
3678,TXN2026103677,USR4375,MER39,Groceries & Supermarkets,Credit Card on UPI,"?6,731.59",Success,9/13/2026 0:45,?0.00
3679,TXN2026103678,USR3513,MER21,Electronics & Gadgets,PPI Wallet UPI,"?3,047.07",Success,9/3/2026 3:33,?33.52
3680,TXN2026103679,USR4977,MER48,Groceries & Supermarkets,Credit Card on UPI,"?12,366.23",Pending,8/17/2026 15:02,?0.00
3681,TXN2026103680,USR3056,MER17,Electronics & Gadgets,Bank UPI (Direct),"?6,061.57",Success,8/22/2026 20:22,?0.00
3682,TXN2026103681,USR3476,MER26,Groceries & Supermarkets,Bank UPI (Direct),"?5,847.78",Success,8/7/2026 22:41,?0.00
3683,TXN2026103682,USR3423,MER39,Travel & Hospitality,Credit Card on UPI,"?10,471.32",Success,8/22/2026 10:05,?0.00
3684,TXN2026103683,USR4748,MER22,Groceries & Supermarkets,Bank UPI (Direct),"?3,754.30",Success,8/25/2026 15:10,?0.00
3685,TXN2026103684,USR4415,MER42,Groceries & Supermarkets,PPI Wallet UPI,"?11,784.20",Success,8/1/2026 3:25,?129.63
3686,TXN2026103685,USR2541,MER15,Electronics & Gadgets,PPI Wallet UPI,"?12,577.55",Success,9/13/2026 8:18,?138.35
3687,TXN2026103686,USR4766,MER13,Groceries & Supermarkets,PPI Wallet UPI,"?10,655.37",Success,8/29/2026 20:40,?117.21
3688,TXN2026103687,USR3031,MER16,Groceries & Supermarkets,Bank UPI (Direct),"?8,715.15",Success,9/6/2026 14:05,?0.00
3689,TXN2026103688,USR3160,MER13,Travel & Hospitality,Bank UPI (Direct),"?7,535.70",Success,8/27/2026 2:31,?0.00
3690,TXN2026103689,USR3504,MER20,Travel & Hospitality,Bank UPI (Direct),"?14,933.10",Success,8/3/2026 8:31,?0.00
3691,TXN2026103690,USR3419,MER43,Travel & Hospitality,Bank UPI (Direct),"?8,118.46",Success,8/7/2026 0:32,?0.00
3692,TXN2026103691,USR4325,MER19,Food & Dining,Bank UPI (Direct),"?3,517.92",Success,9/15/2026 15:30,?0.00
3693,TXN2026103692,USR2674,MER49,Groceries & Supermarkets,Bank UPI (Direct),"?12,629.79",Success,8/24/2026 20:56,?0.00
3694,TXN2026103693,USR3393,MER16,Groceries & Supermarkets,Bank UPI (Direct),"?9,693.57",Success,8/6/2026 13:59,?0.00
3695,TXN2026103694,USR2557,MER32,Groceries & Supermarkets,Bank UPI (Direct),"?6,443.07",Success,8/1/2026 17:52,?0.00
3696,TXN2026103695,USR2665,MER42,Food & Dining,PPI Wallet UPI,"?7,021.12",Success,8/14/2026 21:49,?77.23
3697,TXN2026103696,USR4800,MER27,Groceries & Supermarkets,Bank UPI (Direct),"?3,414.15",Success,8/30/2026 13:21,?0.00
3698,TXN2026103697,USR1435,MER23,Groceries & Supermarkets,Bank UPI (Direct),"?2,959.86",Success,8/23/2026 23:49,?0.00
3699,TXN2026103698,USR4318,MER41,Electronics & Gadgets,PPI Wallet UPI,"?12,171.72",Success,9/3/2026 4:23,?133.89
3700,TXN2026103699,USR2188,MER10,Electronics & Gadgets,PPI Wallet UPI,"?5,091.59",Failed,9/3/2026 20:31,?0.00
3701,TXN2026103700,USR3864,MER32,Food & Dining,Bank UPI (Direct),"?3,998.69",Success,9/10/2026 0:04,?0.00
3702,TXN2026103701,USR2180,MER40,Electronics & Gadgets,Bank UPI (Direct),"?3,926.19",Success,8/18/2026 10:58,?0.00
3703,TXN2026103702,USR1937,MER40,Travel & Hospitality,PPI Wallet UPI,"?4,385.91",Success,8/4/2026 11:46,?48.25
3704,TXN2026103703,USR2577,MER39,Groceries & Supermarkets,PPI Wallet UPI,"?6,792.85",Success,8/2/2026 22:25,?74.72
3705,TXN2026103704,USR2645,MER31,Groceries & Supermarkets,PPI Wallet UPI,"?1,528.92",Success,9/13/2026 9:46,?0.00
3706,TXN2026103705,USR2059,MER16,Food & Dining,Bank UPI (Direct),"?12,120.29",Success,9/1/2026 22:17,?0.00
3707,TXN2026103706,USR3859,MER19,Food & Dining,Credit Card on UPI,"?14,289.46",Success,8/12/2026 9:41,?0.00
3708,TXN2026103707,USR1780,MER13,Groceries & Supermarkets,Bank UPI (Direct),"?9,014.01",Success,8/25/2026 17:12,?0.00
3709,TXN2026103708,USR4122,MER19,Travel & Hospitality,PPI Wallet UPI,?650.80,Success,8/26/2026 15:33,?0.00
3710,TXN2026103709,USR2345,MER31,Travel & Hospitality,Credit Card on UPI,"?9,774.37",Success,9/11/2026 19:37,?0.00
3711,TXN2026103710,USR3531,MER11,Groceries & Supermarkets,PPI Wallet UPI,"?1,214.30",Failed,9/9/2026 18:08,?0.00
3712,TXN2026103711,USR1251,MER20,Food & Dining,Bank UPI (Direct),?938.01,Success,8/21/2026 7:27,?0.00
3713,TXN2026103712,USR4663,MER50,Travel & Hospitality,PPI Wallet UPI,"?11,192.65",Success,8/4/2026 5:30,?123.12
3714,TXN2026103713,USR1811,MER21,Food & Dining,PPI Wallet UPI,"?3,944.35",Success,8/1/2026 17:57,?43.39
3715,TXN2026103714,USR3920,MER23,Travel & Hospitality,Bank UPI (Direct),"?9,681.49",Success,8/26/2026 12:35,?0.00
3716,TXN2026103715,USR1830,MER48,Electronics & Gadgets,Bank UPI (Direct),"?3,923.73",Failed,8/6/2026 20:13,?0.00
3717,TXN2026103716,USR3561,MER30,Travel & Hospitality,Credit Card on UPI,"?4,890.70",Success,9/11/2026 20:08,?0.00
3718,TXN2026103717,USR3224,MER13,Travel & Hospitality,PPI Wallet UPI,"?14,603.67",Success,8/24/2026 8:08,?160.64
3719,TXN2026103718,USR3701,MER26,Groceries & Supermarkets,PPI Wallet UPI,"?4,978.73",Failed,8/8/2026 9:13,?0.00
3720,TXN2026103719,USR3202,MER17,Food & Dining,PPI Wallet UPI,"?1,356.45",Success,8/29/2026 19:10,?0.00
3721,TXN2026103720,USR3359,MER31,Groceries & Supermarkets,Bank UPI (Direct),"?5,370.71",Success,8/9/2026 6:59,?0.00
3722,TXN2026103721,USR1301,MER12,Food & Dining,PPI Wallet UPI,"?13,563.85",Success,8/10/2026 21:29,?149.20
3723,TXN2026103722,USR4767,MER33,Food & Dining,Bank UPI (Direct),"?14,923.75",Success,9/15/2026 9:18,?0.00
3724,TXN2026103723,USR2186,MER32,Groceries & Supermarkets,Bank UPI (Direct),"?8,194.43",Success,8/6/2026 20:19,?0.00
3725,TXN2026103724,USR2596,MER40,Groceries & Supermarkets,Credit Card on UPI,"?6,879.92",Success,8/4/2026 17:22,?0.00
3726,TXN2026103725,USR2203,MER37,Groceries & Supermarkets,Bank UPI (Direct),"?2,916.13",Success,8/1/2026 15:20,?0.00
3727,TXN2026103726,USR1605,MER21,Food & Dining,Bank UPI (Direct),"?6,841.76",Failed,8/2/2026 9:05,?0.00
3728,TXN2026103727,USR2784,MER35,Travel & Hospitality,Bank UPI (Direct),"?11,261.59",Success,8/28/2026 5:33,?0.00
3729,TXN2026103728,USR3480,MER14,Food & Dining,Bank UPI (Direct),"?12,785.61",Success,8/2/2026 10:50,?0.00
3730,TXN2026103729,USR3558,MER29,Groceries & Supermarkets,Credit Card on UPI,"?2,932.80",Success,8/30/2026 13:08,?0.00
3731,TXN2026103730,USR1927,MER13,Groceries & Supermarkets,Bank UPI (Direct),"?13,917.40",Success,8/26/2026 1:19,?0.00
3732,TXN2026103731,USR1482,MER44,Groceries & Supermarkets,Bank UPI (Direct),"?3,254.71",Success,8/10/2026 10:10,?0.00
3733,TXN2026103732,USR3235,MER45,Groceries & Supermarkets,Bank UPI (Direct),"?12,296.69",Success,8/24/2026 18:40,?0.00
3734,TXN2026103733,USR3150,MER28,Electronics & Gadgets,Bank UPI (Direct),"?4,030.55",Success,9/4/2026 2:25,?0.00
3735,TXN2026103734,USR2426,MER34,Groceries & Supermarkets,PPI Wallet UPI,"?1,012.27",Success,8/17/2026 6:38,?0.00
3736,TXN2026103735,USR3895,MER38,Travel & Hospitality,Credit Card on UPI,"?8,649.40",Success,8/21/2026 16:29,?0.00
3737,TXN2026103736,USR1220,MER10,Groceries & Supermarkets,Bank UPI (Direct),"?1,648.39",Success,8/23/2026 3:13,?0.00
3738,TXN2026103737,USR1511,MER46,Food & Dining,PPI Wallet UPI,"?6,905.66",Success,9/7/2026 19:31,?75.96
3739,TXN2026103738,USR3272,MER26,Food & Dining,Credit Card on UPI,?753.12,Success,8/9/2026 2:56,?0.00
3740,TXN2026103739,USR1050,MER17,Food & Dining,Bank UPI (Direct),"?8,265.11",Success,8/25/2026 23:01,?0.00
3741,TXN2026103740,USR4909,MER43,Electronics & Gadgets,Bank UPI (Direct),"?8,944.07",Success,9/7/2026 9:36,?0.00
3742,TXN2026103741,USR3242,MER30,Travel & Hospitality,PPI Wallet UPI,"?13,741.74",Success,8/24/2026 16:32,?151.16
3743,TXN2026103742,USR1857,MER23,Groceries & Supermarkets,Credit Card on UPI,"?6,300.17",Success,9/13/2026 22:25,?0.00
3744,TXN2026103743,USR3715,MER47,Electronics & Gadgets,Bank UPI (Direct),"?7,879.15",Pending,8/29/2026 2:36,?0.00
3745,TXN2026103744,USR3114,MER17,Groceries & Supermarkets,Credit Card on UPI,"?12,643.20",Success,8/11/2026 8:06,?0.00
3746,TXN2026103745,USR1236,MER35,Travel & Hospitality,Bank UPI (Direct),"?2,947.01",Success,8/13/2026 10:03,?0.00
3747,TXN2026103746,USR2308,MER29,Groceries & Supermarkets,PPI Wallet UPI,"?9,730.76",Success,8/11/2026 23:31,?107.04
3748,TXN2026103747,USR2538,MER15,Groceries & Supermarkets,PPI Wallet UPI,?599.38,Success,9/15/2026 6:35,?0.00
3749,TXN2026103748,USR4076,MER29,Groceries & Supermarkets,Bank UPI (Direct),"?2,836.73",Success,8/10/2026 15:32,?0.00
3750,TXN2026103749,USR4420,MER32,Food & Dining,Bank UPI (Direct),"?7,087.35",Success,8/28/2026 12:52,?0.00
3751,TXN2026103750,USR4143,MER27,Electronics & Gadgets,PPI Wallet UPI,"?7,773.83",Success,9/2/2026 7:04,?85.51
3752,TXN2026103751,USR1601,MER25,Groceries & Supermarkets,PPI Wallet UPI,"?9,280.63",Success,8/25/2026 15:38,?102.09
3753,TXN2026103752,USR3979,MER47,Electronics & Gadgets,PPI Wallet UPI,?170.67,Success,8/26/2026 23:35,?0.00
3754,TXN2026103753,USR2212,MER31,Groceries & Supermarkets,Bank UPI (Direct),"?2,832.27",Failed,9/7/2026 17:54,?0.00
3755,TXN2026103754,USR2998,MER43,Food & Dining,PPI Wallet UPI,"?3,323.40",Success,8/5/2026 20:25,?36.56
3756,TXN2026103755,USR4398,MER31,Electronics & Gadgets,PPI Wallet UPI,"?9,608.36",Success,8/4/2026 17:52,?105.69
3757,TXN2026103756,USR4689,MER17,Travel & Hospitality,PPI Wallet UPI,"?12,407.79",Success,8/26/2026 10:09,?136.49
3758,TXN2026103757,USR2644,MER39,Groceries & Supermarkets,Bank UPI (Direct),"?1,718.37",Success,8/25/2026 6:23,?0.00
3759,TXN2026103758,USR1949,MER36,Food & Dining,Bank UPI (Direct),"?7,739.39",Failed,8/30/2026 17:07,?0.00
3760,TXN2026103759,USR1761,MER23,Groceries & Supermarkets,Bank UPI (Direct),"?9,708.45",Success,8/28/2026 4:23,?0.00
3761,TXN2026103760,USR3934,MER25,Groceries & Supermarkets,PPI Wallet UPI,"?3,582.93",Success,9/2/2026 22:07,?39.41
3762,TXN2026103761,USR2550,MER19,Food & Dining,PPI Wallet UPI,?935.30,Success,9/12/2026 21:31,?0.00
3763,TXN2026103762,USR2264,MER47,Groceries & Supermarkets,PPI Wallet UPI,"?8,524.39",Success,8/12/2026 1:58,?93.77
3764,TXN2026103763,USR3487,MER11,Groceries & Supermarkets,Bank UPI (Direct),"?9,822.47",Success,9/14/2026 22:44,?0.00
3765,TXN2026103764,USR2929,MER36,Groceries & Supermarkets,PPI Wallet UPI,"?7,120.30",Success,8/28/2026 13:40,?78.32
3766,TXN2026103765,USR1321,MER40,Electronics & Gadgets,PPI Wallet UPI,"?9,507.23",Failed,8/21/2026 5:09,?0.00
3767,TXN2026103766,USR4050,MER20,Groceries & Supermarkets,PPI Wallet UPI,"?5,804.76",Success,9/5/2026 19:08,?63.85
3768,TXN2026103767,USR2378,MER13,Electronics & Gadgets,Bank UPI (Direct),"?4,901.09",Success,8/21/2026 0:03,?0.00
3769,TXN2026103768,USR3432,MER38,Food & Dining,PPI Wallet UPI,"?3,093.51",Success,8/15/2026 15:05,?34.03
3770,TXN2026103769,USR4772,MER41,Groceries & Supermarkets,PPI Wallet UPI,"?11,512.88",Success,8/14/2026 17:43,?126.64
3771,TXN2026103770,USR4253,MER46,Food & Dining,Credit Card on UPI,"?8,420.28",Success,8/11/2026 8:33,?0.00
3772,TXN2026103771,USR3604,MER12,Groceries & Supermarkets,Bank UPI (Direct),"?8,858.43",Pending,8/12/2026 10:05,?0.00
3773,TXN2026103772,USR4955,MER30,Groceries & Supermarkets,Bank UPI (Direct),"?8,058.41",Failed,9/14/2026 8:12,?0.00
3774,TXN2026103773,USR4542,MER30,Food & Dining,Bank UPI (Direct),"?12,770.02",Success,8/14/2026 12:53,?0.00
3775,TXN2026103774,USR4170,MER12,Groceries & Supermarkets,Bank UPI (Direct),"?4,066.89",Success,8/19/2026 5:11,?0.00
3776,TXN2026103775,USR1009,MER46,Electronics & Gadgets,Bank UPI (Direct),"?12,204.92",Success,8/24/2026 8:08,?0.00
3777,TXN2026103776,USR1870,MER34,Food & Dining,Bank UPI (Direct),"?14,027.32",Success,8/23/2026 22:43,?0.00
3778,TXN2026103777,USR4382,MER39,Groceries & Supermarkets,Bank UPI (Direct),"?14,146.82",Success,8/5/2026 7:54,?0.00
3779,TXN2026103778,USR4169,MER42,Food & Dining,Bank UPI (Direct),"?12,304.84",Success,8/19/2026 6:50,?0.00
3780,TXN2026103779,USR4016,MER22,Groceries & Supermarkets,PPI Wallet UPI,"?12,692.59",Success,8/24/2026 12:25,?139.62
3781,TXN2026103780,USR4499,MER37,Travel & Hospitality,Bank UPI (Direct),"?10,402.49",Success,8/29/2026 10:50,?0.00
3782,TXN2026103781,USR3309,MER26,Travel & Hospitality,PPI Wallet UPI,"?11,471.35",Success,9/1/2026 0:14,?126.18
3783,TXN2026103782,USR1264,MER34,Groceries & Supermarkets,PPI Wallet UPI,"?2,828.07",Success,8/20/2026 6:08,?31.11
3784,TXN2026103783,USR1547,MER47,Groceries & Supermarkets,Credit Card on UPI,"?1,367.80",Success,8/24/2026 17:43,?0.00
3785,TXN2026103784,USR4384,MER37,Travel & Hospitality,PPI Wallet UPI,"?7,171.06",Success,8/22/2026 17:48,?78.88
3786,TXN2026103785,USR3911,MER32,Groceries & Supermarkets,PPI Wallet UPI,"?2,003.57",Success,8/7/2026 18:26,?22.04
3787,TXN2026103786,USR2892,MER31,Electronics & Gadgets,Bank UPI (Direct),"?4,089.99",Success,8/3/2026 8:14,?0.00
3788,TXN2026103787,USR2877,MER35,Travel & Hospitality,Bank UPI (Direct),"?12,891.69",Success,9/1/2026 2:43,?0.00
3789,TXN2026103788,USR4047,MER12,Groceries & Supermarkets,PPI Wallet UPI,"?1,282.71",Failed,9/12/2026 9:44,?0.00
3790,TXN2026103789,USR1667,MER49,Electronics & Gadgets,Bank UPI (Direct),"?11,541.50",Success,8/10/2026 22:37,?0.00
3791,TXN2026103790,USR2978,MER48,Travel & Hospitality,Bank UPI (Direct),"?11,115.32",Success,8/17/2026 4:48,?0.00
3792,TXN2026103791,USR1547,MER50,Groceries & Supermarkets,PPI Wallet UPI,"?3,546.47",Success,8/11/2026 5:53,?39.01
3793,TXN2026103792,USR1810,MER45,Groceries & Supermarkets,Bank UPI (Direct),"?11,359.81",Success,8/31/2026 14:52,?0.00
3794,TXN2026103793,USR3774,MER29,Travel & Hospitality,Bank UPI (Direct),"?6,506.91",Success,9/1/2026 4:09,?0.00
3795,TXN2026103794,USR3670,MER23,Groceries & Supermarkets,Bank UPI (Direct),"?1,694.08",Success,8/11/2026 2:37,?0.00
3796,TXN2026103795,USR4419,MER31,Groceries & Supermarkets,Bank UPI (Direct),"?11,379.61",Success,8/16/2026 16:24,?0.00
3797,TXN2026103796,USR3321,MER49,Electronics & Gadgets,Bank UPI (Direct),"?13,585.50",Success,8/16/2026 5:58,?0.00
3798,TXN2026103797,USR1532,MER32,Groceries & Supermarkets,Credit Card on UPI,"?4,791.79",Success,9/5/2026 5:04,?0.00
3799,TXN2026103798,USR2023,MER17,Groceries & Supermarkets,PPI Wallet UPI,"?10,143.51",Success,8/21/2026 15:06,?111.58
3800,TXN2026103799,USR1948,MER27,Electronics & Gadgets,PPI Wallet UPI,"?6,404.72",Success,8/10/2026 2:22,?70.45
3801,TXN2026103800,USR4758,MER48,Electronics & Gadgets,Bank UPI (Direct),"?11,776.30",Success,8/6/2026 7:54,?0.00
3802,TXN2026103801,USR3918,MER25,Groceries & Supermarkets,PPI Wallet UPI,"?8,361.32",Success,9/15/2026 20:01,?91.97
3803,TXN2026103802,USR1990,MER31,Electronics & Gadgets,Bank UPI (Direct),"?10,568.36",Success,9/6/2026 18:22,?0.00
3804,TXN2026103803,USR2295,MER13,Travel & Hospitality,PPI Wallet UPI,"?11,687.26",Success,9/14/2026 13:23,?128.56
3805,TXN2026103804,USR4929,MER45,Groceries & Supermarkets,Credit Card on UPI,"?14,073.80",Success,8/24/2026 19:03,?0.00
3806,TXN2026103805,USR3376,MER24,Electronics & Gadgets,Bank UPI (Direct),"?13,947.68",Success,8/1/2026 18:12,?0.00
3807,TXN2026103806,USR1135,MER44,Travel & Hospitality,Bank UPI (Direct),"?4,762.59",Success,8/1/2026 19:14,?0.00
3808,TXN2026103807,USR4332,MER47,Electronics & Gadgets,PPI Wallet UPI,"?9,580.30",Failed,8/11/2026 8:45,?0.00
3809,TXN2026103808,USR2946,MER39,Electronics & Gadgets,Credit Card on UPI,"?6,927.23",Success,8/11/2026 12:17,?0.00
3810,TXN2026103809,USR4517,MER19,Groceries & Supermarkets,Bank UPI (Direct),"?12,890.95",Success,9/6/2026 13:54,?0.00
3811,TXN2026103810,USR2999,MER10,Food & Dining,Bank UPI (Direct),"?4,353.51",Success,8/25/2026 11:03,?0.00
3812,TXN2026103811,USR4062,MER44,Electronics & Gadgets,PPI Wallet UPI,?92.73,Success,8/20/2026 12:30,?0.00
3813,TXN2026103812,USR4350,MER15,Groceries & Supermarkets,Bank UPI (Direct),"?14,758.26",Success,8/16/2026 11:54,?0.00
3814,TXN2026103813,USR1385,MER34,Groceries & Supermarkets,Bank UPI (Direct),"?3,670.61",Success,8/3/2026 19:00,?0.00
3815,TXN2026103814,USR3852,MER24,Electronics & Gadgets,Bank UPI (Direct),"?4,116.51",Success,9/2/2026 7:29,?0.00
3816,TXN2026103815,USR1939,MER46,Groceries & Supermarkets,Bank UPI (Direct),?628.73,Success,8/22/2026 19:21,?0.00
3817,TXN2026103816,USR1158,MER10,Groceries & Supermarkets,Bank UPI (Direct),"?8,875.71",Success,9/13/2026 16:24,?0.00
3818,TXN2026103817,USR2406,MER33,Groceries & Supermarkets,Credit Card on UPI,"?6,749.64",Success,8/3/2026 23:04,?0.00
3819,TXN2026103818,USR2036,MER14,Electronics & Gadgets,Bank UPI (Direct),"?4,900.72",Success,8/28/2026 5:13,?0.00
3820,TXN2026103819,USR4662,MER21,Groceries & Supermarkets,PPI Wallet UPI,"?3,369.36",Success,8/22/2026 10:02,?37.06
3821,TXN2026103820,USR4899,MER39,Food & Dining,PPI Wallet UPI,"?12,525.72",Success,8/19/2026 4:57,?137.78
3822,TXN2026103821,USR4854,MER34,Groceries & Supermarkets,PPI Wallet UPI,?903.44,Failed,8/9/2026 11:05,?0.00
3823,TXN2026103822,USR4015,MER41,Groceries & Supermarkets,Bank UPI (Direct),"?5,835.57",Success,8/18/2026 18:31,?0.00
3824,TXN2026103823,USR2448,MER18,Electronics & Gadgets,Credit Card on UPI,"?1,415.16",Failed,9/15/2026 1:21,?0.00
3825,TXN2026103824,USR2679,MER41,Electronics & Gadgets,Bank UPI (Direct),"?8,399.79",Success,8/5/2026 20:51,?0.00
3826,TXN2026103825,USR4179,MER47,Electronics & Gadgets,Credit Card on UPI,?597.73,Success,8/14/2026 11:30,?0.00
3827,TXN2026103826,USR2788,MER48,Food & Dining,PPI Wallet UPI,"?9,840.23",Failed,8/23/2026 8:18,?0.00
3828,TXN2026103827,USR2787,MER38,Groceries & Supermarkets,Bank UPI (Direct),"?11,080.82",Success,9/9/2026 22:35,?0.00
3829,TXN2026103828,USR4614,MER19,Groceries & Supermarkets,Bank UPI (Direct),"?12,905.66",Success,8/10/2026 3:42,?0.00
3830,TXN2026103829,USR3392,MER37,Groceries & Supermarkets,PPI Wallet UPI,"?13,515.31",Success,8/23/2026 15:19,?148.67
3831,TXN2026103830,USR2376,MER11,Groceries & Supermarkets,PPI Wallet UPI,"?2,304.43",Success,9/6/2026 19:14,?25.35
3832,TXN2026103831,USR3202,MER34,Food & Dining,Credit Card on UPI,"?4,153.61",Success,8/8/2026 2:18,?0.00
3833,TXN2026103832,USR4489,MER14,Groceries & Supermarkets,Bank UPI (Direct),"?11,411.44",Success,8/25/2026 3:27,?0.00
3834,TXN2026103833,USR1846,MER17,Food & Dining,Bank UPI (Direct),"?13,305.45",Success,8/12/2026 9:46,?0.00
3835,TXN2026103834,USR3620,MER19,Groceries & Supermarkets,PPI Wallet UPI,"?5,158.21",Success,8/16/2026 12:46,?56.74
3836,TXN2026103835,USR4040,MER19,Travel & Hospitality,PPI Wallet UPI,"?6,237.04",Success,8/1/2026 4:08,?68.61
3837,TXN2026103836,USR3998,MER32,Food & Dining,Bank UPI (Direct),"?9,126.41",Success,8/25/2026 15:48,?0.00
3838,TXN2026103837,USR4117,MER24,Groceries & Supermarkets,PPI Wallet UPI,"?6,922.11",Success,8/21/2026 20:02,?76.14
3839,TXN2026103838,USR1914,MER35,Groceries & Supermarkets,Bank UPI (Direct),"?10,565.63",Success,9/3/2026 23:41,?0.00
3840,TXN2026103839,USR4947,MER22,Groceries & Supermarkets,Bank UPI (Direct),"?12,059.05",Success,9/15/2026 7:46,?0.00
3841,TXN2026103840,USR2805,MER25,Food & Dining,Bank UPI (Direct),"?1,983.28",Success,8/12/2026 22:05,?0.00
3842,TXN2026103841,USR2475,MER21,Groceries & Supermarkets,Bank UPI (Direct),"?8,651.53",Success,9/13/2026 16:47,?0.00
3843,TXN2026103842,USR4474,MER49,Food & Dining,Credit Card on UPI,"?3,658.61",Success,8/4/2026 14:29,?0.00
3844,TXN2026103843,USR1130,MER12,Groceries & Supermarkets,Credit Card on UPI,"?2,321.76",Success,8/15/2026 3:40,?0.00
3845,TXN2026103844,USR3067,MER27,Electronics & Gadgets,PPI Wallet UPI,"?11,424.98",Success,9/7/2026 1:23,?125.67
3846,TXN2026103845,USR2414,MER14,Electronics & Gadgets,Credit Card on UPI,"?1,159.10",Success,8/20/2026 21:44,?0.00
3847,TXN2026103846,USR4035,MER13,Food & Dining,PPI Wallet UPI,"?10,538.36",Success,8/6/2026 14:41,?115.92
3848,TXN2026103847,USR1131,MER20,Electronics & Gadgets,Bank UPI (Direct),"?2,342.62",Success,9/11/2026 2:35,?0.00
3849,TXN2026103848,USR4313,MER37,Groceries & Supermarkets,PPI Wallet UPI,"?1,652.90",Success,8/24/2026 9:09,?0.00
3850,TXN2026103849,USR2856,MER14,Groceries & Supermarkets,Bank UPI (Direct),"?6,869.83",Success,8/19/2026 19:06,?0.00
3851,TXN2026103850,USR3124,MER10,Groceries & Supermarkets,Credit Card on UPI,"?13,140.83",Success,9/15/2026 16:17,?0.00
3852,TXN2026103851,USR4399,MER20,Groceries & Supermarkets,Bank UPI (Direct),"?1,994.94",Success,8/3/2026 17:34,?0.00
3853,TXN2026103852,USR1920,MER29,Groceries & Supermarkets,PPI Wallet UPI,"?13,342.65",Success,8/31/2026 11:14,?146.77
3854,TXN2026103853,USR1931,MER38,Groceries & Supermarkets,PPI Wallet UPI,"?10,309.32",Success,8/18/2026 12:41,?113.40
3855,TXN2026103854,USR1923,MER18,Travel & Hospitality,Bank UPI (Direct),"?2,741.98",Success,8/27/2026 18:35,?0.00
3856,TXN2026103855,USR2296,MER30,Groceries & Supermarkets,Bank UPI (Direct),"?11,431.58",Success,9/15/2026 0:29,?0.00
3857,TXN2026103856,USR3615,MER25,Electronics & Gadgets,PPI Wallet UPI,"?14,697.76",Success,9/11/2026 9:36,?161.68
3858,TXN2026103857,USR3935,MER32,Food & Dining,PPI Wallet UPI,"?3,510.30",Success,8/13/2026 20:28,?38.61
3859,TXN2026103858,USR4783,MER13,Food & Dining,Bank UPI (Direct),"?11,376.27",Success,8/11/2026 8:11,?0.00
3860,TXN2026103859,USR3401,MER24,Groceries & Supermarkets,Bank UPI (Direct),"?7,482.61",Success,9/3/2026 1:40,?0.00
3861,TXN2026103860,USR3472,MER21,Travel & Hospitality,Bank UPI (Direct),"?10,060.32",Failed,8/20/2026 0:03,?0.00
3862,TXN2026103861,USR4924,MER11,Groceries & Supermarkets,PPI Wallet UPI,"?12,103.71",Success,8/10/2026 10:42,?133.14
3863,TXN2026103862,USR4130,MER20,Food & Dining,Bank UPI (Direct),"?11,880.24",Pending,9/8/2026 3:13,?0.00
3864,TXN2026103863,USR4393,MER17,Food & Dining,Bank UPI (Direct),"?11,902.88",Success,8/19/2026 13:06,?0.00
3865,TXN2026103864,USR2722,MER32,Travel & Hospitality,Bank UPI (Direct),?423.12,Success,8/22/2026 20:13,?0.00
3866,TXN2026103865,USR2139,MER11,Groceries & Supermarkets,Bank UPI (Direct),"?11,955.06",Success,8/22/2026 23:34,?0.00
3867,TXN2026103866,USR1890,MER20,Groceries & Supermarkets,Credit Card on UPI,"?13,736.50",Success,8/18/2026 13:27,?0.00
3868,TXN2026103867,USR4410,MER19,Food & Dining,PPI Wallet UPI,"?2,073.43",Success,8/5/2026 0:55,?22.81
3869,TXN2026103868,USR2486,MER41,Food & Dining,Bank UPI (Direct),"?10,673.47",Success,9/13/2026 16:26,?0.00
3870,TXN2026103869,USR1228,MER11,Travel & Hospitality,Bank UPI (Direct),?241.20,Success,8/20/2026 20:23,?0.00
3871,TXN2026103870,USR2988,MER15,Groceries & Supermarkets,Bank UPI (Direct),"?6,425.97",Success,8/20/2026 2:09,?0.00
3872,TXN2026103871,USR3120,MER28,Groceries & Supermarkets,Credit Card on UPI,"?12,527.91",Success,8/22/2026 7:58,?0.00
3873,TXN2026103872,USR4525,MER49,Groceries & Supermarkets,Credit Card on UPI,"?1,073.23",Success,8/31/2026 12:21,?0.00
3874,TXN2026103873,USR1153,MER26,Travel & Hospitality,Bank UPI (Direct),"?11,862.10",Success,9/10/2026 16:41,?0.00
3875,TXN2026103874,USR2976,MER17,Food & Dining,Bank UPI (Direct),"?5,549.79",Success,9/15/2026 12:31,?0.00
3876,TXN2026103875,USR2885,MER37,Electronics & Gadgets,PPI Wallet UPI,"?14,996.82",Success,8/8/2026 0:44,?164.97
3877,TXN2026103876,USR3483,MER17,Travel & Hospitality,PPI Wallet UPI,"?2,045.04",Success,9/10/2026 22:45,?22.50
3878,TXN2026103877,USR4357,MER45,Travel & Hospitality,Bank UPI (Direct),"?6,101.98",Success,8/2/2026 16:39,?0.00
3879,TXN2026103878,USR3204,MER18,Groceries & Supermarkets,Credit Card on UPI,"?6,050.94",Success,9/2/2026 3:42,?0.00
3880,TXN2026103879,USR3541,MER20,Food & Dining,Credit Card on UPI,"?4,265.63",Success,9/12/2026 11:49,?0.00
3881,TXN2026103880,USR2190,MER44,Groceries & Supermarkets,Credit Card on UPI,"?1,026.12",Success,9/15/2026 13:15,?0.00
3882,TXN2026103881,USR4242,MER20,Food & Dining,PPI Wallet UPI,"?11,036.12",Success,8/1/2026 13:40,?121.40
3883,TXN2026103882,USR3941,MER15,Travel & Hospitality,PPI Wallet UPI,"?10,529.91",Pending,9/1/2026 16:26,?0.00
3884,TXN2026103883,USR4969,MER30,Electronics & Gadgets,Bank UPI (Direct),?20.22,Success,8/26/2026 1:56,?0.00
3885,TXN2026103884,USR3466,MER42,Groceries & Supermarkets,Bank UPI (Direct),"?8,069.38",Success,9/2/2026 17:04,?0.00
3886,TXN2026103885,USR1781,MER42,Electronics & Gadgets,Bank UPI (Direct),?75.23,Success,9/13/2026 0:59,?0.00
3887,TXN2026103886,USR1712,MER47,Groceries & Supermarkets,Bank UPI (Direct),"?12,464.99",Success,8/4/2026 22:24,?0.00
3888,TXN2026103887,USR2990,MER32,Groceries & Supermarkets,Bank UPI (Direct),"?10,313.78",Success,9/2/2026 20:46,?0.00
3889,TXN2026103888,USR1431,MER46,Groceries & Supermarkets,Credit Card on UPI,"?12,227.96",Success,9/6/2026 3:08,?0.00
3890,TXN2026103889,USR3169,MER11,Travel & Hospitality,PPI Wallet UPI,"?12,778.24",Success,8/14/2026 19:59,?140.56
3891,TXN2026103890,USR4153,MER25,Food & Dining,Credit Card on UPI,"?1,708.33",Success,8/10/2026 23:17,?0.00
3892,TXN2026103891,USR2341,MER19,Groceries & Supermarkets,PPI Wallet UPI,"?9,235.82",Failed,9/11/2026 23:42,?0.00
3893,TXN2026103892,USR1370,MER29,Groceries & Supermarkets,Credit Card on UPI,"?10,755.25",Success,9/15/2026 21:22,?0.00
3894,TXN2026103893,USR4894,MER48,Electronics & Gadgets,Bank UPI (Direct),"?6,069.55",Success,8/10/2026 21:30,?0.00
3895,TXN2026103894,USR3950,MER28,Travel & Hospitality,PPI Wallet UPI,?247.18,Failed,8/26/2026 8:37,?0.00
3896,TXN2026103895,USR1195,MER30,Electronics & Gadgets,PPI Wallet UPI,"?2,268.56",Success,8/17/2026 15:19,?24.95
3897,TXN2026103896,USR4938,MER26,Electronics & Gadgets,Bank UPI (Direct),"?14,644.02",Success,8/11/2026 18:20,?0.00
3898,TXN2026103897,USR1123,MER25,Groceries & Supermarkets,Bank UPI (Direct),"?5,971.25",Success,8/1/2026 18:11,?0.00
3899,TXN2026103898,USR1952,MER15,Food & Dining,Bank UPI (Direct),"?8,198.27",Success,8/21/2026 18:11,?0.00
3900,TXN2026103899,USR4018,MER42,Electronics & Gadgets,Bank UPI (Direct),"?1,434.81",Success,8/17/2026 12:38,?0.00
3901,TXN2026103900,USR4628,MER44,Electronics & Gadgets,Bank UPI (Direct),"?13,059.03",Success,8/28/2026 12:00,?0.00
3902,TXN2026103901,USR2211,MER33,Electronics & Gadgets,Bank UPI (Direct),"?8,195.81",Success,8/14/2026 3:33,?0.00
3903,TXN2026103902,USR1025,MER42,Groceries & Supermarkets,Bank UPI (Direct),"?1,257.03",Success,8/11/2026 2:06,?0.00
3904,TXN2026103903,USR4949,MER30,Food & Dining,PPI Wallet UPI,"?6,665.31",Success,8/23/2026 3:54,?73.32
3905,TXN2026103904,USR2214,MER37,Food & Dining,PPI Wallet UPI,"?7,165.10",Success,9/13/2026 6:46,?78.82
3906,TXN2026103905,USR4627,MER16,Groceries & Supermarkets,PPI Wallet UPI,"?5,482.79",Failed,8/31/2026 14:48,?0.00
3907,TXN2026103906,USR4687,MER13,Food & Dining,Bank UPI (Direct),"?2,939.58",Success,8/28/2026 2:00,?0.00
3908,TXN2026103907,USR3390,MER21,Groceries & Supermarkets,Bank UPI (Direct),"?9,361.18",Pending,8/22/2026 4:20,?0.00
3909,TXN2026103908,USR2353,MER34,Travel & Hospitality,Bank UPI (Direct),?698.48,Success,9/5/2026 1:25,?0.00
3910,TXN2026103909,USR2424,MER29,Groceries & Supermarkets,Bank UPI (Direct),"?13,498.95",Success,8/23/2026 7:39,?0.00
3911,TXN2026103910,USR3320,MER19,Electronics & Gadgets,Bank UPI (Direct),"?13,144.01",Success,8/3/2026 22:43,?0.00
3912,TXN2026103911,USR2482,MER12,Food & Dining,Credit Card on UPI,"?12,523.17",Success,9/6/2026 12:27,?0.00
3913,TXN2026103912,USR4158,MER38,Electronics & Gadgets,Bank UPI (Direct),"?10,386.56",Success,8/4/2026 8:16,?0.00
3914,TXN2026103913,USR3545,MER34,Groceries & Supermarkets,Bank UPI (Direct),"?11,982.70",Success,9/6/2026 8:29,?0.00
3915,TXN2026103914,USR2807,MER40,Groceries & Supermarkets,Bank UPI (Direct),?391.37,Success,8/19/2026 3:01,?0.00
3916,TXN2026103915,USR4613,MER32,Electronics & Gadgets,PPI Wallet UPI,?127.55,Success,8/29/2026 4:22,?0.00
3917,TXN2026103916,USR3614,MER10,Electronics & Gadgets,Credit Card on UPI,"?7,449.70",Success,8/5/2026 1:31,?0.00
3918,TXN2026103917,USR2162,MER23,Travel & Hospitality,Bank UPI (Direct),"?8,498.53",Success,8/22/2026 23:07,?0.00
3919,TXN2026103918,USR4346,MER11,Groceries & Supermarkets,Bank UPI (Direct),"?9,654.48",Success,8/5/2026 16:43,?0.00
3920,TXN2026103919,USR2045,MER28,Groceries & Supermarkets,PPI Wallet UPI,"?12,922.92",Success,8/2/2026 20:57,?142.15
3921,TXN2026103920,USR2691,MER35,Electronics & Gadgets,Credit Card on UPI,"?13,295.80",Success,9/2/2026 21:17,?0.00
3922,TXN2026103921,USR2672,MER12,Groceries & Supermarkets,PPI Wallet UPI,"?1,611.01",Success,9/1/2026 5:25,?0.00
3923,TXN2026103922,USR3756,MER25,Food & Dining,Bank UPI (Direct),"?1,665.45",Success,8/8/2026 2:30,?0.00
3924,TXN2026103923,USR1592,MER44,Groceries & Supermarkets,Bank UPI (Direct),"?6,332.12",Success,9/10/2026 2:17,?0.00
3925,TXN2026103924,USR4007,MER24,Travel & Hospitality,PPI Wallet UPI,"?6,288.79",Success,9/15/2026 23:14,?69.18
3926,TXN2026103925,USR2146,MER28,Travel & Hospitality,PPI Wallet UPI,"?12,372.05",Success,8/6/2026 1:09,?136.09
3927,TXN2026103926,USR3565,MER14,Food & Dining,Credit Card on UPI,"?10,853.01",Success,9/12/2026 19:11,?0.00
3928,TXN2026103927,USR3372,MER45,Travel & Hospitality,Bank UPI (Direct),"?8,935.88",Success,8/30/2026 21:20,?0.00
3929,TXN2026103928,USR3378,MER48,Groceries & Supermarkets,PPI Wallet UPI,"?9,914.38",Success,8/29/2026 0:00,?109.06
3930,TXN2026103929,USR3320,MER46,Groceries & Supermarkets,Credit Card on UPI,"?8,106.11",Success,9/6/2026 10:11,?0.00
3931,TXN2026103930,USR4081,MER25,Travel & Hospitality,Bank UPI (Direct),"?1,044.33",Success,8/15/2026 20:13,?0.00
3932,TXN2026103931,USR4546,MER14,Groceries & Supermarkets,PPI Wallet UPI,"?1,812.20",Success,8/19/2026 0:01,?0.00
3933,TXN2026103932,USR1636,MER43,Food & Dining,Bank UPI (Direct),"?8,876.01",Success,9/12/2026 16:20,?0.00
3934,TXN2026103933,USR4701,MER15,Food & Dining,PPI Wallet UPI,?244.20,Success,9/6/2026 2:39,?0.00
3935,TXN2026103934,USR1055,MER44,Food & Dining,PPI Wallet UPI,"?6,123.92",Success,8/5/2026 12:08,?67.36
3936,TXN2026103935,USR4499,MER16,Groceries & Supermarkets,PPI Wallet UPI,"?4,053.60",Success,8/12/2026 5:48,?44.59
3937,TXN2026103936,USR4138,MER11,Groceries & Supermarkets,Credit Card on UPI,"?3,690.80",Success,9/11/2026 12:45,?0.00
3938,TXN2026103937,USR1084,MER12,Groceries & Supermarkets,Bank UPI (Direct),"?12,731.11",Success,8/3/2026 23:07,?0.00
3939,TXN2026103938,USR2554,MER28,Food & Dining,PPI Wallet UPI,"?8,179.76",Success,8/7/2026 22:45,?89.98
3940,TXN2026103939,USR2066,MER17,Groceries & Supermarkets,Credit Card on UPI,"?13,733.30",Success,8/23/2026 17:55,?0.00
3941,TXN2026103940,USR3328,MER11,Groceries & Supermarkets,PPI Wallet UPI,"?5,304.17",Success,9/5/2026 9:29,?58.35
3942,TXN2026103941,USR1071,MER29,Groceries & Supermarkets,Bank UPI (Direct),?656.02,Success,8/16/2026 5:00,?0.00
3943,TXN2026103942,USR4469,MER11,Electronics & Gadgets,Bank UPI (Direct),"?2,942.46",Success,8/30/2026 19:22,?0.00
3944,TXN2026103943,USR2837,MER37,Electronics & Gadgets,Credit Card on UPI,"?2,825.84",Success,8/20/2026 17:22,?0.00
3945,TXN2026103944,USR2471,MER15,Travel & Hospitality,PPI Wallet UPI,"?14,329.79",Success,8/22/2026 1:10,?157.63
3946,TXN2026103945,USR3246,MER14,Groceries & Supermarkets,Bank UPI (Direct),"?9,253.37",Pending,9/8/2026 23:43,?0.00
3947,TXN2026103946,USR2765,MER46,Groceries & Supermarkets,Credit Card on UPI,?57.64,Success,9/10/2026 3:32,?0.00
3948,TXN2026103947,USR1088,MER48,Travel & Hospitality,PPI Wallet UPI,"?7,008.49",Success,9/9/2026 20:25,?77.09
3949,TXN2026103948,USR1272,MER36,Food & Dining,Bank UPI (Direct),"?2,208.46",Failed,9/6/2026 1:51,?0.00
3950,TXN2026103949,USR2129,MER42,Electronics & Gadgets,Bank UPI (Direct),"?1,181.76",Success,9/13/2026 10:21,?0.00
3951,TXN2026103950,USR2763,MER20,Groceries & Supermarkets,PPI Wallet UPI,"?2,555.64",Success,8/27/2026 14:27,?28.11
3952,TXN2026103951,USR2887,MER50,Electronics & Gadgets,PPI Wallet UPI,"?4,670.62",Failed,9/3/2026 22:09,?0.00
3953,TXN2026103952,USR4067,MER37,Groceries & Supermarkets,Bank UPI (Direct),"?2,237.70",Success,9/1/2026 23:12,?0.00
3954,TXN2026103953,USR1881,MER23,Groceries & Supermarkets,Bank UPI (Direct),"?2,413.03",Success,9/3/2026 10:45,?0.00
3955,TXN2026103954,USR2119,MER40,Electronics & Gadgets,Bank UPI (Direct),"?8,882.51",Failed,9/9/2026 23:13,?0.00
3956,TXN2026103955,USR2384,MER24,Food & Dining,PPI Wallet UPI,"?7,857.76",Success,8/9/2026 18:12,?86.44
3957,TXN2026103956,USR1568,MER27,Electronics & Gadgets,Bank UPI (Direct),"?4,121.12",Success,8/13/2026 15:17,?0.00
3958,TXN2026103957,USR3698,MER42,Travel & Hospitality,PPI Wallet UPI,"?8,930.30",Success,9/15/2026 7:14,?98.23
3959,TXN2026103958,USR1897,MER19,Electronics & Gadgets,Bank UPI (Direct),"?2,816.24",Success,8/8/2026 2:06,?0.00
3960,TXN2026103959,USR4961,MER32,Electronics & Gadgets,PPI Wallet UPI,"?12,596.79",Success,8/12/2026 21:06,?138.56
3961,TXN2026103960,USR4546,MER41,Groceries & Supermarkets,Bank UPI (Direct),"?11,195.90",Success,8/29/2026 16:40,?0.00
3962,TXN2026103961,USR4648,MER15,Groceries & Supermarkets,PPI Wallet UPI,"?12,594.01",Success,9/9/2026 15:02,?138.53
3963,TXN2026103962,USR3391,MER13,Food & Dining,Bank UPI (Direct),"?8,350.83",Success,8/26/2026 0:05,?0.00
3964,TXN2026103963,USR2067,MER31,Groceries & Supermarkets,Bank UPI (Direct),"?2,373.75",Success,8/9/2026 10:20,?0.00
3965,TXN2026103964,USR2150,MER38,Groceries & Supermarkets,Bank UPI (Direct),"?6,815.74",Failed,9/13/2026 16:47,?0.00
3966,TXN2026103965,USR4345,MER15,Electronics & Gadgets,Bank UPI (Direct),"?4,506.43",Success,8/21/2026 22:15,?0.00
3967,TXN2026103966,USR2773,MER26,Electronics & Gadgets,Credit Card on UPI,"?9,026.39",Success,8/30/2026 23:10,?0.00
3968,TXN2026103967,USR4291,MER35,Groceries & Supermarkets,Bank UPI (Direct),"?13,515.44",Success,9/4/2026 1:17,?0.00
3969,TXN2026103968,USR2186,MER49,Groceries & Supermarkets,PPI Wallet UPI,"?5,055.37",Success,8/20/2026 7:07,?55.61
3970,TXN2026103969,USR3725,MER13,Groceries & Supermarkets,Bank UPI (Direct),"?9,369.47",Pending,9/11/2026 17:16,?0.00
3971,TXN2026103970,USR3121,MER45,Groceries & Supermarkets,Bank UPI (Direct),"?13,584.05",Success,8/12/2026 4:24,?0.00
3972,TXN2026103971,USR4318,MER45,Groceries & Supermarkets,Credit Card on UPI,?756.07,Success,9/7/2026 20:42,?0.00
3973,TXN2026103972,USR2862,MER13,Groceries & Supermarkets,Bank UPI (Direct),"?10,855.99",Success,8/2/2026 22:03,?0.00
3974,TXN2026103973,USR1327,MER39,Groceries & Supermarkets,PPI Wallet UPI,"?6,637.40",Success,9/12/2026 20:11,?73.01
3975,TXN2026103974,USR4752,MER20,Groceries & Supermarkets,Bank UPI (Direct),"?14,875.00",Success,8/29/2026 5:05,?0.00
3976,TXN2026103975,USR3055,MER46,Electronics & Gadgets,Bank UPI (Direct),"?7,429.06",Success,8/14/2026 2:39,?0.00
3977,TXN2026103976,USR2853,MER25,Food & Dining,Credit Card on UPI,"?9,221.96",Success,8/13/2026 8:02,?0.00
3978,TXN2026103977,USR3467,MER49,Groceries & Supermarkets,PPI Wallet UPI,"?12,102.87",Pending,9/12/2026 9:13,?0.00
3979,TXN2026103978,USR2331,MER28,Groceries & Supermarkets,PPI Wallet UPI,"?5,874.73",Pending,9/3/2026 23:55,?0.00
3980,TXN2026103979,USR4572,MER44,Groceries & Supermarkets,Bank UPI (Direct),?579.86,Success,8/16/2026 3:23,?0.00
3981,TXN2026103980,USR3064,MER14,Travel & Hospitality,Bank UPI (Direct),"?1,113.25",Success,8/25/2026 4:20,?0.00
3982,TXN2026103981,USR1534,MER10,Travel & Hospitality,PPI Wallet UPI,"?11,434.18",Success,8/5/2026 16:17,?125.78
3983,TXN2026103982,USR3634,MER37,Groceries & Supermarkets,Bank UPI (Direct),"?2,790.38",Success,9/7/2026 18:03,?0.00
3984,TXN2026103983,USR4968,MER31,Electronics & Gadgets,Bank UPI (Direct),"?9,503.08",Success,9/5/2026 16:35,?0.00
3985,TXN2026103984,USR2712,MER16,Groceries & Supermarkets,PPI Wallet UPI,"?1,411.61",Success,8/3/2026 12:58,?0.00
3986,TXN2026103985,USR1945,MER27,Electronics & Gadgets,PPI Wallet UPI,"?6,642.92",Success,9/13/2026 2:45,?73.07
3987,TXN2026103986,USR2468,MER25,Groceries & Supermarkets,Bank UPI (Direct),"?4,260.20",Failed,8/20/2026 20:54,?0.00
3988,TXN2026103987,USR4229,MER31,Groceries & Supermarkets,PPI Wallet UPI,"?6,869.39",Success,8/18/2026 8:16,?75.56
3989,TXN2026103988,USR3520,MER44,Food & Dining,Bank UPI (Direct),"?7,597.97",Failed,9/1/2026 20:22,?0.00
3990,TXN2026103989,USR1605,MER34,Electronics & Gadgets,Bank UPI (Direct),"?5,459.92",Success,8/7/2026 19:22,?0.00
3991,TXN2026103990,USR4303,MER31,Electronics & Gadgets,Bank UPI (Direct),"?7,107.85",Success,9/14/2026 8:28,?0.00
3992,TXN2026103991,USR4122,MER15,Groceries & Supermarkets,Bank UPI (Direct),"?13,404.68",Success,9/4/2026 18:54,?0.00
3993,TXN2026103992,USR3895,MER32,Groceries & Supermarkets,PPI Wallet UPI,?409.41,Success,8/25/2026 15:40,?0.00
3994,TXN2026103993,USR1629,MER48,Groceries & Supermarkets,Credit Card on UPI,?762.14,Success,9/15/2026 0:02,?0.00
3995,TXN2026103994,USR3164,MER44,Travel & Hospitality,Bank UPI (Direct),"?14,768.48",Success,9/14/2026 22:56,?0.00
3996,TXN2026103995,USR1868,MER23,Groceries & Supermarkets,Credit Card on UPI,"?3,886.77",Pending,8/28/2026 13:55,?0.00
3997,TXN2026103996,USR2023,MER44,Travel & Hospitality,PPI Wallet UPI,"?9,396.55",Success,9/12/2026 13:36,?103.36
3998,TXN2026103997,USR3955,MER43,Travel & Hospitality,Bank UPI (Direct),"?5,348.47",Success,8/8/2026 14:11,?0.00
3999,TXN2026103998,USR3503,MER14,Groceries & Supermarkets,Bank UPI (Direct),"?6,417.12",Success,9/2/2026 21:10,?0.00
4000,TXN2026103999,USR1709,MER41,Groceries & Supermarkets,PPI Wallet UPI,"?9,011.58",Success,9/6/2026 14:58,?99.13
4001,TXN2026104000,USR1108,MER10,Food & Dining,Bank UPI (Direct),"?2,474.84",Success,8/8/2026 11:13,?0.00
4002,TXN2026104001,USR4391,MER29,Groceries & Supermarkets,Bank UPI (Direct),"?13,711.95",Success,9/6/2026 4:42,?0.00
4003,TXN2026104002,USR4668,MER11,Food & Dining,Credit Card on UPI,"?7,575.46",Success,9/2/2026 5:48,?0.00
4004,TXN2026104003,USR2755,MER14,Food & Dining,PPI Wallet UPI,"?1,324.85",Success,8/26/2026 7:33,?0.00
4005,TXN2026104004,USR2225,MER18,Groceries & Supermarkets,Bank UPI (Direct),"?11,763.46",Success,9/1/2026 15:51,?0.00
4006,TXN2026104005,USR3939,MER41,Food & Dining,Credit Card on UPI,"?5,837.54",Success,8/18/2026 0:14,?0.00
4007,TXN2026104006,USR3195,MER30,Groceries & Supermarkets,Bank UPI (Direct),"?14,131.14",Success,9/12/2026 8:04,?0.00
4008,TXN2026104007,USR3309,MER49,Travel & Hospitality,Bank UPI (Direct),"?9,751.15",Success,8/28/2026 14:29,?0.00
4009,TXN2026104008,USR1489,MER42,Food & Dining,Credit Card on UPI,"?12,220.67",Failed,8/19/2026 9:22,?0.00
4010,TXN2026104009,USR3056,MER45,Travel & Hospitality,Bank UPI (Direct),"?10,493.70",Success,8/16/2026 21:49,?0.00
4011,TXN2026104010,USR1176,MER31,Travel & Hospitality,PPI Wallet UPI,"?6,351.62",Success,9/12/2026 22:27,?69.87
4012,TXN2026104011,USR4991,MER13,Travel & Hospitality,Credit Card on UPI,"?3,506.86",Success,8/20/2026 19:29,?0.00
4013,TXN2026104012,USR3090,MER15,Groceries & Supermarkets,Bank UPI (Direct),"?9,786.38",Success,8/22/2026 20:30,?0.00
4014,TXN2026104013,USR1581,MER49,Electronics & Gadgets,PPI Wallet UPI,"?11,912.82",Success,8/11/2026 7:19,?131.04
4015,TXN2026104014,USR1158,MER30,Groceries & Supermarkets,Bank UPI (Direct),"?3,549.73",Success,8/15/2026 3:38,?0.00
4016,TXN2026104015,USR3723,MER21,Groceries & Supermarkets,Bank UPI (Direct),"?6,060.56",Success,9/14/2026 16:11,?0.00
4017,TXN2026104016,USR2099,MER37,Travel & Hospitality,Bank UPI (Direct),"?8,355.39",Success,8/11/2026 19:20,?0.00
4018,TXN2026104017,USR1295,MER35,Electronics & Gadgets,PPI Wallet UPI,"?11,929.74",Success,8/1/2026 0:19,?131.23
4019,TXN2026104018,USR3648,MER40,Electronics & Gadgets,Credit Card on UPI,"?11,410.95",Failed,8/8/2026 6:50,?0.00
4020,TXN2026104019,USR3452,MER42,Travel & Hospitality,PPI Wallet UPI,"?12,185.38",Success,8/17/2026 9:15,?134.04
4021,TXN2026104020,USR4861,MER50,Travel & Hospitality,PPI Wallet UPI,"?7,409.75",Success,8/27/2026 21:42,?81.51
4022,TXN2026104021,USR2895,MER46,Food & Dining,Bank UPI (Direct),"?5,643.83",Success,8/1/2026 17:07,?0.00
4023,TXN2026104022,USR3605,MER18,Food & Dining,PPI Wallet UPI,"?6,418.71",Success,8/2/2026 16:23,?70.61
4024,TXN2026104023,USR1188,MER33,Food & Dining,Bank UPI (Direct),"?2,115.18",Success,8/11/2026 16:30,?0.00
4025,TXN2026104024,USR4965,MER28,Groceries & Supermarkets,Bank UPI (Direct),"?4,377.37",Success,9/4/2026 13:00,?0.00
4026,TXN2026104025,USR4536,MER11,Groceries & Supermarkets,PPI Wallet UPI,"?3,102.12",Success,9/1/2026 2:13,?34.12
4027,TXN2026104026,USR3887,MER23,Groceries & Supermarkets,Bank UPI (Direct),"?3,946.59",Success,9/9/2026 12:33,?0.00
4028,TXN2026104027,USR4032,MER16,Groceries & Supermarkets,Bank UPI (Direct),"?4,212.07",Success,9/11/2026 12:42,?0.00
4029,TXN2026104028,USR3822,MER49,Groceries & Supermarkets,PPI Wallet UPI,"?1,020.95",Success,9/12/2026 13:55,?0.00
4030,TXN2026104029,USR2880,MER14,Travel & Hospitality,PPI Wallet UPI,"?9,721.76",Success,8/12/2026 4:36,?106.94
4031,TXN2026104030,USR4299,MER15,Groceries & Supermarkets,PPI Wallet UPI,"?3,157.77",Success,8/15/2026 13:05,?34.74
4032,TXN2026104031,USR4323,MER40,Groceries & Supermarkets,Bank UPI (Direct),"?7,271.35",Success,8/24/2026 17:23,?0.00
4033,TXN2026104032,USR3861,MER46,Groceries & Supermarkets,PPI Wallet UPI,"?4,087.11",Success,8/8/2026 8:38,?44.96
4034,TXN2026104033,USR4799,MER25,Electronics & Gadgets,PPI Wallet UPI,"?12,335.74",Success,8/15/2026 16:55,?135.69
4035,TXN2026104034,USR2121,MER31,Groceries & Supermarkets,PPI Wallet UPI,"?12,762.84",Success,8/25/2026 4:31,?140.39
4036,TXN2026104035,USR2445,MER31,Food & Dining,Bank UPI (Direct),?947.93,Success,9/11/2026 12:08,?0.00
4037,TXN2026104036,USR3244,MER49,Travel & Hospitality,Bank UPI (Direct),?583.07,Success,9/14/2026 8:14,?0.00
4038,TXN2026104037,USR1017,MER28,Travel & Hospitality,Bank UPI (Direct),"?8,154.80",Success,8/20/2026 1:11,?0.00
4039,TXN2026104038,USR4734,MER33,Electronics & Gadgets,Bank UPI (Direct),"?3,465.08",Success,8/17/2026 18:20,?0.00
4040,TXN2026104039,USR3861,MER38,Groceries & Supermarkets,Bank UPI (Direct),"?9,654.03",Success,9/4/2026 15:34,?0.00
4041,TXN2026104040,USR4461,MER18,Travel & Hospitality,Credit Card on UPI,"?10,313.97",Success,8/31/2026 19:47,?0.00
4042,TXN2026104041,USR1109,MER11,Electronics & Gadgets,PPI Wallet UPI,"?6,567.06",Success,9/9/2026 20:51,?72.24
4043,TXN2026104042,USR2599,MER22,Groceries & Supermarkets,Credit Card on UPI,"?14,695.19",Success,8/18/2026 11:58,?0.00
4044,TXN2026104043,USR4691,MER46,Food & Dining,Credit Card on UPI,"?6,211.66",Success,8/6/2026 13:01,?0.00
4045,TXN2026104044,USR4319,MER29,Groceries & Supermarkets,Bank UPI (Direct),"?10,032.50",Success,8/12/2026 10:03,?0.00
4046,TXN2026104045,USR1547,MER20,Groceries & Supermarkets,Bank UPI (Direct),"?3,738.13",Success,8/13/2026 16:54,?0.00
4047,TXN2026104046,USR4843,MER39,Food & Dining,PPI Wallet UPI,?831.11,Success,9/9/2026 23:59,?0.00
4048,TXN2026104047,USR3769,MER14,Electronics & Gadgets,Credit Card on UPI,"?1,898.18",Success,8/28/2026 10:02,?0.00
4049,TXN2026104048,USR3888,MER28,Electronics & Gadgets,Credit Card on UPI,"?1,013.99",Success,8/4/2026 0:15,?0.00
4050,TXN2026104049,USR3593,MER30,Groceries & Supermarkets,Bank UPI (Direct),"?11,094.90",Success,8/29/2026 9:25,?0.00
4051,TXN2026104050,USR3622,MER14,Groceries & Supermarkets,Credit Card on UPI,"?11,011.80",Success,8/3/2026 7:26,?0.00
4052,TXN2026104051,USR4900,MER44,Groceries & Supermarkets,Bank UPI (Direct),"?5,579.01",Success,9/4/2026 5:42,?0.00
4053,TXN2026104052,USR3109,MER48,Groceries & Supermarkets,Bank UPI (Direct),?603.84,Success,8/31/2026 6:45,?0.00
4054,TXN2026104053,USR4673,MER32,Groceries & Supermarkets,Bank UPI (Direct),"?1,169.56",Failed,9/1/2026 7:08,?0.00
4055,TXN2026104054,USR1220,MER39,Food & Dining,PPI Wallet UPI,"?4,802.82",Success,8/11/2026 11:57,?52.83
4056,TXN2026104055,USR2684,MER20,Electronics & Gadgets,Bank UPI (Direct),"?2,614.90",Success,9/14/2026 10:47,?0.00
4057,TXN2026104056,USR1963,MER25,Groceries & Supermarkets,PPI Wallet UPI,"?1,402.30",Success,9/10/2026 20:31,?0.00
4058,TXN2026104057,USR4911,MER40,Groceries & Supermarkets,Bank UPI (Direct),"?7,767.35",Success,8/20/2026 8:40,?0.00
4059,TXN2026104058,USR2609,MER47,Groceries & Supermarkets,Bank UPI (Direct),"?5,452.48",Success,8/8/2026 19:36,?0.00
4060,TXN2026104059,USR4759,MER23,Electronics & Gadgets,PPI Wallet UPI,"?2,533.67",Success,8/27/2026 1:50,?27.87
4061,TXN2026104060,USR1361,MER44,Groceries & Supermarkets,Credit Card on UPI,"?1,299.78",Success,8/18/2026 5:19,?0.00
4062,TXN2026104061,USR3826,MER20,Travel & Hospitality,PPI Wallet UPI,"?4,559.06",Success,8/23/2026 20:00,?50.15
4063,TXN2026104062,USR4654,MER10,Travel & Hospitality,PPI Wallet UPI,"?9,908.60",Success,8/21/2026 18:14,?108.99
4064,TXN2026104063,USR1530,MER21,Groceries & Supermarkets,Bank UPI (Direct),"?5,127.69",Success,8/24/2026 0:10,?0.00
4065,TXN2026104064,USR1829,MER14,Groceries & Supermarkets,Bank UPI (Direct),"?8,775.77",Success,8/3/2026 14:07,?0.00
4066,TXN2026104065,USR2055,MER11,Groceries & Supermarkets,Bank UPI (Direct),"?5,783.51",Success,8/1/2026 7:23,?0.00
4067,TXN2026104066,USR2978,MER42,Travel & Hospitality,Bank UPI (Direct),"?14,849.55",Success,8/22/2026 1:48,?0.00
4068,TXN2026104067,USR2556,MER40,Travel & Hospitality,Bank UPI (Direct),"?10,691.92",Success,9/15/2026 16:04,?0.00
4069,TXN2026104068,USR1029,MER48,Groceries & Supermarkets,Credit Card on UPI,"?7,196.02",Success,8/8/2026 4:22,?0.00
4070,TXN2026104069,USR2204,MER15,Electronics & Gadgets,PPI Wallet UPI,"?8,415.73",Success,9/9/2026 23:12,?92.57
4071,TXN2026104070,USR3004,MER14,Groceries & Supermarkets,Bank UPI (Direct),"?7,803.23",Success,8/30/2026 1:04,?0.00
4072,TXN2026104071,USR3270,MER35,Groceries & Supermarkets,Credit Card on UPI,"?5,760.77",Success,8/31/2026 20:28,?0.00
4073,TXN2026104072,USR2280,MER33,Groceries & Supermarkets,Credit Card on UPI,?993.93,Pending,8/12/2026 14:40,?0.00
4074,TXN2026104073,USR4973,MER24,Electronics & Gadgets,Bank UPI (Direct),"?6,561.53",Success,8/2/2026 8:38,?0.00
4075,TXN2026104074,USR3143,MER24,Food & Dining,PPI Wallet UPI,"?4,919.64",Success,8/13/2026 22:42,?54.12
4076,TXN2026104075,USR2307,MER24,Groceries & Supermarkets,PPI Wallet UPI,"?12,761.57",Success,8/6/2026 7:10,?140.38
4077,TXN2026104076,USR3070,MER41,Groceries & Supermarkets,Bank UPI (Direct),"?2,890.45",Success,9/15/2026 8:21,?0.00
4078,TXN2026104077,USR2315,MER42,Travel & Hospitality,Bank UPI (Direct),"?4,321.25",Success,9/13/2026 16:58,?0.00
4079,TXN2026104078,USR4650,MER43,Food & Dining,Credit Card on UPI,"?8,568.47",Success,8/30/2026 7:57,?0.00
4080,TXN2026104079,USR4591,MER33,Travel & Hospitality,Credit Card on UPI,"?5,916.90",Success,9/15/2026 15:35,?0.00
4081,TXN2026104080,USR1796,MER31,Food & Dining,Bank UPI (Direct),?33.81,Success,8/19/2026 6:57,?0.00
4082,TXN2026104081,USR2907,MER48,Groceries & Supermarkets,Bank UPI (Direct),"?3,891.29",Failed,9/9/2026 15:32,?0.00
4083,TXN2026104082,USR2851,MER40,Groceries & Supermarkets,Credit Card on UPI,"?14,575.56",Success,9/8/2026 7:47,?0.00
4084,TXN2026104083,USR3619,MER13,Food & Dining,PPI Wallet UPI,"?5,195.60",Success,8/31/2026 22:51,?57.15
4085,TXN2026104084,USR2284,MER38,Groceries & Supermarkets,Credit Card on UPI,"?2,043.60",Success,8/29/2026 20:13,?0.00
4086,TXN2026104085,USR3689,MER35,Travel & Hospitality,Bank UPI (Direct),"?5,345.68",Success,9/3/2026 7:21,?0.00
4087,TXN2026104086,USR1726,MER25,Travel & Hospitality,PPI Wallet UPI,"?3,947.33",Success,8/13/2026 12:56,?43.42
4088,TXN2026104087,USR3600,MER12,Groceries & Supermarkets,PPI Wallet UPI,"?5,964.44",Success,9/15/2026 2:13,?65.61
4089,TXN2026104088,USR1936,MER27,Food & Dining,PPI Wallet UPI,"?8,845.07",Success,9/6/2026 2:23,?97.30
4090,TXN2026104089,USR4484,MER50,Electronics & Gadgets,Bank UPI (Direct),"?8,205.16",Success,8/31/2026 20:18,?0.00
4091,TXN2026104090,USR3879,MER23,Groceries & Supermarkets,Bank UPI (Direct),"?7,933.56",Success,9/6/2026 12:24,?0.00
4092,TXN2026104091,USR3142,MER16,Food & Dining,Bank UPI (Direct),"?14,902.28",Success,8/29/2026 5:34,?0.00
4093,TXN2026104092,USR2426,MER13,Groceries & Supermarkets,Bank UPI (Direct),"?9,625.03",Success,8/21/2026 20:46,?0.00
4094,TXN2026104093,USR3176,MER11,Food & Dining,PPI Wallet UPI,"?5,412.13",Success,9/6/2026 5:25,?59.53
4095,TXN2026104094,USR1079,MER47,Groceries & Supermarkets,Bank UPI (Direct),"?8,123.10",Success,8/17/2026 1:00,?0.00
4096,TXN2026104095,USR3081,MER49,Food & Dining,PPI Wallet UPI,"?13,585.53",Success,8/4/2026 8:24,?149.44
4097,TXN2026104096,USR4332,MER20,Travel & Hospitality,Bank UPI (Direct),"?1,956.49",Success,8/9/2026 1:38,?0.00
4098,TXN2026104097,USR5000,MER44,Groceries & Supermarkets,Credit Card on UPI,"?10,558.58",Success,8/14/2026 21:51,?0.00
4099,TXN2026104098,USR3803,MER49,Groceries & Supermarkets,Bank UPI (Direct),"?2,416.13",Success,8/31/2026 18:39,?0.00
4100,TXN2026104099,USR4934,MER12,Groceries & Supermarkets,Credit Card on UPI,"?4,894.02",Success,8/18/2026 11:25,?0.00
4101,TXN2026104100,USR4742,MER39,Groceries & Supermarkets,PPI Wallet UPI,?491.73,Success,8/22/2026 10:21,?0.00
4102,TXN2026104101,USR1317,MER40,Food & Dining,PPI Wallet UPI,"?7,403.36",Success,8/19/2026 18:09,?81.44
4103,TXN2026104102,USR3317,MER19,Groceries & Supermarkets,Bank UPI (Direct),"?12,895.15",Success,8/6/2026 4:33,?0.00
4104,TXN2026104103,USR4004,MER41,Electronics & Gadgets,PPI Wallet UPI,"?6,100.75",Success,8/6/2026 5:46,?67.11
4105,TXN2026104104,USR1639,MER46,Food & Dining,Bank UPI (Direct),?757.19,Success,8/12/2026 9:19,?0.00
4106,TXN2026104105,USR1258,MER20,Food & Dining,Bank UPI (Direct),"?9,315.65",Success,8/2/2026 12:45,?0.00
4107,TXN2026104106,USR1647,MER12,Groceries & Supermarkets,PPI Wallet UPI,"?14,062.55",Success,9/2/2026 23:25,?154.69
4108,TXN2026104107,USR4034,MER33,Groceries & Supermarkets,Bank UPI (Direct),"?5,418.52",Success,8/15/2026 5:21,?0.00
4109,TXN2026104108,USR3593,MER48,Groceries & Supermarkets,Credit Card on UPI,"?13,005.84",Success,8/13/2026 9:15,?0.00
4110,TXN2026104109,USR2523,MER26,Electronics & Gadgets,Bank UPI (Direct),"?1,868.25",Success,9/4/2026 18:47,?0.00
4111,TXN2026104110,USR3645,MER43,Electronics & Gadgets,Bank UPI (Direct),"?10,521.06",Success,8/27/2026 5:44,?0.00
4112,TXN2026104111,USR1115,MER12,Travel & Hospitality,Bank UPI (Direct),"?12,805.53",Success,8/29/2026 21:21,?0.00
4113,TXN2026104112,USR3633,MER41,Travel & Hospitality,Bank UPI (Direct),"?9,771.56",Success,8/15/2026 19:04,?0.00
4114,TXN2026104113,USR3108,MER33,Travel & Hospitality,Bank UPI (Direct),"?10,183.01",Success,8/6/2026 6:17,?0.00
4115,TXN2026104114,USR3063,MER24,Groceries & Supermarkets,PPI Wallet UPI,"?8,204.80",Success,8/26/2026 2:52,?90.25
4116,TXN2026104115,USR2068,MER35,Travel & Hospitality,PPI Wallet UPI,"?12,505.67",Success,8/15/2026 21:50,?137.56
4117,TXN2026104116,USR2739,MER48,Food & Dining,PPI Wallet UPI,"?2,034.40",Success,9/1/2026 10:03,?22.38
4118,TXN2026104117,USR2171,MER37,Groceries & Supermarkets,Bank UPI (Direct),"?10,755.08",Success,9/12/2026 22:57,?0.00
4119,TXN2026104118,USR3652,MER42,Electronics & Gadgets,PPI Wallet UPI,"?14,936.16",Success,9/5/2026 13:17,?164.30
4120,TXN2026104119,USR3270,MER23,Food & Dining,PPI Wallet UPI,"?3,540.04",Success,8/11/2026 10:58,?38.94
4121,TXN2026104120,USR2755,MER12,Travel & Hospitality,PPI Wallet UPI,"?11,831.47",Success,8/31/2026 1:14,?130.15
4122,TXN2026104121,USR3024,MER28,Groceries & Supermarkets,Credit Card on UPI,"?9,171.80",Success,8/6/2026 5:44,?0.00
4123,TXN2026104122,USR4047,MER40,Travel & Hospitality,Bank UPI (Direct),"?12,571.97",Success,8/18/2026 12:15,?0.00
4124,TXN2026104123,USR1325,MER33,Groceries & Supermarkets,Bank UPI (Direct),"?9,385.63",Success,9/3/2026 2:15,?0.00
4125,TXN2026104124,USR2425,MER22,Electronics & Gadgets,PPI Wallet UPI,"?3,157.98",Success,9/2/2026 17:42,?34.74
4126,TXN2026104125,USR1911,MER20,Groceries & Supermarkets,PPI Wallet UPI,"?3,011.79",Success,8/18/2026 8:18,?33.13
4127,TXN2026104126,USR2585,MER33,Groceries & Supermarkets,Bank UPI (Direct),"?3,652.29",Success,8/11/2026 15:51,?0.00
4128,TXN2026104127,USR1538,MER19,Electronics & Gadgets,PPI Wallet UPI,"?14,475.85",Success,9/14/2026 22:17,?159.23
4129,TXN2026104128,USR3349,MER10,Groceries & Supermarkets,PPI Wallet UPI,"?11,646.75",Success,8/5/2026 16:48,?128.11
4130,TXN2026104129,USR3269,MER11,Electronics & Gadgets,Bank UPI (Direct),?370.24,Success,9/2/2026 21:43,?0.00
4131,TXN2026104130,USR1275,MER21,Groceries & Supermarkets,Credit Card on UPI,"?14,399.05",Success,8/11/2026 14:47,?0.00
4132,TXN2026104131,USR3833,MER44,Groceries & Supermarkets,PPI Wallet UPI,"?4,108.12",Success,8/22/2026 23:24,?45.19
4133,TXN2026104132,USR2494,MER26,Food & Dining,Bank UPI (Direct),"?6,346.45",Success,8/20/2026 9:43,?0.00
4134,TXN2026104133,USR3669,MER24,Groceries & Supermarkets,Bank UPI (Direct),"?10,914.56",Success,8/4/2026 13:17,?0.00
4135,TXN2026104134,USR2343,MER10,Electronics & Gadgets,Bank UPI (Direct),"?9,967.46",Failed,9/12/2026 16:58,?0.00
4136,TXN2026104135,USR3021,MER48,Groceries & Supermarkets,Credit Card on UPI,"?7,902.03",Success,9/6/2026 14:45,?0.00
4137,TXN2026104136,USR2098,MER32,Groceries & Supermarkets,PPI Wallet UPI,"?6,778.56",Failed,8/27/2026 22:39,?0.00
4138,TXN2026104137,USR3314,MER14,Travel & Hospitality,Bank UPI (Direct),"?12,749.44",Success,9/6/2026 0:04,?0.00
4139,TXN2026104138,USR3233,MER40,Food & Dining,PPI Wallet UPI,"?10,241.13",Success,9/12/2026 16:40,?112.65
4140,TXN2026104139,USR3328,MER48,Food & Dining,Credit Card on UPI,"?6,086.29",Success,8/22/2026 13:06,?0.00
4141,TXN2026104140,USR4983,MER32,Groceries & Supermarkets,Bank UPI (Direct),"?13,406.70",Success,9/3/2026 21:25,?0.00
4142,TXN2026104141,USR2817,MER50,Groceries & Supermarkets,Bank UPI (Direct),"?3,917.68",Success,8/21/2026 12:49,?0.00
4143,TXN2026104142,USR2349,MER36,Food & Dining,PPI Wallet UPI,"?3,715.82",Success,8/2/2026 4:52,?40.87
4144,TXN2026104143,USR4125,MER18,Food & Dining,Bank UPI (Direct),"?11,809.31",Success,8/1/2026 14:15,?0.00
4145,TXN2026104144,USR3456,MER44,Travel & Hospitality,PPI Wallet UPI,"?3,280.30",Success,8/30/2026 7:02,?36.08
4146,TXN2026104145,USR3750,MER36,Food & Dining,PPI Wallet UPI,?683.16,Success,9/13/2026 17:14,?0.00
4147,TXN2026104146,USR3072,MER41,Groceries & Supermarkets,PPI Wallet UPI,"?12,018.86",Success,8/14/2026 5:26,?132.21
4148,TXN2026104147,USR2841,MER34,Groceries & Supermarkets,PPI Wallet UPI,"?11,234.33",Success,8/25/2026 21:21,?123.58
4149,TXN2026104148,USR1551,MER27,Groceries & Supermarkets,PPI Wallet UPI,?354.00,Success,8/25/2026 23:07,?0.00
4150,TXN2026104149,USR3402,MER28,Electronics & Gadgets,PPI Wallet UPI,"?6,997.21",Success,8/9/2026 10:19,?76.97
4151,TXN2026104150,USR3752,MER33,Food & Dining,Credit Card on UPI,"?2,447.47",Success,8/8/2026 20:06,?0.00
4152,TXN2026104151,USR3493,MER50,Groceries & Supermarkets,Bank UPI (Direct),?447.04,Success,8/3/2026 4:17,?0.00
4153,TXN2026104152,USR1346,MER26,Electronics & Gadgets,Bank UPI (Direct),"?5,764.77",Success,9/12/2026 21:49,?0.00
4154,TXN2026104153,USR2160,MER37,Travel & Hospitality,PPI Wallet UPI,"?12,641.30",Success,8/11/2026 8:17,?139.05
4155,TXN2026104154,USR4707,MER17,Electronics & Gadgets,Bank UPI (Direct),"?13,743.17",Success,9/8/2026 8:17,?0.00
4156,TXN2026104155,USR1049,MER50,Groceries & Supermarkets,PPI Wallet UPI,"?5,680.95",Success,9/10/2026 1:36,?62.49
4157,TXN2026104156,USR4054,MER46,Travel & Hospitality,Credit Card on UPI,"?14,587.91",Success,8/24/2026 10:40,?0.00
4158,TXN2026104157,USR3538,MER14,Electronics & Gadgets,Bank UPI (Direct),"?1,017.26",Success,8/7/2026 21:00,?0.00
4159,TXN2026104158,USR1361,MER43,Food & Dining,Bank UPI (Direct),"?2,017.32",Success,8/24/2026 11:02,?0.00
4160,TXN2026104159,USR3113,MER33,Electronics & Gadgets,Bank UPI (Direct),"?9,213.46",Success,9/2/2026 14:01,?0.00
4161,TXN2026104160,USR3471,MER24,Groceries & Supermarkets,Credit Card on UPI,"?8,411.06",Success,8/23/2026 7:36,?0.00
4162,TXN2026104161,USR3606,MER44,Groceries & Supermarkets,Credit Card on UPI,"?12,980.24",Failed,8/16/2026 22:07,?0.00
4163,TXN2026104162,USR4616,MER41,Travel & Hospitality,Bank UPI (Direct),?907.70,Success,9/8/2026 18:25,?0.00
4164,TXN2026104163,USR2704,MER31,Travel & Hospitality,Bank UPI (Direct),"?4,577.21",Success,8/6/2026 4:52,?0.00
4165,TXN2026104164,USR4213,MER30,Groceries & Supermarkets,Bank UPI (Direct),"?14,706.71",Success,8/12/2026 9:01,?0.00
4166,TXN2026104165,USR2987,MER35,Travel & Hospitality,Bank UPI (Direct),"?11,903.09",Success,9/13/2026 0:03,?0.00
4167,TXN2026104166,USR1650,MER32,Food & Dining,Bank UPI (Direct),"?12,313.69",Success,9/13/2026 15:17,?0.00
4168,TXN2026104167,USR2605,MER21,Food & Dining,Bank UPI (Direct),"?8,909.06",Failed,9/8/2026 4:17,?0.00
4169,TXN2026104168,USR2977,MER19,Travel & Hospitality,Bank UPI (Direct),"?6,140.42",Success,9/1/2026 1:28,?0.00
4170,TXN2026104169,USR4572,MER14,Food & Dining,Bank UPI (Direct),"?11,526.02",Success,8/10/2026 6:25,?0.00
4171,TXN2026104170,USR2331,MER20,Groceries & Supermarkets,PPI Wallet UPI,"?10,515.31",Success,9/3/2026 0:51,?115.67
4172,TXN2026104171,USR3150,MER19,Food & Dining,Bank UPI (Direct),"?7,404.07",Success,9/7/2026 2:11,?0.00
4173,TXN2026104172,USR2118,MER10,Food & Dining,Credit Card on UPI,"?6,626.47",Success,8/4/2026 18:06,?0.00
4174,TXN2026104173,USR3940,MER38,Groceries & Supermarkets,PPI Wallet UPI,"?14,415.70",Success,8/23/2026 13:54,?158.57
4175,TXN2026104174,USR4227,MER47,Groceries & Supermarkets,Bank UPI (Direct),"?2,088.30",Success,8/4/2026 15:44,?0.00
4176,TXN2026104175,USR1791,MER16,Travel & Hospitality,PPI Wallet UPI,?12.31,Success,9/8/2026 5:23,?0.00
4177,TXN2026104176,USR4376,MER37,Travel & Hospitality,Bank UPI (Direct),?273.35,Success,8/24/2026 15:54,?0.00
4178,TXN2026104177,USR1198,MER29,Electronics & Gadgets,PPI Wallet UPI,"?4,489.47",Success,8/4/2026 20:22,?49.38
4179,TXN2026104178,USR1143,MER49,Travel & Hospitality,Bank UPI (Direct),"?7,955.27",Success,9/14/2026 12:57,?0.00
4180,TXN2026104179,USR4395,MER17,Groceries & Supermarkets,Credit Card on UPI,"?1,898.36",Success,8/1/2026 8:13,?0.00
4181,TXN2026104180,USR4785,MER47,Groceries & Supermarkets,Credit Card on UPI,"?8,705.91",Success,8/3/2026 11:52,?0.00
4182,TXN2026104181,USR1434,MER14,Electronics & Gadgets,Bank UPI (Direct),"?7,173.08",Success,8/30/2026 23:34,?0.00
4183,TXN2026104182,USR2254,MER42,Groceries & Supermarkets,PPI Wallet UPI,"?1,060.79",Success,9/6/2026 21:21,?0.00
4184,TXN2026104183,USR1656,MER33,Travel & Hospitality,Bank UPI (Direct),?776.90,Success,8/8/2026 8:58,?0.00
4185,TXN2026104184,USR4014,MER17,Groceries & Supermarkets,Bank UPI (Direct),?651.96,Success,9/8/2026 22:09,?0.00
4186,TXN2026104185,USR2554,MER42,Groceries & Supermarkets,PPI Wallet UPI,"?8,834.32",Success,8/22/2026 1:47,?97.18
4187,TXN2026104186,USR2392,MER10,Groceries & Supermarkets,PPI Wallet UPI,"?12,790.98",Success,9/3/2026 2:25,?140.70
4188,TXN2026104187,USR4254,MER12,Electronics & Gadgets,Bank UPI (Direct),"?12,720.15",Success,9/3/2026 17:21,?0.00
4189,TXN2026104188,USR3310,MER40,Food & Dining,Bank UPI (Direct),"?10,628.82",Pending,8/18/2026 23:54,?0.00
4190,TXN2026104189,USR2644,MER36,Food & Dining,Bank UPI (Direct),"?14,762.76",Success,8/12/2026 19:05,?0.00
4191,TXN2026104190,USR2665,MER26,Groceries & Supermarkets,Credit Card on UPI,"?13,783.81",Success,9/13/2026 11:40,?0.00
4192,TXN2026104191,USR1548,MER37,Groceries & Supermarkets,PPI Wallet UPI,"?7,245.81",Success,9/8/2026 3:16,?79.70
4193,TXN2026104192,USR2913,MER14,Groceries & Supermarkets,Credit Card on UPI,"?4,712.69",Success,8/20/2026 16:47,?0.00
4194,TXN2026104193,USR3293,MER45,Travel & Hospitality,Bank UPI (Direct),?380.38,Success,8/11/2026 16:33,?0.00
4195,TXN2026104194,USR1305,MER20,Electronics & Gadgets,PPI Wallet UPI,"?1,967.63",Success,8/1/2026 18:12,?0.00
4196,TXN2026104195,USR4191,MER39,Travel & Hospitality,PPI Wallet UPI,"?10,171.64",Success,9/4/2026 4:49,?111.89
4197,TXN2026104196,USR1098,MER44,Groceries & Supermarkets,Credit Card on UPI,"?1,926.71",Success,8/30/2026 11:28,?0.00
4198,TXN2026104197,USR2659,MER41,Food & Dining,Bank UPI (Direct),"?2,463.32",Success,9/4/2026 1:21,?0.00
4199,TXN2026104198,USR1769,MER29,Groceries & Supermarkets,PPI Wallet UPI,"?13,686.76",Success,8/17/2026 16:33,?150.55
4200,TXN2026104199,USR1348,MER38,Electronics & Gadgets,Bank UPI (Direct),"?4,113.73",Success,9/11/2026 5:30,?0.00
4201,TXN2026104200,USR1530,MER31,Electronics & Gadgets,Bank UPI (Direct),"?10,521.63",Pending,8/20/2026 15:14,?0.00
4202,TXN2026104201,USR1718,MER20,Groceries & Supermarkets,Bank UPI (Direct),"?1,633.79",Success,9/12/2026 20:35,?0.00
4203,TXN2026104202,USR2615,MER50,Food & Dining,Bank UPI (Direct),"?9,686.23",Success,8/4/2026 9:26,?0.00
4204,TXN2026104203,USR3371,MER16,Electronics & Gadgets,Bank UPI (Direct),"?8,027.44",Success,8/24/2026 23:47,?0.00
4205,TXN2026104204,USR4215,MER26,Electronics & Gadgets,PPI Wallet UPI,"?7,547.65",Success,8/26/2026 14:43,?83.02
4206,TXN2026104205,USR1445,MER40,Food & Dining,PPI Wallet UPI,"?11,720.06",Success,8/31/2026 22:03,?128.92
4207,TXN2026104206,USR3406,MER33,Electronics & Gadgets,PPI Wallet UPI,"?6,036.11",Failed,8/20/2026 15:22,?0.00
4208,TXN2026104207,USR4099,MER25,Groceries & Supermarkets,PPI Wallet UPI,"?8,911.71",Success,8/29/2026 8:51,?98.03
4209,TXN2026104208,USR4252,MER43,Food & Dining,Bank UPI (Direct),"?10,949.87",Success,8/5/2026 9:13,?0.00
4210,TXN2026104209,USR1757,MER43,Groceries & Supermarkets,Bank UPI (Direct),"?4,545.86",Success,8/19/2026 11:16,?0.00
4211,TXN2026104210,USR1961,MER20,Groceries & Supermarkets,Bank UPI (Direct),"?8,607.98",Success,9/10/2026 8:14,?0.00
4212,TXN2026104211,USR3619,MER20,Electronics & Gadgets,PPI Wallet UPI,"?4,462.01",Success,8/30/2026 7:05,?49.08
4213,TXN2026104212,USR3772,MER32,Electronics & Gadgets,Credit Card on UPI,"?4,873.63",Success,8/9/2026 3:02,?0.00
4214,TXN2026104213,USR2414,MER19,Electronics & Gadgets,Bank UPI (Direct),"?13,306.33",Success,8/31/2026 16:16,?0.00
4215,TXN2026104214,USR3817,MER46,Groceries & Supermarkets,Bank UPI (Direct),"?11,742.11",Success,9/12/2026 17:13,?0.00
4216,TXN2026104215,USR4319,MER30,Groceries & Supermarkets,Credit Card on UPI,"?11,229.47",Success,9/5/2026 5:04,?0.00
4217,TXN2026104216,USR3453,MER16,Electronics & Gadgets,Bank UPI (Direct),"?8,474.70",Success,8/26/2026 14:50,?0.00
4218,TXN2026104217,USR2295,MER30,Food & Dining,Bank UPI (Direct),?337.65,Success,8/26/2026 2:00,?0.00
4219,TXN2026104218,USR4660,MER47,Travel & Hospitality,Bank UPI (Direct),"?14,821.51",Success,9/13/2026 16:14,?0.00
4220,TXN2026104219,USR1971,MER44,Groceries & Supermarkets,PPI Wallet UPI,"?11,494.68",Success,8/5/2026 6:08,?126.44
4221,TXN2026104220,USR4832,MER32,Groceries & Supermarkets,Bank UPI (Direct),"?6,531.81",Success,8/29/2026 6:25,?0.00
4222,TXN2026104221,USR2165,MER32,Groceries & Supermarkets,PPI Wallet UPI,"?14,406.39",Success,9/10/2026 20:29,?158.47
4223,TXN2026104222,USR2488,MER19,Electronics & Gadgets,Bank UPI (Direct),"?1,996.45",Success,8/10/2026 20:21,?0.00
4224,TXN2026104223,USR3747,MER17,Travel & Hospitality,PPI Wallet UPI,"?8,930.30",Success,9/14/2026 21:59,?98.23
4225,TXN2026104224,USR3805,MER13,Groceries & Supermarkets,PPI Wallet UPI,"?4,695.84",Success,8/28/2026 16:52,?51.65
4226,TXN2026104225,USR3009,MER30,Food & Dining,Credit Card on UPI,?135.96,Success,8/15/2026 15:52,?0.00
4227,TXN2026104226,USR3922,MER41,Travel & Hospitality,PPI Wallet UPI,"?11,489.82",Failed,8/15/2026 8:00,?0.00
4228,TXN2026104227,USR3824,MER19,Travel & Hospitality,Bank UPI (Direct),"?4,803.14",Success,8/25/2026 7:55,?0.00
4229,TXN2026104228,USR3403,MER29,Groceries & Supermarkets,Bank UPI (Direct),"?4,673.90",Failed,9/2/2026 13:26,?0.00
4230,TXN2026104229,USR3498,MER43,Groceries & Supermarkets,Bank UPI (Direct),"?1,009.83",Success,9/8/2026 14:57,?0.00
4231,TXN2026104230,USR3105,MER26,Travel & Hospitality,Credit Card on UPI,?634.50,Success,9/3/2026 17:08,?0.00
4232,TXN2026104231,USR4941,MER26,Food & Dining,PPI Wallet UPI,"?13,185.19",Success,8/15/2026 0:17,?145.04
4233,TXN2026104232,USR3854,MER35,Food & Dining,Bank UPI (Direct),"?8,613.72",Success,8/5/2026 0:52,?0.00
4234,TXN2026104233,USR2634,MER33,Electronics & Gadgets,PPI Wallet UPI,"?1,795.50",Success,8/3/2026 0:03,?0.00
4235,TXN2026104234,USR4298,MER18,Food & Dining,PPI Wallet UPI,"?6,503.22",Success,8/3/2026 21:13,?71.54
4236,TXN2026104235,USR1401,MER14,Food & Dining,Credit Card on UPI,"?5,439.68",Success,8/21/2026 16:08,?0.00
4237,TXN2026104236,USR3870,MER30,Electronics & Gadgets,PPI Wallet UPI,"?3,633.34",Success,8/29/2026 16:41,?39.97
4238,TXN2026104237,USR1495,MER27,Food & Dining,PPI Wallet UPI,"?5,861.11",Success,9/14/2026 23:15,?64.47
4239,TXN2026104238,USR3596,MER35,Food & Dining,Bank UPI (Direct),"?14,320.95",Success,8/21/2026 7:56,?0.00
4240,TXN2026104239,USR1289,MER16,Groceries & Supermarkets,Bank UPI (Direct),"?5,743.52",Success,8/13/2026 3:52,?0.00
4241,TXN2026104240,USR2157,MER50,Food & Dining,Bank UPI (Direct),"?9,072.83",Success,9/14/2026 22:34,?0.00
4242,TXN2026104241,USR3886,MER24,Groceries & Supermarkets,Bank UPI (Direct),"?10,462.88",Failed,9/7/2026 11:11,?0.00
4243,TXN2026104242,USR2593,MER33,Groceries & Supermarkets,Bank UPI (Direct),"?4,497.52",Success,8/1/2026 17:49,?0.00
4244,TXN2026104243,USR2562,MER47,Electronics & Gadgets,PPI Wallet UPI,"?10,227.39",Success,8/24/2026 5:23,?112.50
4245,TXN2026104244,USR2866,MER16,Electronics & Gadgets,Bank UPI (Direct),"?4,282.59",Success,8/5/2026 8:01,?0.00
4246,TXN2026104245,USR2939,MER32,Food & Dining,PPI Wallet UPI,"?7,475.52",Success,8/29/2026 11:06,?82.23
4247,TXN2026104246,USR3850,MER35,Groceries & Supermarkets,PPI Wallet UPI,"?10,706.76",Success,8/11/2026 5:56,?117.77
4248,TXN2026104247,USR2428,MER10,Groceries & Supermarkets,Bank UPI (Direct),"?3,061.27",Success,8/12/2026 17:22,?0.00
4249,TXN2026104248,USR1275,MER38,Groceries & Supermarkets,PPI Wallet UPI,"?12,874.69",Pending,8/21/2026 23:23,?0.00
4250,TXN2026104249,USR4081,MER38,Groceries & Supermarkets,PPI Wallet UPI,"?6,108.87",Success,9/9/2026 15:22,?67.20
4251,TXN2026104250,USR4621,MER46,Electronics & Gadgets,Credit Card on UPI,"?5,188.50",Success,9/5/2026 9:43,?0.00
4252,TXN2026104251,USR1864,MER43,Groceries & Supermarkets,PPI Wallet UPI,"?5,937.69",Success,8/8/2026 3:05,?65.31
4253,TXN2026104252,USR3370,MER33,Food & Dining,Credit Card on UPI,"?7,593.04",Success,9/8/2026 16:13,?0.00
4254,TXN2026104253,USR3214,MER41,Groceries & Supermarkets,PPI Wallet UPI,"?14,423.42",Success,8/7/2026 23:49,?158.66
4255,TXN2026104254,USR4286,MER29,Travel & Hospitality,PPI Wallet UPI,"?8,882.73",Success,9/9/2026 13:19,?97.71
4256,TXN2026104255,USR1960,MER45,Electronics & Gadgets,Bank UPI (Direct),"?8,185.43",Success,8/17/2026 15:21,?0.00
4257,TXN2026104256,USR3803,MER50,Food & Dining,Credit Card on UPI,"?7,484.30",Success,9/11/2026 5:38,?0.00
4258,TXN2026104257,USR1758,MER27,Travel & Hospitality,PPI Wallet UPI,"?5,318.49",Success,8/20/2026 23:38,?58.50
4259,TXN2026104258,USR3037,MER16,Electronics & Gadgets,Bank UPI (Direct),"?4,735.38",Success,9/15/2026 8:12,?0.00
4260,TXN2026104259,USR1766,MER15,Groceries & Supermarkets,PPI Wallet UPI,"?3,813.97",Success,8/11/2026 5:45,?41.95
4261,TXN2026104260,USR3522,MER44,Groceries & Supermarkets,Bank UPI (Direct),"?8,958.23",Success,8/3/2026 11:24,?0.00
4262,TXN2026104261,USR4559,MER29,Food & Dining,Bank UPI (Direct),"?10,258.29",Success,8/20/2026 6:30,?0.00
4263,TXN2026104262,USR3135,MER16,Groceries & Supermarkets,Bank UPI (Direct),?893.20,Success,8/30/2026 23:29,?0.00
4264,TXN2026104263,USR3184,MER24,Groceries & Supermarkets,Bank UPI (Direct),"?11,463.82",Success,8/20/2026 19:40,?0.00
4265,TXN2026104264,USR4944,MER45,Groceries & Supermarkets,Credit Card on UPI,"?8,901.10",Success,8/2/2026 5:58,?0.00
4266,TXN2026104265,USR4378,MER12,Food & Dining,Credit Card on UPI,"?10,868.80",Success,8/16/2026 20:05,?0.00
4267,TXN2026104266,USR3453,MER33,Groceries & Supermarkets,PPI Wallet UPI,"?3,657.83",Success,8/12/2026 5:20,?40.24
4268,TXN2026104267,USR4749,MER46,Food & Dining,Bank UPI (Direct),"?6,959.16",Success,8/10/2026 6:59,?0.00
4269,TXN2026104268,USR1380,MER23,Groceries & Supermarkets,PPI Wallet UPI,"?13,604.10",Success,8/23/2026 4:23,?149.65
4270,TXN2026104269,USR4238,MER21,Groceries & Supermarkets,PPI Wallet UPI,"?7,830.09",Failed,8/15/2026 20:57,?0.00
4271,TXN2026104270,USR4099,MER30,Groceries & Supermarkets,PPI Wallet UPI,"?2,312.38",Success,8/7/2026 16:35,?25.44
4272,TXN2026104271,USR2428,MER30,Electronics & Gadgets,Bank UPI (Direct),"?12,314.63",Failed,8/27/2026 4:29,?0.00
4273,TXN2026104272,USR3340,MER14,Groceries & Supermarkets,Bank UPI (Direct),"?7,359.29",Success,8/10/2026 15:45,?0.00
4274,TXN2026104273,USR1836,MER25,Groceries & Supermarkets,PPI Wallet UPI,"?4,546.15",Success,8/5/2026 8:20,?50.01
4275,TXN2026104274,USR1799,MER36,Groceries & Supermarkets,Bank UPI (Direct),"?4,256.68",Success,8/31/2026 13:33,?0.00
4276,TXN2026104275,USR1363,MER17,Travel & Hospitality,Bank UPI (Direct),"?13,838.97",Success,8/15/2026 19:10,?0.00
4277,TXN2026104276,USR1581,MER39,Travel & Hospitality,Bank UPI (Direct),"?2,026.79",Success,8/19/2026 16:57,?0.00
4278,TXN2026104277,USR1541,MER42,Groceries & Supermarkets,Bank UPI (Direct),?830.01,Success,8/16/2026 18:04,?0.00
4279,TXN2026104278,USR4102,MER15,Groceries & Supermarkets,PPI Wallet UPI,"?7,371.71",Success,9/5/2026 8:18,?81.09
4280,TXN2026104279,USR3343,MER30,Groceries & Supermarkets,PPI Wallet UPI,"?1,798.90",Success,8/26/2026 20:29,?0.00
4281,TXN2026104280,USR3205,MER17,Electronics & Gadgets,Bank UPI (Direct),"?12,583.77",Success,9/8/2026 21:47,?0.00
4282,TXN2026104281,USR1891,MER40,Electronics & Gadgets,Bank UPI (Direct),"?9,999.54",Success,8/28/2026 18:40,?0.00
4283,TXN2026104282,USR1024,MER15,Electronics & Gadgets,Bank UPI (Direct),"?8,438.90",Success,9/10/2026 19:06,?0.00
4284,TXN2026104283,USR4089,MER14,Food & Dining,Bank UPI (Direct),"?12,412.65",Success,8/11/2026 19:52,?0.00
4285,TXN2026104284,USR1317,MER13,Groceries & Supermarkets,Bank UPI (Direct),"?12,256.99",Success,8/6/2026 5:34,?0.00
4286,TXN2026104285,USR4803,MER19,Groceries & Supermarkets,Credit Card on UPI,"?1,123.54",Success,8/21/2026 14:40,?0.00
4287,TXN2026104286,USR4925,MER14,Electronics & Gadgets,Bank UPI (Direct),"?8,644.86",Success,9/7/2026 17:39,?0.00
4288,TXN2026104287,USR4635,MER13,Groceries & Supermarkets,Bank UPI (Direct),"?12,946.78",Success,8/17/2026 2:38,?0.00
4289,TXN2026104288,USR2103,MER22,Electronics & Gadgets,Credit Card on UPI,"?13,173.36",Success,8/7/2026 4:29,?0.00
4290,TXN2026104289,USR2631,MER19,Groceries & Supermarkets,Bank UPI (Direct),"?6,262.87",Success,8/25/2026 7:38,?0.00
4291,TXN2026104290,USR3282,MER10,Groceries & Supermarkets,Bank UPI (Direct),"?1,151.41",Success,8/29/2026 23:22,?0.00
4292,TXN2026104291,USR3529,MER27,Groceries & Supermarkets,PPI Wallet UPI,"?12,682.65",Success,8/17/2026 16:31,?139.51
4293,TXN2026104292,USR3728,MER21,Groceries & Supermarkets,PPI Wallet UPI,"?7,139.79",Success,8/20/2026 1:35,?78.54
4294,TXN2026104293,USR2862,MER41,Groceries & Supermarkets,Bank UPI (Direct),"?11,578.69",Success,8/20/2026 11:38,?0.00
4295,TXN2026104294,USR3593,MER10,Groceries & Supermarkets,Bank UPI (Direct),"?6,137.27",Success,8/11/2026 2:09,?0.00
4296,TXN2026104295,USR4997,MER40,Groceries & Supermarkets,Bank UPI (Direct),"?5,594.98",Success,8/5/2026 20:14,?0.00
4297,TXN2026104296,USR1761,MER22,Food & Dining,PPI Wallet UPI,"?8,171.04",Success,9/10/2026 2:20,?89.88
4298,TXN2026104297,USR4517,MER49,Food & Dining,Credit Card on UPI,?437.80,Failed,8/31/2026 3:59,?0.00
4299,TXN2026104298,USR2514,MER34,Electronics & Gadgets,PPI Wallet UPI,"?6,890.95",Pending,8/12/2026 6:33,?0.00
4300,TXN2026104299,USR3059,MER35,Groceries & Supermarkets,Bank UPI (Direct),"?1,604.52",Success,8/24/2026 17:51,?0.00
4301,TXN2026104300,USR1437,MER46,Food & Dining,PPI Wallet UPI,"?6,558.37",Success,8/30/2026 6:44,?72.14
4302,TXN2026104301,USR3990,MER37,Food & Dining,Bank UPI (Direct),"?7,732.04",Success,8/12/2026 4:17,?0.00
4303,TXN2026104302,USR1000,MER24,Travel & Hospitality,Bank UPI (Direct),"?14,207.34",Success,8/8/2026 13:00,?0.00
4304,TXN2026104303,USR1439,MER11,Groceries & Supermarkets,PPI Wallet UPI,"?9,402.91",Success,8/29/2026 6:16,?103.43
4305,TXN2026104304,USR4800,MER11,Groceries & Supermarkets,Bank UPI (Direct),"?2,990.07",Success,8/15/2026 19:53,?0.00
4306,TXN2026104305,USR4101,MER19,Electronics & Gadgets,PPI Wallet UPI,"?13,504.98",Success,8/2/2026 11:23,?148.55
4307,TXN2026104306,USR2939,MER18,Food & Dining,Credit Card on UPI,"?5,979.86",Success,8/27/2026 15:56,?0.00
4308,TXN2026104307,USR2462,MER39,Electronics & Gadgets,Bank UPI (Direct),"?8,213.38",Success,9/6/2026 12:14,?0.00
4309,TXN2026104308,USR3320,MER30,Food & Dining,PPI Wallet UPI,"?4,777.21",Success,9/1/2026 23:57,?52.55
4310,TXN2026104309,USR1585,MER10,Groceries & Supermarkets,Bank UPI (Direct),"?8,745.19",Success,8/8/2026 3:04,?0.00
4311,TXN2026104310,USR3547,MER23,Electronics & Gadgets,PPI Wallet UPI,"?3,664.90",Success,8/1/2026 0:04,?40.31
4312,TXN2026104311,USR3532,MER42,Food & Dining,PPI Wallet UPI,"?3,290.25",Success,8/10/2026 1:07,?36.19
4313,TXN2026104312,USR4737,MER37,Groceries & Supermarkets,Credit Card on UPI,"?10,766.03",Success,8/31/2026 18:58,?0.00
4314,TXN2026104313,USR1127,MER47,Groceries & Supermarkets,Bank UPI (Direct),"?9,914.74",Success,9/7/2026 18:02,?0.00
4315,TXN2026104314,USR2769,MER50,Groceries & Supermarkets,Bank UPI (Direct),"?3,724.68",Success,9/1/2026 4:30,?0.00
4316,TXN2026104315,USR3203,MER37,Electronics & Gadgets,PPI Wallet UPI,"?11,384.32",Success,9/14/2026 0:57,?125.23
4317,TXN2026104316,USR3746,MER13,Groceries & Supermarkets,PPI Wallet UPI,"?12,458.56",Success,9/8/2026 14:49,?137.04
4318,TXN2026104317,USR2359,MER42,Groceries & Supermarkets,Bank UPI (Direct),"?11,983.45",Success,8/13/2026 15:32,?0.00
4319,TXN2026104318,USR4018,MER29,Groceries & Supermarkets,Credit Card on UPI,"?14,972.33",Success,8/28/2026 16:33,?0.00
4320,TXN2026104319,USR2727,MER24,Travel & Hospitality,Credit Card on UPI,"?7,529.84",Success,9/11/2026 23:41,?0.00
4321,TXN2026104320,USR2090,MER38,Travel & Hospitality,Bank UPI (Direct),"?14,343.17",Success,9/14/2026 18:03,?0.00
4322,TXN2026104321,USR1348,MER45,Travel & Hospitality,PPI Wallet UPI,"?8,100.53",Success,9/5/2026 23:39,?89.11
4323,TXN2026104322,USR4919,MER34,Electronics & Gadgets,PPI Wallet UPI,"?9,524.64",Success,9/6/2026 1:07,?104.77
4324,TXN2026104323,USR1258,MER11,Food & Dining,Bank UPI (Direct),?126.20,Success,8/6/2026 4:08,?0.00
4325,TXN2026104324,USR2626,MER40,Groceries & Supermarkets,PPI Wallet UPI,"?11,283.22",Failed,9/11/2026 15:57,?0.00
4326,TXN2026104325,USR2101,MER43,Groceries & Supermarkets,Bank UPI (Direct),"?1,087.96",Success,8/7/2026 18:07,?0.00
4327,TXN2026104326,USR4265,MER45,Groceries & Supermarkets,Bank UPI (Direct),"?2,307.89",Success,8/31/2026 22:30,?0.00
4328,TXN2026104327,USR2769,MER50,Groceries & Supermarkets,Bank UPI (Direct),"?1,051.02",Success,9/4/2026 18:44,?0.00
4329,TXN2026104328,USR4547,MER24,Groceries & Supermarkets,PPI Wallet UPI,"?14,281.61",Success,9/9/2026 2:25,?157.10
4330,TXN2026104329,USR4002,MER11,Groceries & Supermarkets,PPI Wallet UPI,"?13,412.86",Success,8/10/2026 21:56,?147.54
4331,TXN2026104330,USR3600,MER26,Travel & Hospitality,Bank UPI (Direct),"?13,520.43",Failed,9/7/2026 9:55,?0.00
4332,TXN2026104331,USR2408,MER15,Food & Dining,Credit Card on UPI,"?8,340.89",Success,9/5/2026 23:20,?0.00
4333,TXN2026104332,USR1855,MER34,Groceries & Supermarkets,PPI Wallet UPI,"?12,543.63",Success,8/5/2026 6:32,?137.98
4334,TXN2026104333,USR4057,MER33,Electronics & Gadgets,Credit Card on UPI,"?5,322.48",Success,8/6/2026 7:37,?0.00
4335,TXN2026104334,USR3049,MER21,Food & Dining,Bank UPI (Direct),"?9,303.73",Success,8/7/2026 23:26,?0.00
4336,TXN2026104335,USR4041,MER34,Groceries & Supermarkets,PPI Wallet UPI,"?5,672.25",Success,8/31/2026 12:34,?62.39
4337,TXN2026104336,USR3994,MER22,Food & Dining,Bank UPI (Direct),"?14,786.86",Success,8/27/2026 12:21,?0.00
4338,TXN2026104337,USR2131,MER40,Groceries & Supermarkets,Bank UPI (Direct),"?13,155.03",Success,8/28/2026 9:03,?0.00
4339,TXN2026104338,USR3273,MER28,Groceries & Supermarkets,Bank UPI (Direct),"?9,537.59",Success,8/16/2026 4:46,?0.00
4340,TXN2026104339,USR1922,MER24,Electronics & Gadgets,PPI Wallet UPI,"?9,612.88",Success,9/13/2026 3:18,?105.74
4341,TXN2026104340,USR4762,MER33,Food & Dining,PPI Wallet UPI,"?6,626.00",Success,9/5/2026 6:01,?72.89
4342,TXN2026104341,USR2527,MER18,Travel & Hospitality,PPI Wallet UPI,"?14,661.82",Success,8/2/2026 6:59,?161.28
4343,TXN2026104342,USR4279,MER40,Groceries & Supermarkets,Bank UPI (Direct),"?10,840.89",Success,8/12/2026 3:34,?0.00
4344,TXN2026104343,USR1504,MER29,Groceries & Supermarkets,Credit Card on UPI,"?10,670.77",Failed,8/28/2026 12:27,?0.00
4345,TXN2026104344,USR3437,MER19,Travel & Hospitality,Bank UPI (Direct),"?3,009.21",Success,8/15/2026 16:26,?0.00
4346,TXN2026104345,USR1606,MER12,Electronics & Gadgets,Bank UPI (Direct),"?14,334.07",Success,8/2/2026 16:33,?0.00
4347,TXN2026104346,USR2986,MER49,Groceries & Supermarkets,Bank UPI (Direct),"?1,222.70",Success,9/11/2026 14:31,?0.00
4348,TXN2026104347,USR4785,MER16,Travel & Hospitality,PPI Wallet UPI,"?10,293.45",Success,9/3/2026 17:50,?113.23
4349,TXN2026104348,USR3847,MER42,Food & Dining,Bank UPI (Direct),"?1,505.01",Success,8/19/2026 7:47,?0.00
4350,TXN2026104349,USR3132,MER31,Electronics & Gadgets,Credit Card on UPI,"?14,164.31",Success,8/29/2026 10:26,?0.00
4351,TXN2026104350,USR4136,MER33,Groceries & Supermarkets,Credit Card on UPI,"?2,632.51",Success,8/2/2026 10:44,?0.00
4352,TXN2026104351,USR2678,MER18,Electronics & Gadgets,Bank UPI (Direct),"?13,193.25",Success,8/4/2026 20:48,?0.00
4353,TXN2026104352,USR3844,MER14,Groceries & Supermarkets,Bank UPI (Direct),"?5,715.77",Success,8/15/2026 5:21,?0.00
4354,TXN2026104353,USR3134,MER17,Travel & Hospitality,Bank UPI (Direct),"?12,642.26",Success,9/3/2026 4:11,?0.00
4355,TXN2026104354,USR1204,MER20,Electronics & Gadgets,PPI Wallet UPI,"?14,923.03",Success,8/5/2026 12:22,?164.15
4356,TXN2026104355,USR2907,MER36,Groceries & Supermarkets,Bank UPI (Direct),"?11,586.08",Success,9/6/2026 2:32,?0.00
4357,TXN2026104356,USR4137,MER12,Electronics & Gadgets,Credit Card on UPI,"?8,053.25",Success,9/5/2026 9:57,?0.00
4358,TXN2026104357,USR3803,MER25,Electronics & Gadgets,PPI Wallet UPI,"?14,069.88",Success,9/14/2026 9:43,?154.77
4359,TXN2026104358,USR3679,MER47,Food & Dining,PPI Wallet UPI,"?2,412.04",Success,9/2/2026 10:29,?26.53
4360,TXN2026104359,USR1177,MER18,Electronics & Gadgets,Bank UPI (Direct),"?10,005.23",Success,8/2/2026 7:13,?0.00
4361,TXN2026104360,USR2138,MER43,Electronics & Gadgets,PPI Wallet UPI,"?6,495.52",Success,8/2/2026 11:24,?71.45
4362,TXN2026104361,USR1753,MER42,Food & Dining,PPI Wallet UPI,"?2,183.47",Success,8/23/2026 16:38,?24.02
4363,TXN2026104362,USR1127,MER43,Groceries & Supermarkets,PPI Wallet UPI,"?3,750.10",Success,9/6/2026 10:53,?41.25
4364,TXN2026104363,USR4840,MER17,Groceries & Supermarkets,PPI Wallet UPI,"?10,084.56",Success,9/12/2026 13:38,?110.93
4365,TXN2026104364,USR3495,MER34,Groceries & Supermarkets,Bank UPI (Direct),"?13,685.60",Success,9/12/2026 21:42,?0.00
4366,TXN2026104365,USR3201,MER26,Groceries & Supermarkets,PPI Wallet UPI,"?13,299.56",Success,8/19/2026 5:30,?146.30
4367,TXN2026104366,USR3760,MER18,Groceries & Supermarkets,PPI Wallet UPI,"?7,203.15",Success,9/6/2026 13:33,?79.23
4368,TXN2026104367,USR1975,MER39,Groceries & Supermarkets,Credit Card on UPI,"?12,677.86",Success,8/28/2026 23:31,?0.00
4369,TXN2026104368,USR3480,MER28,Food & Dining,Bank UPI (Direct),"?4,924.46",Success,8/7/2026 23:51,?0.00
4370,TXN2026104369,USR1798,MER15,Groceries & Supermarkets,PPI Wallet UPI,"?5,714.56",Success,8/15/2026 3:38,?62.86
4371,TXN2026104370,USR3578,MER18,Electronics & Gadgets,PPI Wallet UPI,"?12,009.06",Success,8/7/2026 15:36,?132.10
4372,TXN2026104371,USR4733,MER40,Groceries & Supermarkets,Bank UPI (Direct),"?1,196.69",Success,8/12/2026 20:58,?0.00
4373,TXN2026104372,USR2029,MER30,Food & Dining,Credit Card on UPI,"?13,261.99",Success,8/13/2026 3:30,?0.00
4374,TXN2026104373,USR4198,MER40,Groceries & Supermarkets,Bank UPI (Direct),"?13,589.73",Success,9/9/2026 11:27,?0.00
4375,TXN2026104374,USR1022,MER14,Food & Dining,Bank UPI (Direct),"?7,915.24",Success,9/13/2026 7:03,?0.00
4376,TXN2026104375,USR1295,MER34,Groceries & Supermarkets,Bank UPI (Direct),?583.06,Failed,8/4/2026 7:50,?0.00
4377,TXN2026104376,USR2020,MER50,Electronics & Gadgets,Bank UPI (Direct),"?8,423.80",Success,9/2/2026 19:55,?0.00
4378,TXN2026104377,USR3764,MER28,Groceries & Supermarkets,Bank UPI (Direct),"?5,525.42",Success,9/12/2026 9:07,?0.00
4379,TXN2026104378,USR2233,MER48,Electronics & Gadgets,Bank UPI (Direct),"?13,613.89",Success,8/9/2026 0:05,?0.00
4380,TXN2026104379,USR4558,MER15,Groceries & Supermarkets,Bank UPI (Direct),"?2,571.32",Success,9/14/2026 23:05,?0.00
4381,TXN2026104380,USR1872,MER46,Groceries & Supermarkets,PPI Wallet UPI,"?6,158.55",Success,9/4/2026 7:24,?67.74
4382,TXN2026104381,USR4860,MER31,Food & Dining,Bank UPI (Direct),"?4,962.90",Failed,8/15/2026 4:50,?0.00
4383,TXN2026104382,USR4782,MER47,Food & Dining,Credit Card on UPI,?969.66,Success,8/24/2026 19:10,?0.00
4384,TXN2026104383,USR2405,MER10,Electronics & Gadgets,Bank UPI (Direct),"?14,674.29",Success,9/12/2026 14:03,?0.00
4385,TXN2026104384,USR3739,MER40,Food & Dining,Bank UPI (Direct),"?10,781.92",Success,8/5/2026 23:22,?0.00
4386,TXN2026104385,USR3449,MER16,Electronics & Gadgets,Bank UPI (Direct),"?2,999.44",Success,8/3/2026 0:32,?0.00
4387,TXN2026104386,USR1336,MER34,Electronics & Gadgets,Credit Card on UPI,"?8,161.67",Success,9/3/2026 16:14,?0.00
4388,TXN2026104387,USR3506,MER21,Groceries & Supermarkets,PPI Wallet UPI,"?4,200.78",Success,9/3/2026 23:21,?46.21
4389,TXN2026104388,USR4944,MER16,Travel & Hospitality,PPI Wallet UPI,"?11,546.72",Success,8/22/2026 2:47,?127.01
4390,TXN2026104389,USR3310,MER18,Travel & Hospitality,Credit Card on UPI,"?12,768.73",Success,9/7/2026 3:38,?0.00
4391,TXN2026104390,USR4906,MER49,Electronics & Gadgets,Bank UPI (Direct),"?7,805.69",Success,8/2/2026 15:24,?0.00
4392,TXN2026104391,USR1631,MER13,Electronics & Gadgets,PPI Wallet UPI,"?10,984.82",Success,9/1/2026 23:36,?120.83
4393,TXN2026104392,USR1459,MER36,Electronics & Gadgets,PPI Wallet UPI,"?13,529.57",Success,8/5/2026 12:06,?148.83
4394,TXN2026104393,USR1628,MER17,Groceries & Supermarkets,Bank UPI (Direct),"?2,793.23",Success,8/26/2026 16:56,?0.00
4395,TXN2026104394,USR1449,MER28,Groceries & Supermarkets,PPI Wallet UPI,"?8,813.51",Success,9/8/2026 4:30,?96.95
4396,TXN2026104395,USR4502,MER41,Groceries & Supermarkets,Bank UPI (Direct),"?9,874.42",Success,8/18/2026 18:12,?0.00
4397,TXN2026104396,USR4077,MER21,Groceries & Supermarkets,PPI Wallet UPI,"?7,106.73",Success,8/13/2026 14:38,?78.17
4398,TXN2026104397,USR2139,MER21,Electronics & Gadgets,Credit Card on UPI,"?7,529.12",Success,8/13/2026 8:31,?0.00
4399,TXN2026104398,USR2836,MER42,Food & Dining,Bank UPI (Direct),"?1,011.49",Success,8/16/2026 19:59,?0.00
4400,TXN2026104399,USR3094,MER42,Groceries & Supermarkets,Bank UPI (Direct),"?3,055.93",Success,8/30/2026 18:59,?0.00
4401,TXN2026104400,USR2206,MER44,Travel & Hospitality,Credit Card on UPI,"?14,208.15",Success,8/12/2026 4:48,?0.00
4402,TXN2026104401,USR3366,MER40,Travel & Hospitality,PPI Wallet UPI,"?9,560.77",Success,9/14/2026 23:47,?105.17
4403,TXN2026104402,USR1743,MER16,Groceries & Supermarkets,Credit Card on UPI,"?12,685.72",Success,8/21/2026 14:44,?0.00
4404,TXN2026104403,USR4975,MER14,Groceries & Supermarkets,Bank UPI (Direct),"?6,230.06",Success,9/14/2026 22:53,?0.00
4405,TXN2026104404,USR3672,MER10,Groceries & Supermarkets,PPI Wallet UPI,?766.61,Success,9/15/2026 4:00,?0.00
4406,TXN2026104405,USR1300,MER31,Food & Dining,Credit Card on UPI,"?2,694.50",Success,9/5/2026 17:13,?0.00
4407,TXN2026104406,USR1756,MER12,Food & Dining,Bank UPI (Direct),"?11,271.80",Success,8/8/2026 22:19,?0.00
4408,TXN2026104407,USR3106,MER48,Groceries & Supermarkets,Bank UPI (Direct),"?13,350.82",Success,9/7/2026 9:45,?0.00
4409,TXN2026104408,USR2949,MER34,Groceries & Supermarkets,Bank UPI (Direct),"?14,884.78",Success,8/22/2026 17:54,?0.00
4410,TXN2026104409,USR3488,MER10,Food & Dining,PPI Wallet UPI,"?12,030.30",Success,8/1/2026 16:25,?132.33
4411,TXN2026104410,USR4253,MER46,Food & Dining,PPI Wallet UPI,"?13,464.90",Success,8/14/2026 22:45,?148.11
4412,TXN2026104411,USR2502,MER37,Electronics & Gadgets,Bank UPI (Direct),"?11,821.01",Success,8/21/2026 7:48,?0.00
4413,TXN2026104412,USR3147,MER17,Food & Dining,Bank UPI (Direct),"?11,824.48",Success,8/27/2026 11:17,?0.00
4414,TXN2026104413,USR4704,MER23,Groceries & Supermarkets,Credit Card on UPI,"?1,546.80",Success,8/19/2026 3:00,?0.00
4415,TXN2026104414,USR4469,MER50,Food & Dining,PPI Wallet UPI,"?11,218.48",Success,9/6/2026 16:39,?123.40
4416,TXN2026104415,USR4213,MER32,Food & Dining,Bank UPI (Direct),"?9,987.52",Success,9/8/2026 5:59,?0.00
4417,TXN2026104416,USR4263,MER46,Groceries & Supermarkets,Bank UPI (Direct),"?6,517.63",Success,8/13/2026 20:47,?0.00
4418,TXN2026104417,USR3260,MER50,Groceries & Supermarkets,PPI Wallet UPI,"?5,481.51",Success,8/28/2026 9:38,?60.30
4419,TXN2026104418,USR3464,MER44,Electronics & Gadgets,PPI Wallet UPI,"?10,861.57",Success,9/14/2026 1:56,?119.48
4420,TXN2026104419,USR3681,MER48,Groceries & Supermarkets,PPI Wallet UPI,?99.59,Failed,9/13/2026 7:31,?0.00
4421,TXN2026104420,USR3475,MER29,Electronics & Gadgets,Credit Card on UPI,"?3,560.49",Success,8/21/2026 13:07,?0.00
4422,TXN2026104421,USR4420,MER12,Groceries & Supermarkets,PPI Wallet UPI,"?4,475.84",Success,8/22/2026 5:58,?49.23
4423,TXN2026104422,USR1820,MER20,Food & Dining,PPI Wallet UPI,"?13,427.82",Success,9/5/2026 12:55,?147.71
4424,TXN2026104423,USR2942,MER19,Groceries & Supermarkets,Bank UPI (Direct),"?8,957.08",Success,8/16/2026 3:41,?0.00
4425,TXN2026104424,USR1822,MER35,Groceries & Supermarkets,Bank UPI (Direct),"?7,256.94",Success,8/30/2026 10:19,?0.00
4426,TXN2026104425,USR2864,MER44,Travel & Hospitality,Bank UPI (Direct),"?12,880.87",Success,8/15/2026 17:41,?0.00
4427,TXN2026104426,USR3456,MER22,Food & Dining,Bank UPI (Direct),"?5,515.41",Success,9/6/2026 10:02,?0.00
4428,TXN2026104427,USR3186,MER23,Travel & Hospitality,Bank UPI (Direct),"?9,407.23",Success,9/5/2026 5:14,?0.00
4429,TXN2026104428,USR4379,MER14,Electronics & Gadgets,Bank UPI (Direct),?582.44,Success,8/21/2026 23:08,?0.00
4430,TXN2026104429,USR2885,MER44,Food & Dining,Bank UPI (Direct),"?10,456.82",Success,9/3/2026 17:37,?0.00
4431,TXN2026104430,USR2484,MER38,Food & Dining,PPI Wallet UPI,"?6,178.92",Success,8/28/2026 1:02,?67.97
4432,TXN2026104431,USR4879,MER38,Electronics & Gadgets,Credit Card on UPI,"?13,701.64",Success,8/24/2026 20:44,?0.00
4433,TXN2026104432,USR2509,MER31,Groceries & Supermarkets,PPI Wallet UPI,"?6,645.23",Success,8/30/2026 1:46,?73.10
4434,TXN2026104433,USR3345,MER29,Groceries & Supermarkets,Bank UPI (Direct),"?8,796.26",Success,8/31/2026 22:06,?0.00
4435,TXN2026104434,USR2765,MER38,Groceries & Supermarkets,PPI Wallet UPI,"?6,837.92",Success,9/12/2026 15:19,?75.22
4436,TXN2026104435,USR4370,MER12,Electronics & Gadgets,PPI Wallet UPI,"?4,773.48",Success,9/10/2026 5:18,?52.51
4437,TXN2026104436,USR1926,MER31,Groceries & Supermarkets,Credit Card on UPI,"?7,510.63",Success,9/9/2026 19:57,?0.00
4438,TXN2026104437,USR2030,MER18,Groceries & Supermarkets,Bank UPI (Direct),"?9,457.16",Success,8/7/2026 1:10,?0.00
4439,TXN2026104438,USR2523,MER48,Groceries & Supermarkets,Bank UPI (Direct),"?10,998.83",Success,8/25/2026 3:40,?0.00
4440,TXN2026104439,USR2537,MER20,Food & Dining,PPI Wallet UPI,"?5,512.33",Success,8/5/2026 2:59,?60.64
4441,TXN2026104440,USR2993,MER35,Electronics & Gadgets,Bank UPI (Direct),?529.28,Success,9/9/2026 0:58,?0.00
4442,TXN2026104441,USR3704,MER15,Groceries & Supermarkets,Bank UPI (Direct),?85.06,Success,8/14/2026 19:34,?0.00
4443,TXN2026104442,USR1015,MER33,Electronics & Gadgets,Bank UPI (Direct),"?6,248.05",Success,8/27/2026 19:43,?0.00
4444,TXN2026104443,USR3680,MER23,Groceries & Supermarkets,PPI Wallet UPI,"?2,850.34",Success,8/17/2026 23:49,?31.35
4445,TXN2026104444,USR2039,MER12,Food & Dining,Credit Card on UPI,"?12,050.79",Success,8/2/2026 16:10,?0.00
4446,TXN2026104445,USR3951,MER50,Travel & Hospitality,PPI Wallet UPI,"?4,387.04",Success,8/17/2026 6:26,?48.26
4447,TXN2026104446,USR4390,MER32,Food & Dining,Bank UPI (Direct),"?11,046.71",Success,8/3/2026 23:53,?0.00
4448,TXN2026104447,USR3904,MER47,Food & Dining,Bank UPI (Direct),"?10,564.11",Success,9/13/2026 4:44,?0.00
4449,TXN2026104448,USR2356,MER13,Food & Dining,PPI Wallet UPI,"?8,673.04",Success,9/10/2026 7:38,?95.40
4450,TXN2026104449,USR3885,MER19,Food & Dining,PPI Wallet UPI,"?1,777.00",Success,9/11/2026 19:55,?0.00
4451,TXN2026104450,USR1541,MER32,Groceries & Supermarkets,PPI Wallet UPI,"?10,016.94",Success,8/9/2026 21:06,?110.19
4452,TXN2026104451,USR1960,MER35,Groceries & Supermarkets,Bank UPI (Direct),"?1,210.37",Success,9/10/2026 12:02,?0.00
4453,TXN2026104452,USR1044,MER34,Food & Dining,Bank UPI (Direct),"?14,398.72",Success,8/13/2026 12:32,?0.00
4454,TXN2026104453,USR4889,MER11,Groceries & Supermarkets,Bank UPI (Direct),"?4,713.53",Success,8/1/2026 16:08,?0.00
4455,TXN2026104454,USR4499,MER50,Electronics & Gadgets,Bank UPI (Direct),?299.74,Success,9/10/2026 21:03,?0.00
4456,TXN2026104455,USR2849,MER14,Food & Dining,Bank UPI (Direct),"?7,743.83",Success,9/14/2026 1:01,?0.00
4457,TXN2026104456,USR3693,MER21,Groceries & Supermarkets,Bank UPI (Direct),"?14,692.42",Success,8/30/2026 8:49,?0.00
4458,TXN2026104457,USR3817,MER11,Travel & Hospitality,Bank UPI (Direct),"?10,385.47",Success,8/27/2026 13:54,?0.00
4459,TXN2026104458,USR3861,MER29,Food & Dining,PPI Wallet UPI,"?4,932.89",Success,8/4/2026 15:06,?54.26
4460,TXN2026104459,USR2620,MER15,Electronics & Gadgets,Bank UPI (Direct),"?5,025.48",Success,8/13/2026 11:31,?0.00
4461,TXN2026104460,USR2174,MER48,Food & Dining,PPI Wallet UPI,"?3,591.30",Success,8/21/2026 19:04,?39.50
4462,TXN2026104461,USR2362,MER49,Groceries & Supermarkets,PPI Wallet UPI,"?13,378.22",Success,8/27/2026 6:48,?147.16
4463,TXN2026104462,USR1547,MER19,Groceries & Supermarkets,Credit Card on UPI,"?1,442.93",Success,9/1/2026 18:18,?0.00
4464,TXN2026104463,USR3737,MER19,Groceries & Supermarkets,PPI Wallet UPI,"?7,150.58",Pending,9/7/2026 12:13,?0.00
4465,TXN2026104464,USR4495,MER25,Groceries & Supermarkets,Credit Card on UPI,"?14,211.16",Success,8/30/2026 23:58,?0.00
4466,TXN2026104465,USR1942,MER13,Groceries & Supermarkets,PPI Wallet UPI,?214.76,Success,8/7/2026 23:31,?0.00
4467,TXN2026104466,USR1369,MER33,Electronics & Gadgets,Credit Card on UPI,"?8,453.84",Success,8/4/2026 23:50,?0.00
4468,TXN2026104467,USR2145,MER28,Groceries & Supermarkets,Bank UPI (Direct),"?4,674.22",Success,8/28/2026 10:11,?0.00
4469,TXN2026104468,USR1208,MER19,Food & Dining,Bank UPI (Direct),"?13,645.90",Success,9/1/2026 17:41,?0.00
4470,TXN2026104469,USR4613,MER21,Travel & Hospitality,Bank UPI (Direct),"?6,782.09",Success,8/28/2026 20:08,?0.00
4471,TXN2026104470,USR4746,MER20,Groceries & Supermarkets,Credit Card on UPI,"?14,037.04",Success,9/7/2026 16:54,?0.00
4472,TXN2026104471,USR3295,MER28,Food & Dining,PPI Wallet UPI,"?7,790.77",Success,8/15/2026 5:14,?85.70
4473,TXN2026104472,USR4787,MER40,Food & Dining,Bank UPI (Direct),"?12,260.96",Pending,8/13/2026 0:43,?0.00
4474,TXN2026104473,USR4336,MER18,Food & Dining,Bank UPI (Direct),"?2,168.92",Failed,8/6/2026 22:01,?0.00
4475,TXN2026104474,USR2022,MER34,Groceries & Supermarkets,Bank UPI (Direct),"?3,303.60",Success,8/7/2026 19:03,?0.00
4476,TXN2026104475,USR4958,MER20,Food & Dining,Credit Card on UPI,"?12,625.78",Success,9/15/2026 13:12,?0.00
4477,TXN2026104476,USR4505,MER46,Groceries & Supermarkets,Bank UPI (Direct),"?7,874.18",Success,8/11/2026 22:47,?0.00
4478,TXN2026104477,USR1698,MER15,Travel & Hospitality,Bank UPI (Direct),"?8,085.68",Success,8/6/2026 22:09,?0.00
4479,TXN2026104478,USR4054,MER28,Food & Dining,Bank UPI (Direct),"?2,733.18",Success,8/25/2026 6:59,?0.00
4480,TXN2026104479,USR4925,MER43,Electronics & Gadgets,Bank UPI (Direct),"?7,368.39",Success,9/4/2026 2:46,?0.00
4481,TXN2026104480,USR3346,MER44,Groceries & Supermarkets,PPI Wallet UPI,"?3,032.74",Success,9/10/2026 22:17,?33.36
4482,TXN2026104481,USR3293,MER20,Groceries & Supermarkets,PPI Wallet UPI,"?12,795.32",Success,9/5/2026 20:28,?140.75
4483,TXN2026104482,USR4493,MER20,Groceries & Supermarkets,Credit Card on UPI,"?6,597.26",Success,9/6/2026 18:45,?0.00
4484,TXN2026104483,USR2655,MER11,Food & Dining,PPI Wallet UPI,"?12,601.14",Success,8/1/2026 3:23,?138.61
4485,TXN2026104484,USR4402,MER10,Groceries & Supermarkets,Bank UPI (Direct),"?11,114.10",Success,8/23/2026 7:46,?0.00
4486,TXN2026104485,USR3664,MER27,Travel & Hospitality,Bank UPI (Direct),"?11,225.88",Success,8/23/2026 22:20,?0.00
4487,TXN2026104486,USR4774,MER38,Groceries & Supermarkets,PPI Wallet UPI,"?11,293.63",Success,8/1/2026 2:48,?124.23
4488,TXN2026104487,USR1210,MER44,Food & Dining,PPI Wallet UPI,"?10,399.31",Success,9/14/2026 9:06,?114.39
4489,TXN2026104488,USR4575,MER20,Groceries & Supermarkets,Credit Card on UPI,"?13,990.26",Success,8/11/2026 17:23,?0.00
4490,TXN2026104489,USR3641,MER43,Groceries & Supermarkets,PPI Wallet UPI,"?5,565.69",Success,9/1/2026 15:38,?61.22
4491,TXN2026104490,USR1466,MER12,Food & Dining,PPI Wallet UPI,"?2,363.24",Success,8/3/2026 17:41,?26.00
4492,TXN2026104491,USR3950,MER25,Food & Dining,PPI Wallet UPI,"?11,336.19",Success,9/5/2026 16:14,?124.70
4493,TXN2026104492,USR4614,MER10,Travel & Hospitality,Bank UPI (Direct),"?4,829.31",Success,8/30/2026 18:51,?0.00
4494,TXN2026104493,USR1519,MER19,Groceries & Supermarkets,Bank UPI (Direct),"?6,901.09",Success,9/2/2026 13:35,?0.00
4495,TXN2026104494,USR1588,MER37,Groceries & Supermarkets,Bank UPI (Direct),"?7,558.32",Success,9/14/2026 6:14,?0.00
4496,TXN2026104495,USR3834,MER31,Travel & Hospitality,PPI Wallet UPI,?95.95,Success,8/11/2026 5:52,?0.00
4497,TXN2026104496,USR2042,MER25,Groceries & Supermarkets,PPI Wallet UPI,"?4,731.42",Success,8/30/2026 2:28,?52.05
4498,TXN2026104497,USR2624,MER20,Groceries & Supermarkets,Bank UPI (Direct),"?2,793.49",Success,9/13/2026 1:03,?0.00
4499,TXN2026104498,USR1855,MER46,Groceries & Supermarkets,PPI Wallet UPI,"?3,112.32",Success,8/7/2026 13:54,?34.24
4500,TXN2026104499,USR3809,MER39,Travel & Hospitality,Bank UPI (Direct),?284.19,Success,8/30/2026 21:40,?0.00
4501,TXN2026104500,USR1401,MER11,Groceries & Supermarkets,PPI Wallet UPI,"?1,804.70",Success,8/9/2026 8:24,?0.00
4502,TXN2026104501,USR3153,MER49,Electronics & Gadgets,Bank UPI (Direct),"?4,856.27",Failed,8/4/2026 10:41,?0.00
4503,TXN2026104502,USR2537,MER20,Groceries & Supermarkets,Credit Card on UPI,"?14,863.30",Success,8/24/2026 21:36,?0.00
4504,TXN2026104503,USR4157,MER27,Electronics & Gadgets,Bank UPI (Direct),"?3,871.38",Success,9/14/2026 1:20,?0.00
4505,TXN2026104504,USR3691,MER33,Electronics & Gadgets,PPI Wallet UPI,"?4,589.33",Success,8/27/2026 21:46,?50.48
4506,TXN2026104505,USR3816,MER20,Groceries & Supermarkets,PPI Wallet UPI,"?14,411.77",Success,9/13/2026 13:19,?158.53
4507,TXN2026104506,USR3030,MER29,Groceries & Supermarkets,PPI Wallet UPI,"?12,900.69",Success,8/28/2026 5:35,?141.91
4508,TXN2026104507,USR1912,MER33,Electronics & Gadgets,Bank UPI (Direct),"?8,273.65",Success,9/3/2026 19:30,?0.00
4509,TXN2026104508,USR4936,MER50,Travel & Hospitality,PPI Wallet UPI,"?11,474.04",Success,8/3/2026 10:45,?126.21
4510,TXN2026104509,USR4298,MER48,Travel & Hospitality,PPI Wallet UPI,"?7,031.39",Failed,8/3/2026 11:32,?0.00
4511,TXN2026104510,USR4687,MER31,Travel & Hospitality,Bank UPI (Direct),"?11,732.80",Success,9/14/2026 21:20,?0.00
4512,TXN2026104511,USR3015,MER37,Food & Dining,PPI Wallet UPI,"?4,452.06",Success,8/12/2026 18:45,?48.97
4513,TXN2026104512,USR2769,MER12,Groceries & Supermarkets,Credit Card on UPI,"?14,116.18",Success,8/8/2026 6:22,?0.00
4514,TXN2026104513,USR4160,MER49,Electronics & Gadgets,Bank UPI (Direct),"?3,737.73",Success,8/16/2026 11:49,?0.00
4515,TXN2026104514,USR1218,MER35,Food & Dining,PPI Wallet UPI,"?7,561.27",Success,8/20/2026 9:10,?83.17
4516,TXN2026104515,USR3043,MER48,Electronics & Gadgets,Credit Card on UPI,"?1,606.44",Success,8/13/2026 19:38,?0.00
4517,TXN2026104516,USR4394,MER11,Food & Dining,Bank UPI (Direct),"?3,542.20",Success,8/19/2026 8:05,?0.00
4518,TXN2026104517,USR4176,MER39,Food & Dining,Bank UPI (Direct),"?13,042.02",Failed,9/10/2026 15:46,?0.00
4519,TXN2026104518,USR1201,MER13,Groceries & Supermarkets,PPI Wallet UPI,"?10,728.27",Success,9/12/2026 2:14,?118.01
4520,TXN2026104519,USR1840,MER23,Groceries & Supermarkets,Credit Card on UPI,"?9,784.00",Success,8/16/2026 16:33,?0.00
4521,TXN2026104520,USR1810,MER24,Groceries & Supermarkets,PPI Wallet UPI,"?14,388.28",Success,9/5/2026 10:16,?158.27
4522,TXN2026104521,USR4865,MER18,Food & Dining,Bank UPI (Direct),"?8,101.31",Success,8/23/2026 20:59,?0.00
4523,TXN2026104522,USR3791,MER48,Travel & Hospitality,PPI Wallet UPI,"?14,620.33",Success,9/14/2026 18:34,?160.82
4524,TXN2026104523,USR1843,MER42,Electronics & Gadgets,Bank UPI (Direct),"?6,150.31",Success,9/12/2026 1:03,?0.00
4525,TXN2026104524,USR4535,MER31,Groceries & Supermarkets,Credit Card on UPI,"?3,787.47",Success,9/14/2026 8:35,?0.00
4526,TXN2026104525,USR3816,MER24,Electronics & Gadgets,Bank UPI (Direct),"?11,982.02",Success,8/13/2026 21:16,?0.00
4527,TXN2026104526,USR2001,MER29,Electronics & Gadgets,Bank UPI (Direct),"?9,015.07",Success,9/7/2026 17:53,?0.00
4528,TXN2026104527,USR2501,MER50,Travel & Hospitality,Bank UPI (Direct),"?3,044.60",Failed,8/11/2026 10:37,?0.00
4529,TXN2026104528,USR1345,MER35,Food & Dining,Bank UPI (Direct),"?2,451.69",Success,8/1/2026 4:32,?0.00
4530,TXN2026104529,USR3391,MER17,Electronics & Gadgets,PPI Wallet UPI,"?6,111.80",Success,9/14/2026 4:52,?67.23
4531,TXN2026104530,USR2633,MER44,Food & Dining,Bank UPI (Direct),"?5,039.32",Success,8/18/2026 9:38,?0.00
4532,TXN2026104531,USR3437,MER29,Groceries & Supermarkets,PPI Wallet UPI,"?9,916.88",Success,8/15/2026 16:20,?109.09
4533,TXN2026104532,USR1089,MER25,Electronics & Gadgets,Credit Card on UPI,"?7,223.42",Success,8/22/2026 15:18,?0.00
4534,TXN2026104533,USR1148,MER17,Electronics & Gadgets,Bank UPI (Direct),"?3,683.88",Success,8/18/2026 19:26,?0.00
4535,TXN2026104534,USR1695,MER35,Food & Dining,Credit Card on UPI,"?10,246.63",Success,8/2/2026 16:20,?0.00
4536,TXN2026104535,USR1722,MER50,Groceries & Supermarkets,Bank UPI (Direct),"?12,508.01",Success,9/4/2026 3:53,?0.00
4537,TXN2026104536,USR3655,MER36,Electronics & Gadgets,PPI Wallet UPI,"?13,717.18",Success,8/31/2026 13:52,?150.89
4538,TXN2026104537,USR1378,MER19,Electronics & Gadgets,Credit Card on UPI,"?10,163.48",Success,8/25/2026 0:54,?0.00
4539,TXN2026104538,USR1531,MER18,Groceries & Supermarkets,Bank UPI (Direct),?669.44,Success,8/13/2026 0:10,?0.00
4540,TXN2026104539,USR1153,MER22,Groceries & Supermarkets,PPI Wallet UPI,"?1,846.18",Success,8/11/2026 10:01,?0.00
4541,TXN2026104540,USR3718,MER46,Electronics & Gadgets,Bank UPI (Direct),"?12,747.85",Success,8/31/2026 8:50,?0.00
4542,TXN2026104541,USR2520,MER39,Groceries & Supermarkets,Credit Card on UPI,"?8,386.65",Success,8/28/2026 17:01,?0.00
4543,TXN2026104542,USR2330,MER16,Travel & Hospitality,Bank UPI (Direct),"?14,706.20",Success,9/10/2026 19:16,?0.00
4544,TXN2026104543,USR4331,MER33,Electronics & Gadgets,Credit Card on UPI,"?13,340.63",Success,9/15/2026 6:25,?0.00
4545,TXN2026104544,USR2619,MER32,Travel & Hospitality,PPI Wallet UPI,?811.90,Success,9/6/2026 9:39,?0.00
4546,TXN2026104545,USR3733,MER36,Travel & Hospitality,Bank UPI (Direct),"?7,440.58",Success,9/15/2026 16:32,?0.00
4547,TXN2026104546,USR1263,MER45,Electronics & Gadgets,Credit Card on UPI,"?5,309.53",Success,9/2/2026 3:34,?0.00
4548,TXN2026104547,USR3682,MER37,Food & Dining,PPI Wallet UPI,"?10,746.83",Success,9/5/2026 8:25,?118.22
4549,TXN2026104548,USR2616,MER27,Food & Dining,PPI Wallet UPI,"?10,320.94",Success,9/9/2026 17:39,?113.53
4550,TXN2026104549,USR2934,MER17,Groceries & Supermarkets,Bank UPI (Direct),"?4,355.49",Success,8/9/2026 19:51,?0.00
4551,TXN2026104550,USR3303,MER39,Food & Dining,Bank UPI (Direct),"?12,369.28",Success,8/26/2026 20:51,?0.00
4552,TXN2026104551,USR1760,MER16,Electronics & Gadgets,PPI Wallet UPI,"?7,555.99",Success,8/8/2026 4:13,?83.12
4553,TXN2026104552,USR3499,MER10,Electronics & Gadgets,Bank UPI (Direct),"?2,011.81",Success,8/30/2026 7:08,?0.00
4554,TXN2026104553,USR1284,MER35,Groceries & Supermarkets,PPI Wallet UPI,"?10,403.38",Success,9/6/2026 3:55,?114.44
4555,TXN2026104554,USR4599,MER38,Travel & Hospitality,PPI Wallet UPI,?460.08,Success,9/3/2026 13:17,?0.00
4556,TXN2026104555,USR3761,MER35,Groceries & Supermarkets,PPI Wallet UPI,"?14,548.93",Success,9/9/2026 15:13,?160.04
4557,TXN2026104556,USR2669,MER42,Groceries & Supermarkets,PPI Wallet UPI,"?9,394.35",Success,8/20/2026 17:19,?103.34
4558,TXN2026104557,USR3890,MER16,Groceries & Supermarkets,PPI Wallet UPI,"?1,148.00",Success,9/4/2026 4:04,?0.00
4559,TXN2026104558,USR4801,MER43,Food & Dining,Bank UPI (Direct),"?10,483.92",Success,8/9/2026 22:15,?0.00
4560,TXN2026104559,USR1093,MER13,Travel & Hospitality,PPI Wallet UPI,"?2,183.43",Success,9/9/2026 0:51,?24.02
4561,TXN2026104560,USR4264,MER49,Food & Dining,Bank UPI (Direct),"?10,014.37",Success,9/4/2026 3:08,?0.00
4562,TXN2026104561,USR2064,MER31,Groceries & Supermarkets,Bank UPI (Direct),"?7,827.69",Success,9/6/2026 23:47,?0.00
4563,TXN2026104562,USR4496,MER21,Food & Dining,Bank UPI (Direct),"?12,425.26",Success,8/8/2026 11:50,?0.00
4564,TXN2026104563,USR1875,MER41,Groceries & Supermarkets,Credit Card on UPI,"?14,196.58",Success,8/1/2026 14:38,?0.00
4565,TXN2026104564,USR2949,MER24,Groceries & Supermarkets,PPI Wallet UPI,"?9,751.58",Success,8/17/2026 4:23,?107.27
4566,TXN2026104565,USR1620,MER33,Groceries & Supermarkets,Bank UPI (Direct),?984.48,Failed,9/11/2026 1:18,?0.00
4567,TXN2026104566,USR2185,MER18,Groceries & Supermarkets,Credit Card on UPI,"?10,196.91",Success,8/27/2026 2:17,?0.00
4568,TXN2026104567,USR2059,MER18,Groceries & Supermarkets,Credit Card on UPI,"?5,306.38",Success,9/6/2026 2:45,?0.00
4569,TXN2026104568,USR4148,MER30,Food & Dining,Bank UPI (Direct),"?13,108.36",Success,8/4/2026 5:43,?0.00
4570,TXN2026104569,USR2316,MER32,Groceries & Supermarkets,Bank UPI (Direct),"?10,959.07",Success,8/8/2026 3:24,?0.00
4571,TXN2026104570,USR1706,MER19,Groceries & Supermarkets,PPI Wallet UPI,"?12,314.14",Success,9/11/2026 3:37,?135.46
4572,TXN2026104571,USR3784,MER28,Electronics & Gadgets,PPI Wallet UPI,"?2,417.86",Success,8/7/2026 2:38,?26.60
4573,TXN2026104572,USR3708,MER25,Groceries & Supermarkets,Credit Card on UPI,"?5,799.96",Success,9/12/2026 4:07,?0.00
4574,TXN2026104573,USR2695,MER31,Groceries & Supermarkets,Credit Card on UPI,"?14,784.94",Pending,8/12/2026 13:29,?0.00
4575,TXN2026104574,USR3284,MER38,Groceries & Supermarkets,Bank UPI (Direct),"?9,136.36",Failed,8/22/2026 16:01,?0.00
4576,TXN2026104575,USR2217,MER13,Groceries & Supermarkets,PPI Wallet UPI,"?1,028.70",Success,8/24/2026 8:37,?0.00
4577,TXN2026104576,USR3648,MER17,Groceries & Supermarkets,PPI Wallet UPI,"?1,597.10",Success,9/4/2026 13:55,?0.00
4578,TXN2026104577,USR2963,MER10,Groceries & Supermarkets,Bank UPI (Direct),"?5,238.83",Success,8/31/2026 21:23,?0.00
4579,TXN2026104578,USR2952,MER39,Groceries & Supermarkets,PPI Wallet UPI,"?14,721.67",Success,8/10/2026 15:44,?161.94
4580,TXN2026104579,USR1322,MER13,Groceries & Supermarkets,Credit Card on UPI,"?7,373.54",Success,9/7/2026 12:01,?0.00
4581,TXN2026104580,USR1780,MER19,Groceries & Supermarkets,Credit Card on UPI,"?1,287.77",Success,9/14/2026 9:16,?0.00
4582,TXN2026104581,USR2520,MER18,Electronics & Gadgets,Bank UPI (Direct),"?14,603.65",Success,8/23/2026 11:08,?0.00
4583,TXN2026104582,USR1665,MER29,Groceries & Supermarkets,Bank UPI (Direct),?649.49,Success,9/9/2026 2:01,?0.00
4584,TXN2026104583,USR2238,MER22,Groceries & Supermarkets,PPI Wallet UPI,?51.72,Success,9/4/2026 14:29,?0.00
4585,TXN2026104584,USR4237,MER40,Groceries & Supermarkets,Bank UPI (Direct),"?1,556.81",Success,8/28/2026 17:02,?0.00
4586,TXN2026104585,USR3756,MER35,Travel & Hospitality,Credit Card on UPI,"?2,351.00",Success,8/7/2026 11:31,?0.00
4587,TXN2026104586,USR4747,MER11,Electronics & Gadgets,PPI Wallet UPI,"?5,111.55",Success,9/13/2026 9:19,?56.23
4588,TXN2026104587,USR1017,MER40,Groceries & Supermarkets,PPI Wallet UPI,"?2,038.58",Success,8/24/2026 14:26,?22.42
4589,TXN2026104588,USR1585,MER29,Electronics & Gadgets,PPI Wallet UPI,"?12,317.96",Success,8/26/2026 17:31,?135.50
4590,TXN2026104589,USR4003,MER34,Groceries & Supermarkets,Credit Card on UPI,"?3,637.82",Success,8/13/2026 7:40,?0.00
4591,TXN2026104590,USR1842,MER50,Food & Dining,Bank UPI (Direct),?915.65,Success,8/8/2026 11:32,?0.00
4592,TXN2026104591,USR2937,MER37,Travel & Hospitality,PPI Wallet UPI,"?11,160.12",Success,8/23/2026 21:25,?122.76
4593,TXN2026104592,USR1676,MER12,Groceries & Supermarkets,Bank UPI (Direct),?388.09,Success,8/1/2026 4:40,?0.00
4594,TXN2026104593,USR4430,MER19,Groceries & Supermarkets,Bank UPI (Direct),"?7,212.41",Success,8/29/2026 9:57,?0.00
4595,TXN2026104594,USR1483,MER25,Electronics & Gadgets,Bank UPI (Direct),?887.96,Success,8/23/2026 0:53,?0.00
4596,TXN2026104595,USR2217,MER32,Travel & Hospitality,PPI Wallet UPI,?759.69,Success,8/11/2026 4:01,?0.00
4597,TXN2026104596,USR2159,MER50,Food & Dining,PPI Wallet UPI,"?1,133.87",Success,9/12/2026 19:43,?0.00
4598,TXN2026104597,USR2606,MER46,Food & Dining,Bank UPI (Direct),"?11,263.42",Success,8/28/2026 4:57,?0.00
4599,TXN2026104598,USR1865,MER16,Food & Dining,Bank UPI (Direct),"?10,784.52",Success,8/24/2026 16:47,?0.00
4600,TXN2026104599,USR4433,MER38,Electronics & Gadgets,Bank UPI (Direct),"?2,513.43",Success,8/13/2026 1:56,?0.00
4601,TXN2026104600,USR2217,MER31,Food & Dining,PPI Wallet UPI,"?7,482.89",Success,9/8/2026 12:55,?82.31
4602,TXN2026104601,USR1250,MER41,Groceries & Supermarkets,Credit Card on UPI,"?14,042.72",Failed,9/14/2026 1:52,?0.00
4603,TXN2026104602,USR4097,MER37,Electronics & Gadgets,Bank UPI (Direct),"?7,831.18",Pending,8/22/2026 21:28,?0.00
4604,TXN2026104603,USR3472,MER35,Electronics & Gadgets,PPI Wallet UPI,"?5,046.68",Success,8/1/2026 18:19,?55.51
4605,TXN2026104604,USR4223,MER47,Electronics & Gadgets,Credit Card on UPI,"?7,421.30",Success,8/28/2026 1:09,?0.00
4606,TXN2026104605,USR3356,MER14,Food & Dining,Bank UPI (Direct),"?8,918.74",Failed,9/15/2026 10:24,?0.00
4607,TXN2026104606,USR4696,MER40,Travel & Hospitality,Bank UPI (Direct),"?2,546.03",Success,8/24/2026 14:58,?0.00
4608,TXN2026104607,USR4761,MER39,Electronics & Gadgets,Bank UPI (Direct),?707.60,Success,8/12/2026 23:46,?0.00
4609,TXN2026104608,USR2547,MER20,Groceries & Supermarkets,Credit Card on UPI,"?9,528.75",Success,8/20/2026 22:51,?0.00
4610,TXN2026104609,USR3939,MER40,Travel & Hospitality,PPI Wallet UPI,"?3,338.16",Success,8/1/2026 15:47,?36.72
4611,TXN2026104610,USR2018,MER37,Electronics & Gadgets,Bank UPI (Direct),"?10,374.23",Success,9/3/2026 1:39,?0.00
4612,TXN2026104611,USR1761,MER11,Electronics & Gadgets,PPI Wallet UPI,"?2,521.38",Success,8/25/2026 13:27,?27.74
4613,TXN2026104612,USR1722,MER24,Food & Dining,Bank UPI (Direct),?712.59,Success,8/22/2026 10:03,?0.00
4614,TXN2026104613,USR3969,MER14,Electronics & Gadgets,PPI Wallet UPI,"?14,878.33",Success,8/1/2026 15:07,?163.66
4615,TXN2026104614,USR4770,MER30,Groceries & Supermarkets,PPI Wallet UPI,"?5,205.17",Success,8/15/2026 15:16,?57.26
4616,TXN2026104615,USR2851,MER12,Groceries & Supermarkets,Bank UPI (Direct),?587.80,Success,8/19/2026 8:45,?0.00
4617,TXN2026104616,USR3467,MER43,Groceries & Supermarkets,PPI Wallet UPI,"?2,175.75",Success,8/13/2026 4:19,?23.93
4618,TXN2026104617,USR1091,MER19,Food & Dining,PPI Wallet UPI,"?6,066.86",Success,8/11/2026 12:10,?66.74
4619,TXN2026104618,USR4669,MER45,Travel & Hospitality,Bank UPI (Direct),"?3,133.18",Success,8/14/2026 14:39,?0.00
4620,TXN2026104619,USR4050,MER35,Electronics & Gadgets,PPI Wallet UPI,"?9,817.25",Success,8/2/2026 18:53,?107.99
4621,TXN2026104620,USR4691,MER40,Food & Dining,Bank UPI (Direct),?358.38,Success,8/7/2026 14:54,?0.00
4622,TXN2026104621,USR1624,MER21,Electronics & Gadgets,PPI Wallet UPI,"?10,957.38",Success,8/5/2026 15:48,?120.53
4623,TXN2026104622,USR3650,MER39,Electronics & Gadgets,PPI Wallet UPI,"?1,394.17",Success,8/28/2026 7:27,?0.00
4624,TXN2026104623,USR2588,MER35,Food & Dining,Bank UPI (Direct),"?6,520.12",Success,9/9/2026 9:18,?0.00
4625,TXN2026104624,USR4150,MER38,Groceries & Supermarkets,Bank UPI (Direct),"?14,163.16",Success,8/20/2026 11:05,?0.00
4626,TXN2026104625,USR3974,MER14,Travel & Hospitality,PPI Wallet UPI,"?12,208.46",Success,8/16/2026 3:13,?134.29
4627,TXN2026104626,USR2209,MER38,Travel & Hospitality,Credit Card on UPI,"?13,281.08",Success,8/11/2026 5:21,?0.00
4628,TXN2026104627,USR3857,MER43,Electronics & Gadgets,PPI Wallet UPI,?595.91,Success,8/28/2026 6:20,?0.00
4629,TXN2026104628,USR4069,MER43,Food & Dining,PPI Wallet UPI,"?8,509.72",Success,8/4/2026 15:01,?93.61
4630,TXN2026104629,USR2181,MER32,Travel & Hospitality,Bank UPI (Direct),"?14,842.28",Success,8/25/2026 21:56,?0.00
4631,TXN2026104630,USR1920,MER28,Groceries & Supermarkets,PPI Wallet UPI,"?14,272.33",Success,9/12/2026 13:42,?157.00
4632,TXN2026104631,USR3775,MER18,Electronics & Gadgets,PPI Wallet UPI,"?3,721.87",Success,9/15/2026 15:20,?40.94
4633,TXN2026104632,USR2139,MER46,Groceries & Supermarkets,Bank UPI (Direct),"?10,364.82",Failed,8/7/2026 18:19,?0.00
4634,TXN2026104633,USR2925,MER33,Groceries & Supermarkets,Bank UPI (Direct),"?11,409.15",Failed,8/21/2026 2:05,?0.00
4635,TXN2026104634,USR3734,MER29,Groceries & Supermarkets,Bank UPI (Direct),"?11,010.75",Success,9/11/2026 6:24,?0.00
4636,TXN2026104635,USR2199,MER35,Groceries & Supermarkets,Bank UPI (Direct),"?2,446.01",Success,8/8/2026 6:50,?0.00
4637,TXN2026104636,USR4508,MER46,Travel & Hospitality,Bank UPI (Direct),"?10,438.16",Success,8/24/2026 18:40,?0.00
4638,TXN2026104637,USR3217,MER24,Groceries & Supermarkets,Credit Card on UPI,"?7,958.78",Success,8/21/2026 7:19,?0.00
4639,TXN2026104638,USR4475,MER50,Food & Dining,Bank UPI (Direct),"?3,976.88",Success,8/5/2026 3:56,?0.00
4640,TXN2026104639,USR3035,MER46,Groceries & Supermarkets,Bank UPI (Direct),"?13,218.56",Success,8/9/2026 7:08,?0.00
4641,TXN2026104640,USR2209,MER24,Groceries & Supermarkets,Bank UPI (Direct),"?7,602.35",Success,9/6/2026 18:08,?0.00
4642,TXN2026104641,USR3276,MER35,Groceries & Supermarkets,PPI Wallet UPI,"?13,677.53",Success,9/2/2026 0:01,?150.45
4643,TXN2026104642,USR1748,MER48,Electronics & Gadgets,Bank UPI (Direct),"?12,095.76",Success,9/3/2026 4:43,?0.00
4644,TXN2026104643,USR4792,MER47,Electronics & Gadgets,Credit Card on UPI,"?12,122.98",Success,8/28/2026 16:46,?0.00
4645,TXN2026104644,USR4593,MER27,Groceries & Supermarkets,Bank UPI (Direct),"?7,636.47",Success,8/12/2026 18:41,?0.00
4646,TXN2026104645,USR2102,MER44,Electronics & Gadgets,PPI Wallet UPI,"?7,884.61",Success,8/21/2026 7:46,?86.73
4647,TXN2026104646,USR4808,MER42,Groceries & Supermarkets,Bank UPI (Direct),"?7,889.36",Success,8/17/2026 21:12,?0.00
4648,TXN2026104647,USR1975,MER33,Travel & Hospitality,PPI Wallet UPI,"?10,201.34",Success,8/2/2026 10:04,?112.21
4649,TXN2026104648,USR2343,MER46,Groceries & Supermarkets,Bank UPI (Direct),"?7,252.63",Success,8/15/2026 23:23,?0.00
4650,TXN2026104649,USR3105,MER27,Food & Dining,Bank UPI (Direct),"?12,935.55",Success,9/3/2026 3:07,?0.00
4651,TXN2026104650,USR3600,MER32,Travel & Hospitality,PPI Wallet UPI,"?7,301.06",Success,8/30/2026 11:56,?80.31
4652,TXN2026104651,USR3935,MER28,Travel & Hospitality,Credit Card on UPI,"?14,090.40",Success,8/30/2026 8:23,?0.00
4653,TXN2026104652,USR2027,MER35,Food & Dining,Bank UPI (Direct),"?7,522.29",Success,9/7/2026 12:41,?0.00
4654,TXN2026104653,USR4116,MER44,Groceries & Supermarkets,Bank UPI (Direct),"?12,409.80",Success,8/2/2026 14:09,?0.00
4655,TXN2026104654,USR4370,MER36,Groceries & Supermarkets,Bank UPI (Direct),"?10,285.36",Success,8/5/2026 1:33,?0.00
4656,TXN2026104655,USR2806,MER46,Groceries & Supermarkets,PPI Wallet UPI,?412.27,Success,8/14/2026 18:17,?0.00
4657,TXN2026104656,USR1233,MER13,Groceries & Supermarkets,PPI Wallet UPI,"?12,895.84",Failed,9/4/2026 9:32,?0.00
4658,TXN2026104657,USR2061,MER13,Food & Dining,Bank UPI (Direct),"?2,260.16",Success,8/22/2026 2:32,?0.00
4659,TXN2026104658,USR3077,MER18,Groceries & Supermarkets,PPI Wallet UPI,"?3,676.93",Success,8/5/2026 13:04,?40.45
4660,TXN2026104659,USR1695,MER31,Groceries & Supermarkets,PPI Wallet UPI,"?2,352.61",Success,8/31/2026 22:51,?25.88
4661,TXN2026104660,USR2102,MER11,Groceries & Supermarkets,PPI Wallet UPI,"?12,115.48",Success,8/27/2026 4:41,?133.27
4662,TXN2026104661,USR4971,MER29,Groceries & Supermarkets,PPI Wallet UPI,"?9,726.27",Success,8/29/2026 10:26,?106.99
4663,TXN2026104662,USR2733,MER25,Electronics & Gadgets,Bank UPI (Direct),"?10,675.27",Success,9/7/2026 9:22,?0.00
4664,TXN2026104663,USR1013,MER42,Groceries & Supermarkets,Credit Card on UPI,?408.24,Success,8/19/2026 5:07,?0.00
4665,TXN2026104664,USR4290,MER47,Food & Dining,Bank UPI (Direct),"?13,862.20",Success,9/6/2026 9:09,?0.00
4666,TXN2026104665,USR3816,MER38,Food & Dining,Credit Card on UPI,"?9,348.71",Success,8/25/2026 7:34,?0.00
4667,TXN2026104666,USR4393,MER16,Electronics & Gadgets,PPI Wallet UPI,"?8,347.37",Success,8/4/2026 4:51,?91.82
4668,TXN2026104667,USR2309,MER15,Groceries & Supermarkets,PPI Wallet UPI,"?8,311.82",Success,9/4/2026 16:33,?91.43
4669,TXN2026104668,USR1675,MER31,Travel & Hospitality,Bank UPI (Direct),"?1,489.69",Success,8/22/2026 13:04,?0.00
4670,TXN2026104669,USR3332,MER14,Groceries & Supermarkets,PPI Wallet UPI,"?8,348.48",Success,8/21/2026 20:11,?91.83
4671,TXN2026104670,USR3142,MER42,Groceries & Supermarkets,Bank UPI (Direct),"?2,981.58",Success,8/23/2026 16:43,?0.00
4672,TXN2026104671,USR4608,MER48,Travel & Hospitality,Bank UPI (Direct),"?1,216.07",Success,8/19/2026 23:57,?0.00
4673,TXN2026104672,USR1530,MER23,Food & Dining,Bank UPI (Direct),"?13,681.09",Success,8/31/2026 5:16,?0.00
4674,TXN2026104673,USR3571,MER44,Groceries & Supermarkets,PPI Wallet UPI,"?6,153.74",Success,8/6/2026 5:36,?67.69
4675,TXN2026104674,USR4553,MER18,Groceries & Supermarkets,Bank UPI (Direct),"?1,034.03",Success,9/12/2026 14:10,?0.00
4676,TXN2026104675,USR3362,MER11,Groceries & Supermarkets,Bank UPI (Direct),"?1,577.26",Success,8/13/2026 8:06,?0.00
4677,TXN2026104676,USR1051,MER43,Travel & Hospitality,PPI Wallet UPI,"?4,020.01",Success,9/7/2026 2:46,?44.22
4678,TXN2026104677,USR4995,MER45,Travel & Hospitality,Credit Card on UPI,"?3,125.36",Success,9/15/2026 5:21,?0.00
4679,TXN2026104678,USR2261,MER17,Groceries & Supermarkets,PPI Wallet UPI,"?1,856.06",Success,8/6/2026 21:01,?0.00
4680,TXN2026104679,USR4898,MER10,Electronics & Gadgets,PPI Wallet UPI,"?1,985.66",Failed,8/30/2026 18:03,?0.00
4681,TXN2026104680,USR2689,MER24,Travel & Hospitality,Bank UPI (Direct),"?10,038.36",Success,8/20/2026 23:37,?0.00
4682,TXN2026104681,USR4048,MER46,Electronics & Gadgets,PPI Wallet UPI,"?4,178.51",Failed,8/23/2026 20:11,?0.00
4683,TXN2026104682,USR2578,MER23,Electronics & Gadgets,Bank UPI (Direct),"?6,499.65",Success,9/7/2026 2:36,?0.00
4684,TXN2026104683,USR3128,MER43,Groceries & Supermarkets,Bank UPI (Direct),"?10,297.65",Success,8/12/2026 22:42,?0.00
4685,TXN2026104684,USR3110,MER12,Groceries & Supermarkets,Bank UPI (Direct),"?14,426.64",Success,8/25/2026 22:15,?0.00
4686,TXN2026104685,USR3732,MER29,Travel & Hospitality,PPI Wallet UPI,"?8,148.39",Success,9/1/2026 19:33,?89.63
4687,TXN2026104686,USR3398,MER39,Groceries & Supermarkets,Bank UPI (Direct),"?13,693.53",Success,8/5/2026 21:12,?0.00
4688,TXN2026104687,USR2201,MER27,Groceries & Supermarkets,Bank UPI (Direct),"?9,510.01",Success,8/2/2026 10:51,?0.00
4689,TXN2026104688,USR2475,MER17,Travel & Hospitality,Bank UPI (Direct),"?2,806.36",Success,8/15/2026 23:47,?0.00
4690,TXN2026104689,USR3871,MER43,Food & Dining,Bank UPI (Direct),?147.78,Success,9/3/2026 14:47,?0.00
4691,TXN2026104690,USR4245,MER10,Groceries & Supermarkets,PPI Wallet UPI,"?5,480.33",Success,8/11/2026 10:55,?60.28
4692,TXN2026104691,USR1686,MER32,Food & Dining,Bank UPI (Direct),"?1,711.01",Success,8/26/2026 3:38,?0.00
4693,TXN2026104692,USR3831,MER25,Groceries & Supermarkets,Bank UPI (Direct),"?3,199.86",Success,9/6/2026 21:16,?0.00
4694,TXN2026104693,USR1057,MER50,Electronics & Gadgets,Bank UPI (Direct),"?11,093.92",Success,8/12/2026 4:05,?0.00
4695,TXN2026104694,USR2059,MER13,Groceries & Supermarkets,Bank UPI (Direct),"?10,375.97",Success,9/10/2026 14:36,?0.00
4696,TXN2026104695,USR4943,MER19,Electronics & Gadgets,Bank UPI (Direct),?607.13,Success,8/20/2026 2:35,?0.00
4697,TXN2026104696,USR3076,MER28,Electronics & Gadgets,PPI Wallet UPI,"?9,103.27",Success,8/12/2026 6:22,?100.14
4698,TXN2026104697,USR2001,MER39,Travel & Hospitality,Bank UPI (Direct),"?10,626.82",Pending,9/12/2026 13:03,?0.00
4699,TXN2026104698,USR2471,MER36,Food & Dining,PPI Wallet UPI,"?1,298.71",Failed,8/15/2026 16:06,?0.00
4700,TXN2026104699,USR1227,MER35,Groceries & Supermarkets,Bank UPI (Direct),"?14,211.37",Success,8/24/2026 5:18,?0.00
4701,TXN2026104700,USR2017,MER36,Travel & Hospitality,Bank UPI (Direct),"?3,251.14",Success,9/13/2026 12:36,?0.00
4702,TXN2026104701,USR4073,MER17,Travel & Hospitality,PPI Wallet UPI,"?1,277.51",Success,9/1/2026 13:05,?0.00
4703,TXN2026104702,USR4546,MER24,Food & Dining,Bank UPI (Direct),"?2,206.02",Success,8/1/2026 18:51,?0.00
4704,TXN2026104703,USR1624,MER24,Groceries & Supermarkets,Bank UPI (Direct),"?1,670.55",Success,9/13/2026 16:50,?0.00
4705,TXN2026104704,USR3627,MER46,Groceries & Supermarkets,PPI Wallet UPI,"?8,319.40",Success,8/25/2026 15:37,?91.51
4706,TXN2026104705,USR3839,MER29,Food & Dining,Bank UPI (Direct),"?9,732.68",Success,8/13/2026 10:56,?0.00
4707,TXN2026104706,USR1008,MER13,Electronics & Gadgets,Bank UPI (Direct),"?3,024.48",Success,8/18/2026 10:19,?0.00
4708,TXN2026104707,USR3127,MER42,Groceries & Supermarkets,Bank UPI (Direct),"?7,610.17",Success,8/25/2026 10:33,?0.00
4709,TXN2026104708,USR1484,MER15,Groceries & Supermarkets,Bank UPI (Direct),"?6,716.63",Success,8/26/2026 20:41,?0.00
4710,TXN2026104709,USR4383,MER46,Electronics & Gadgets,Bank UPI (Direct),"?10,773.46",Success,9/5/2026 1:35,?0.00
4711,TXN2026104710,USR2595,MER19,Groceries & Supermarkets,PPI Wallet UPI,"?14,237.54",Success,9/15/2026 18:04,?156.61
4712,TXN2026104711,USR2143,MER19,Electronics & Gadgets,Credit Card on UPI,"?5,130.71",Success,9/14/2026 12:42,?0.00
4713,TXN2026104712,USR2677,MER17,Travel & Hospitality,PPI Wallet UPI,"?3,335.06",Success,9/5/2026 23:35,?36.69
4714,TXN2026104713,USR3947,MER42,Food & Dining,PPI Wallet UPI,"?3,030.21",Success,8/6/2026 13:23,?33.33
4715,TXN2026104714,USR4523,MER37,Food & Dining,Bank UPI (Direct),"?2,706.88",Success,9/7/2026 2:51,?0.00
4716,TXN2026104715,USR4998,MER29,Groceries & Supermarkets,PPI Wallet UPI,"?13,776.10",Success,8/4/2026 0:13,?151.54
4717,TXN2026104716,USR3457,MER26,Food & Dining,Bank UPI (Direct),"?14,979.72",Success,9/15/2026 22:45,?0.00
4718,TXN2026104717,USR4632,MER20,Groceries & Supermarkets,Credit Card on UPI,"?10,581.58",Success,8/30/2026 13:51,?0.00
4719,TXN2026104718,USR4698,MER16,Groceries & Supermarkets,PPI Wallet UPI,"?5,850.34",Success,8/8/2026 17:53,?64.35
4720,TXN2026104719,USR4813,MER41,Food & Dining,Bank UPI (Direct),"?1,438.07",Success,8/24/2026 8:44,?0.00
4721,TXN2026104720,USR3506,MER33,Electronics & Gadgets,Credit Card on UPI,"?3,213.16",Success,9/15/2026 2:07,?0.00
4722,TXN2026104721,USR2777,MER24,Groceries & Supermarkets,Credit Card on UPI,"?11,153.30",Success,8/29/2026 12:33,?0.00
4723,TXN2026104722,USR2555,MER34,Groceries & Supermarkets,Bank UPI (Direct),"?3,156.10",Success,8/13/2026 22:29,?0.00
4724,TXN2026104723,USR1115,MER46,Food & Dining,PPI Wallet UPI,"?11,916.92",Success,8/9/2026 0:09,?131.09
4725,TXN2026104724,USR2447,MER17,Groceries & Supermarkets,Bank UPI (Direct),"?10,839.77",Success,8/15/2026 17:14,?0.00
4726,TXN2026104725,USR1897,MER34,Groceries & Supermarkets,Bank UPI (Direct),"?12,183.00",Success,9/3/2026 3:42,?0.00
4727,TXN2026104726,USR2513,MER11,Travel & Hospitality,Credit Card on UPI,"?1,071.27",Success,8/15/2026 5:08,?0.00
4728,TXN2026104727,USR1825,MER43,Electronics & Gadgets,PPI Wallet UPI,"?5,879.44",Success,8/12/2026 2:27,?64.67
4729,TXN2026104728,USR2227,MER20,Food & Dining,Bank UPI (Direct),"?10,698.06",Success,8/25/2026 6:43,?0.00
4730,TXN2026104729,USR3336,MER49,Groceries & Supermarkets,Bank UPI (Direct),"?11,687.97",Success,9/5/2026 19:18,?0.00
4731,TXN2026104730,USR4392,MER48,Groceries & Supermarkets,PPI Wallet UPI,"?5,080.14",Success,9/5/2026 16:42,?55.88
4732,TXN2026104731,USR3267,MER46,Groceries & Supermarkets,Bank UPI (Direct),"?4,726.75",Success,8/23/2026 11:10,?0.00
4733,TXN2026104732,USR2024,MER25,Groceries & Supermarkets,Credit Card on UPI,"?6,793.30",Success,9/7/2026 7:22,?0.00
4734,TXN2026104733,USR4485,MER23,Groceries & Supermarkets,PPI Wallet UPI,"?7,210.45",Success,9/1/2026 5:07,?79.31
4735,TXN2026104734,USR2542,MER38,Electronics & Gadgets,Bank UPI (Direct),"?9,464.51",Success,8/7/2026 2:27,?0.00
4736,TXN2026104735,USR1682,MER40,Groceries & Supermarkets,Credit Card on UPI,"?12,178.25",Success,8/13/2026 8:05,?0.00
4737,TXN2026104736,USR2517,MER17,Electronics & Gadgets,Bank UPI (Direct),"?6,152.57",Success,8/13/2026 13:38,?0.00
4738,TXN2026104737,USR4578,MER43,Electronics & Gadgets,Credit Card on UPI,"?6,614.95",Failed,8/30/2026 6:34,?0.00
4739,TXN2026104738,USR2594,MER47,Travel & Hospitality,PPI Wallet UPI,"?2,517.15",Success,8/14/2026 17:52,?27.69
4740,TXN2026104739,USR2539,MER47,Electronics & Gadgets,Bank UPI (Direct),?829.85,Success,8/12/2026 3:13,?0.00
4741,TXN2026104740,USR2031,MER50,Food & Dining,Credit Card on UPI,"?13,151.68",Success,8/27/2026 6:04,?0.00
4742,TXN2026104741,USR3930,MER42,Travel & Hospitality,Bank UPI (Direct),"?11,270.33",Success,8/31/2026 4:18,?0.00
4743,TXN2026104742,USR1402,MER34,Electronics & Gadgets,Bank UPI (Direct),"?3,086.48",Success,9/1/2026 17:02,?0.00
4744,TXN2026104743,USR2418,MER14,Groceries & Supermarkets,Bank UPI (Direct),"?9,851.33",Success,8/1/2026 0:42,?0.00
4745,TXN2026104744,USR2114,MER10,Electronics & Gadgets,Credit Card on UPI,"?4,852.62",Success,8/12/2026 18:37,?0.00
4746,TXN2026104745,USR3419,MER27,Electronics & Gadgets,Bank UPI (Direct),"?10,225.49",Success,8/2/2026 2:37,?0.00
4747,TXN2026104746,USR3591,MER13,Food & Dining,PPI Wallet UPI,"?13,132.20",Success,8/8/2026 4:00,?144.45
4748,TXN2026104747,USR2507,MER11,Groceries & Supermarkets,Bank UPI (Direct),"?1,740.81",Success,9/14/2026 14:26,?0.00
4749,TXN2026104748,USR1220,MER12,Travel & Hospitality,PPI Wallet UPI,"?6,585.01",Success,9/2/2026 23:17,?72.44
4750,TXN2026104749,USR3581,MER41,Food & Dining,PPI Wallet UPI,"?7,174.76",Success,8/15/2026 20:01,?78.92
4751,TXN2026104750,USR4147,MER34,Food & Dining,Bank UPI (Direct),"?1,565.31",Success,9/6/2026 22:00,?0.00
4752,TXN2026104751,USR1358,MER22,Groceries & Supermarkets,Bank UPI (Direct),"?7,586.46",Success,8/28/2026 3:24,?0.00
4753,TXN2026104752,USR2811,MER46,Food & Dining,Bank UPI (Direct),"?2,288.75",Failed,9/7/2026 2:52,?0.00
4754,TXN2026104753,USR2553,MER37,Food & Dining,Bank UPI (Direct),"?1,582.34",Success,9/7/2026 23:55,?0.00
4755,TXN2026104754,USR2565,MER46,Electronics & Gadgets,Bank UPI (Direct),"?7,287.39",Success,8/21/2026 1:30,?0.00
4756,TXN2026104755,USR4925,MER20,Food & Dining,Credit Card on UPI,"?14,884.85",Success,8/15/2026 11:16,?0.00
4757,TXN2026104756,USR2539,MER30,Groceries & Supermarkets,PPI Wallet UPI,"?12,620.68",Success,8/22/2026 11:00,?138.83
4758,TXN2026104757,USR3837,MER22,Groceries & Supermarkets,Credit Card on UPI,"?4,424.13",Success,8/17/2026 19:54,?0.00
4759,TXN2026104758,USR1701,MER21,Food & Dining,Bank UPI (Direct),"?10,049.29",Failed,8/15/2026 21:35,?0.00
4760,TXN2026104759,USR1254,MER22,Groceries & Supermarkets,Bank UPI (Direct),"?1,992.09",Success,8/12/2026 15:28,?0.00
4761,TXN2026104760,USR1422,MER31,Electronics & Gadgets,Bank UPI (Direct),"?10,779.30",Success,8/10/2026 20:41,?0.00
4762,TXN2026104761,USR4332,MER43,Food & Dining,Bank UPI (Direct),"?12,725.13",Success,8/29/2026 23:21,?0.00
4763,TXN2026104762,USR4371,MER27,Food & Dining,Bank UPI (Direct),"?7,705.16",Success,8/22/2026 23:38,?0.00
4764,TXN2026104763,USR2265,MER41,Groceries & Supermarkets,PPI Wallet UPI,"?4,904.32",Success,8/31/2026 7:57,?53.95
4765,TXN2026104764,USR4739,MER12,Groceries & Supermarkets,Bank UPI (Direct),"?10,657.42",Success,8/17/2026 3:57,?0.00
4766,TXN2026104765,USR2735,MER45,Groceries & Supermarkets,Bank UPI (Direct),?724.13,Success,8/12/2026 13:47,?0.00
4767,TXN2026104766,USR2228,MER50,Travel & Hospitality,Bank UPI (Direct),"?10,034.32",Success,9/2/2026 6:27,?0.00
4768,TXN2026104767,USR3112,MER35,Travel & Hospitality,Bank UPI (Direct),"?1,205.67",Success,8/30/2026 14:39,?0.00
4769,TXN2026104768,USR4890,MER42,Electronics & Gadgets,Bank UPI (Direct),"?14,703.23",Success,8/4/2026 13:37,?0.00
4770,TXN2026104769,USR1146,MER38,Groceries & Supermarkets,PPI Wallet UPI,"?3,803.37",Success,8/8/2026 6:59,?41.84
4771,TXN2026104770,USR3746,MER23,Electronics & Gadgets,PPI Wallet UPI,"?14,206.35",Success,8/14/2026 9:53,?156.27
4772,TXN2026104771,USR2625,MER19,Groceries & Supermarkets,Bank UPI (Direct),"?4,951.55",Success,8/12/2026 21:25,?0.00
4773,TXN2026104772,USR4978,MER30,Food & Dining,Bank UPI (Direct),"?1,567.12",Success,9/3/2026 10:53,?0.00
4774,TXN2026104773,USR1751,MER11,Electronics & Gadgets,Bank UPI (Direct),"?5,648.43",Success,8/3/2026 18:59,?0.00
4775,TXN2026104774,USR4652,MER29,Electronics & Gadgets,Bank UPI (Direct),"?2,411.25",Success,9/5/2026 10:10,?0.00
4776,TXN2026104775,USR4021,MER46,Groceries & Supermarkets,Bank UPI (Direct),"?10,086.71",Success,9/5/2026 6:18,?0.00
4777,TXN2026104776,USR1904,MER17,Electronics & Gadgets,Credit Card on UPI,"?8,045.48",Success,8/18/2026 13:18,?0.00
4778,TXN2026104777,USR4047,MER33,Groceries & Supermarkets,PPI Wallet UPI,"?5,174.87",Success,8/5/2026 10:52,?56.92
4779,TXN2026104778,USR3126,MER16,Electronics & Gadgets,Bank UPI (Direct),"?2,716.11",Success,8/3/2026 21:33,?0.00
4780,TXN2026104779,USR4502,MER17,Food & Dining,PPI Wallet UPI,"?9,973.44",Success,9/7/2026 17:07,?109.71
4781,TXN2026104780,USR2856,MER20,Travel & Hospitality,Bank UPI (Direct),"?3,161.20",Success,9/1/2026 6:44,?0.00
4782,TXN2026104781,USR1898,MER14,Electronics & Gadgets,Bank UPI (Direct),"?8,792.93",Success,9/10/2026 9:11,?0.00
4783,TXN2026104782,USR4515,MER10,Groceries & Supermarkets,Bank UPI (Direct),"?14,271.88",Success,8/20/2026 23:39,?0.00
4784,TXN2026104783,USR1981,MER28,Groceries & Supermarkets,Bank UPI (Direct),"?2,302.29",Success,8/8/2026 8:38,?0.00
4785,TXN2026104784,USR4886,MER45,Groceries & Supermarkets,Bank UPI (Direct),"?10,332.06",Success,8/31/2026 15:47,?0.00
4786,TXN2026104785,USR1568,MER19,Groceries & Supermarkets,Bank UPI (Direct),?800.55,Success,9/12/2026 4:25,?0.00
4787,TXN2026104786,USR3795,MER23,Electronics & Gadgets,PPI Wallet UPI,"?4,292.90",Success,8/10/2026 3:07,?47.22
4788,TXN2026104787,USR1645,MER42,Food & Dining,Bank UPI (Direct),"?5,406.56",Success,8/8/2026 4:50,?0.00
4789,TXN2026104788,USR3824,MER13,Electronics & Gadgets,PPI Wallet UPI,"?4,481.43",Success,8/6/2026 3:57,?49.30
4790,TXN2026104789,USR4854,MER41,Groceries & Supermarkets,PPI Wallet UPI,"?3,203.84",Pending,9/12/2026 18:11,?0.00
4791,TXN2026104790,USR2063,MER35,Groceries & Supermarkets,Bank UPI (Direct),"?3,904.80",Failed,9/1/2026 3:36,?0.00
4792,TXN2026104791,USR4380,MER44,Food & Dining,Bank UPI (Direct),"?5,240.97",Success,9/7/2026 4:49,?0.00
4793,TXN2026104792,USR3544,MER48,Food & Dining,PPI Wallet UPI,?998.23,Success,8/7/2026 3:09,?0.00
4794,TXN2026104793,USR1809,MER30,Travel & Hospitality,Credit Card on UPI,"?7,433.77",Success,8/21/2026 17:39,?0.00
4795,TXN2026104794,USR1562,MER23,Electronics & Gadgets,Bank UPI (Direct),?758.60,Success,8/7/2026 2:22,?0.00
4796,TXN2026104795,USR2151,MER35,Groceries & Supermarkets,Bank UPI (Direct),"?1,605.82",Success,9/6/2026 7:09,?0.00
4797,TXN2026104796,USR1748,MER26,Food & Dining,Bank UPI (Direct),"?12,642.01",Success,8/14/2026 2:39,?0.00
4798,TXN2026104797,USR2488,MER48,Groceries & Supermarkets,Bank UPI (Direct),"?6,262.21",Success,8/7/2026 4:26,?0.00
4799,TXN2026104798,USR3081,MER15,Travel & Hospitality,PPI Wallet UPI,"?5,686.05",Success,8/20/2026 3:06,?62.55
4800,TXN2026104799,USR1684,MER30,Groceries & Supermarkets,Credit Card on UPI,"?5,286.24",Success,8/13/2026 15:26,?0.00
4801,TXN2026104800,USR4649,MER26,Groceries & Supermarkets,PPI Wallet UPI,"?14,734.11",Failed,8/24/2026 15:21,?0.00
4802,TXN2026104801,USR4804,MER40,Travel & Hospitality,PPI Wallet UPI,"?14,881.06",Success,8/15/2026 15:22,?163.69
4803,TXN2026104802,USR2225,MER25,Travel & Hospitality,Credit Card on UPI,"?4,969.90",Success,8/26/2026 23:37,?0.00
4804,TXN2026104803,USR3381,MER20,Groceries & Supermarkets,Bank UPI (Direct),"?8,008.02",Success,8/10/2026 14:10,?0.00
4805,TXN2026104804,USR3631,MER24,Groceries & Supermarkets,PPI Wallet UPI,"?6,499.21",Pending,8/8/2026 6:05,?0.00
4806,TXN2026104805,USR2171,MER23,Groceries & Supermarkets,PPI Wallet UPI,"?6,419.30",Success,9/1/2026 0:40,?70.61
4807,TXN2026104806,USR2245,MER25,Food & Dining,Bank UPI (Direct),"?12,998.15",Success,8/15/2026 9:26,?0.00
4808,TXN2026104807,USR4500,MER16,Groceries & Supermarkets,PPI Wallet UPI,"?6,662.09",Success,9/6/2026 3:50,?73.28
4809,TXN2026104808,USR3975,MER34,Groceries & Supermarkets,Bank UPI (Direct),"?13,441.44",Success,9/1/2026 8:31,?0.00
4810,TXN2026104809,USR1533,MER27,Travel & Hospitality,Bank UPI (Direct),"?2,692.04",Success,8/26/2026 1:08,?0.00
4811,TXN2026104810,USR4258,MER33,Groceries & Supermarkets,Credit Card on UPI,"?2,079.68",Success,9/6/2026 19:28,?0.00
4812,TXN2026104811,USR3260,MER14,Groceries & Supermarkets,PPI Wallet UPI,"?10,440.51",Success,9/1/2026 19:37,?114.85
4813,TXN2026104812,USR2621,MER39,Electronics & Gadgets,PPI Wallet UPI,"?14,816.00",Success,8/27/2026 13:38,?162.98
4814,TXN2026104813,USR1455,MER27,Food & Dining,PPI Wallet UPI,"?6,458.15",Success,9/14/2026 3:34,?71.04
4815,TXN2026104814,USR1511,MER38,Food & Dining,PPI Wallet UPI,"?10,752.18",Success,8/14/2026 7:28,?118.27
4816,TXN2026104815,USR4644,MER32,Travel & Hospitality,PPI Wallet UPI,"?3,752.70",Success,8/10/2026 2:33,?41.28
4817,TXN2026104816,USR1194,MER26,Travel & Hospitality,Credit Card on UPI,"?4,117.79",Success,8/28/2026 1:06,?0.00
4818,TXN2026104817,USR3497,MER36,Electronics & Gadgets,Bank UPI (Direct),"?13,330.97",Success,8/21/2026 21:57,?0.00
4819,TXN2026104818,USR4465,MER17,Groceries & Supermarkets,PPI Wallet UPI,"?7,202.72",Success,9/1/2026 1:13,?79.23
4820,TXN2026104819,USR4958,MER11,Groceries & Supermarkets,PPI Wallet UPI,"?14,706.91",Success,9/6/2026 3:49,?161.78
4821,TXN2026104820,USR4013,MER17,Food & Dining,Credit Card on UPI,"?6,701.51",Success,8/7/2026 8:59,?0.00
4822,TXN2026104821,USR2600,MER23,Travel & Hospitality,Bank UPI (Direct),"?8,061.43",Success,9/15/2026 0:39,?0.00
4823,TXN2026104822,USR2163,MER37,Electronics & Gadgets,Credit Card on UPI,"?1,025.14",Success,8/21/2026 6:37,?0.00
4824,TXN2026104823,USR3572,MER50,Groceries & Supermarkets,Bank UPI (Direct),"?1,073.70",Success,8/25/2026 22:36,?0.00
4825,TXN2026104824,USR3764,MER44,Electronics & Gadgets,PPI Wallet UPI,"?2,730.30",Success,8/29/2026 9:41,?30.03
4826,TXN2026104825,USR2180,MER38,Groceries & Supermarkets,PPI Wallet UPI,"?5,249.85",Success,8/8/2026 8:01,?57.75
4827,TXN2026104826,USR2202,MER25,Groceries & Supermarkets,PPI Wallet UPI,"?5,245.08",Success,9/11/2026 5:45,?57.70
4828,TXN2026104827,USR4861,MER33,Food & Dining,Bank UPI (Direct),"?11,193.12",Success,8/2/2026 12:46,?0.00
4829,TXN2026104828,USR3364,MER47,Groceries & Supermarkets,Bank UPI (Direct),"?10,342.07",Success,9/12/2026 12:25,?0.00
4830,TXN2026104829,USR1071,MER36,Electronics & Gadgets,PPI Wallet UPI,"?5,912.51",Success,9/7/2026 8:02,?65.04
4831,TXN2026104830,USR2071,MER15,Food & Dining,Bank UPI (Direct),"?6,700.85",Success,9/9/2026 17:11,?0.00
4832,TXN2026104831,USR3006,MER40,Travel & Hospitality,PPI Wallet UPI,"?14,531.30",Failed,8/21/2026 8:40,?0.00
4833,TXN2026104832,USR3166,MER35,Groceries & Supermarkets,Bank UPI (Direct),"?4,248.26",Success,8/23/2026 10:18,?0.00
4834,TXN2026104833,USR1233,MER14,Groceries & Supermarkets,PPI Wallet UPI,?627.62,Success,8/10/2026 6:02,?0.00
4835,TXN2026104834,USR4612,MER18,Food & Dining,PPI Wallet UPI,"?11,812.05",Success,9/6/2026 9:52,?129.93
4836,TXN2026104835,USR4744,MER33,Groceries & Supermarkets,Credit Card on UPI,"?7,379.03",Success,8/18/2026 16:47,?0.00
4837,TXN2026104836,USR4533,MER19,Food & Dining,Bank UPI (Direct),"?2,211.56",Pending,8/11/2026 11:49,?0.00
4838,TXN2026104837,USR2956,MER25,Food & Dining,Bank UPI (Direct),"?11,349.78",Success,8/12/2026 23:15,?0.00
4839,TXN2026104838,USR3815,MER36,Food & Dining,PPI Wallet UPI,"?13,346.08",Success,8/15/2026 0:19,?146.81
4840,TXN2026104839,USR4603,MER26,Food & Dining,Credit Card on UPI,"?13,444.50",Success,8/10/2026 5:59,?0.00
4841,TXN2026104840,USR4364,MER42,Groceries & Supermarkets,Bank UPI (Direct),"?13,160.47",Success,8/16/2026 14:44,?0.00
4842,TXN2026104841,USR4581,MER38,Groceries & Supermarkets,PPI Wallet UPI,"?14,555.81",Success,8/29/2026 13:36,?160.11
4843,TXN2026104842,USR1756,MER11,Groceries & Supermarkets,Bank UPI (Direct),"?2,388.29",Success,8/19/2026 14:13,?0.00
4844,TXN2026104843,USR3425,MER21,Food & Dining,PPI Wallet UPI,"?14,675.71",Success,8/28/2026 11:43,?161.43
4845,TXN2026104844,USR2020,MER11,Food & Dining,Bank UPI (Direct),"?13,575.00",Success,8/14/2026 5:17,?0.00
4846,TXN2026104845,USR2349,MER15,Groceries & Supermarkets,Bank UPI (Direct),"?13,797.24",Success,9/1/2026 11:48,?0.00
4847,TXN2026104846,USR1138,MER47,Groceries & Supermarkets,Bank UPI (Direct),"?12,061.26",Success,8/9/2026 2:56,?0.00
4848,TXN2026104847,USR1664,MER37,Travel & Hospitality,PPI Wallet UPI,"?5,869.55",Success,9/7/2026 13:07,?64.57
4849,TXN2026104848,USR4575,MER32,Food & Dining,Bank UPI (Direct),"?10,498.91",Success,9/7/2026 10:06,?0.00
4850,TXN2026104849,USR1955,MER48,Groceries & Supermarkets,Bank UPI (Direct),"?11,607.38",Success,8/28/2026 7:23,?0.00
4851,TXN2026104850,USR3679,MER20,Electronics & Gadgets,Credit Card on UPI,"?2,477.13",Success,8/5/2026 2:47,?0.00
4852,TXN2026104851,USR2865,MER11,Groceries & Supermarkets,Bank UPI (Direct),"?10,768.63",Failed,8/3/2026 15:26,?0.00
4853,TXN2026104852,USR4905,MER43,Groceries & Supermarkets,Bank UPI (Direct),"?14,988.95",Success,8/29/2026 9:05,?0.00
4854,TXN2026104853,USR3320,MER29,Groceries & Supermarkets,Bank UPI (Direct),"?14,632.41",Failed,8/31/2026 8:36,?0.00
4855,TXN2026104854,USR1003,MER15,Groceries & Supermarkets,Bank UPI (Direct),"?8,168.44",Success,8/8/2026 19:18,?0.00
4856,TXN2026104855,USR1502,MER14,Groceries & Supermarkets,PPI Wallet UPI,"?12,802.77",Success,8/8/2026 18:10,?140.83
4857,TXN2026104856,USR3989,MER44,Groceries & Supermarkets,Bank UPI (Direct),"?14,076.08",Success,8/6/2026 12:39,?0.00
4858,TXN2026104857,USR4087,MER19,Groceries & Supermarkets,Bank UPI (Direct),"?10,277.14",Success,8/17/2026 8:27,?0.00
4859,TXN2026104858,USR2601,MER30,Electronics & Gadgets,PPI Wallet UPI,"?11,520.58",Success,8/9/2026 22:54,?126.73
4860,TXN2026104859,USR1087,MER35,Electronics & Gadgets,PPI Wallet UPI,"?3,695.51",Success,8/27/2026 3:22,?40.65
4861,TXN2026104860,USR3497,MER28,Groceries & Supermarkets,Credit Card on UPI,"?4,478.24",Success,8/14/2026 11:46,?0.00
4862,TXN2026104861,USR3171,MER18,Food & Dining,Credit Card on UPI,"?2,726.88",Success,9/3/2026 16:07,?0.00
4863,TXN2026104862,USR3654,MER16,Groceries & Supermarkets,Bank UPI (Direct),"?8,166.02",Success,8/7/2026 0:35,?0.00
4864,TXN2026104863,USR1315,MER11,Groceries & Supermarkets,Bank UPI (Direct),"?14,012.37",Success,8/8/2026 15:02,?0.00
4865,TXN2026104864,USR3556,MER23,Groceries & Supermarkets,Bank UPI (Direct),"?7,043.08",Success,9/11/2026 5:35,?0.00
4866,TXN2026104865,USR3639,MER12,Travel & Hospitality,PPI Wallet UPI,"?13,625.39",Success,8/15/2026 7:35,?149.88
4867,TXN2026104866,USR2117,MER27,Groceries & Supermarkets,Bank UPI (Direct),"?5,640.78",Success,9/14/2026 15:10,?0.00
4868,TXN2026104867,USR1975,MER37,Groceries & Supermarkets,PPI Wallet UPI,"?4,627.08",Success,8/14/2026 20:22,?50.90
4869,TXN2026104868,USR3489,MER41,Groceries & Supermarkets,Credit Card on UPI,"?1,846.72",Success,8/10/2026 18:44,?0.00
4870,TXN2026104869,USR2113,MER15,Groceries & Supermarkets,Bank UPI (Direct),"?10,864.38",Success,8/8/2026 13:34,?0.00
4871,TXN2026104870,USR4546,MER34,Travel & Hospitality,PPI Wallet UPI,"?10,745.69",Success,9/15/2026 17:00,?118.20
4872,TXN2026104871,USR4061,MER20,Groceries & Supermarkets,Bank UPI (Direct),"?5,678.87",Success,8/9/2026 4:46,?0.00
4873,TXN2026104872,USR3477,MER47,Groceries & Supermarkets,Credit Card on UPI,"?9,353.58",Success,8/12/2026 11:02,?0.00
4874,TXN2026104873,USR1146,MER20,Electronics & Gadgets,PPI Wallet UPI,?912.07,Success,9/3/2026 10:54,?0.00
4875,TXN2026104874,USR4747,MER37,Groceries & Supermarkets,PPI Wallet UPI,"?8,596.60",Success,8/10/2026 0:01,?94.56
4876,TXN2026104875,USR2401,MER46,Food & Dining,Credit Card on UPI,?986.64,Success,8/17/2026 15:50,?0.00
4877,TXN2026104876,USR2526,MER10,Groceries & Supermarkets,PPI Wallet UPI,"?10,334.10",Success,9/14/2026 11:03,?113.68
4878,TXN2026104877,USR2080,MER11,Travel & Hospitality,PPI Wallet UPI,"?8,340.32",Success,9/7/2026 20:23,?91.74
4879,TXN2026104878,USR1175,MER19,Groceries & Supermarkets,Bank UPI (Direct),"?8,593.71",Success,8/10/2026 10:43,?0.00
4880,TXN2026104879,USR3315,MER17,Groceries & Supermarkets,Credit Card on UPI,"?2,013.14",Success,9/7/2026 6:58,?0.00
4881,TXN2026104880,USR2477,MER41,Electronics & Gadgets,PPI Wallet UPI,?283.88,Success,8/5/2026 2:16,?0.00
4882,TXN2026104881,USR2368,MER40,Groceries & Supermarkets,Bank UPI (Direct),"?9,017.52",Success,8/8/2026 2:10,?0.00
4883,TXN2026104882,USR4806,MER26,Groceries & Supermarkets,Credit Card on UPI,"?4,353.28",Success,8/4/2026 0:26,?0.00
4884,TXN2026104883,USR4939,MER49,Groceries & Supermarkets,Credit Card on UPI,"?8,860.32",Success,9/2/2026 7:39,?0.00
4885,TXN2026104884,USR4143,MER23,Groceries & Supermarkets,Bank UPI (Direct),"?6,712.60",Success,8/24/2026 3:21,?0.00
4886,TXN2026104885,USR1993,MER26,Travel & Hospitality,PPI Wallet UPI,"?3,195.87",Success,8/11/2026 0:36,?35.15
4887,TXN2026104886,USR2323,MER12,Groceries & Supermarkets,PPI Wallet UPI,"?4,766.34",Success,8/23/2026 22:54,?52.43
4888,TXN2026104887,USR3521,MER43,Groceries & Supermarkets,Credit Card on UPI,"?10,326.16",Success,9/14/2026 23:36,?0.00
4889,TXN2026104888,USR1335,MER12,Electronics & Gadgets,PPI Wallet UPI,"?13,541.28",Pending,8/5/2026 13:40,?0.00
4890,TXN2026104889,USR3335,MER50,Electronics & Gadgets,PPI Wallet UPI,"?3,124.42",Success,9/6/2026 17:19,?34.37
4891,TXN2026104890,USR3382,MER22,Travel & Hospitality,PPI Wallet UPI,"?3,908.91",Success,9/9/2026 18:21,?43.00
4892,TXN2026104891,USR4416,MER34,Groceries & Supermarkets,Bank UPI (Direct),"?1,783.15",Success,8/19/2026 22:51,?0.00
4893,TXN2026104892,USR3353,MER20,Groceries & Supermarkets,PPI Wallet UPI,?740.24,Pending,8/7/2026 11:43,?0.00
4894,TXN2026104893,USR3602,MER50,Food & Dining,Bank UPI (Direct),"?7,682.53",Success,9/14/2026 19:01,?0.00
4895,TXN2026104894,USR2418,MER40,Groceries & Supermarkets,PPI Wallet UPI,"?5,726.09",Failed,8/23/2026 9:53,?0.00
4896,TXN2026104895,USR4738,MER44,Groceries & Supermarkets,PPI Wallet UPI,"?14,417.24",Success,8/14/2026 12:20,?158.59
4897,TXN2026104896,USR4622,MER27,Groceries & Supermarkets,Bank UPI (Direct),"?13,366.44",Success,8/28/2026 18:33,?0.00
4898,TXN2026104897,USR4387,MER25,Groceries & Supermarkets,Bank UPI (Direct),"?4,107.78",Success,8/19/2026 17:40,?0.00
4899,TXN2026104898,USR1637,MER43,Electronics & Gadgets,Credit Card on UPI,"?9,303.49",Success,9/7/2026 1:17,?0.00
4900,TXN2026104899,USR2052,MER41,Food & Dining,Bank UPI (Direct),"?1,909.71",Success,9/12/2026 7:37,?0.00
4901,TXN2026104900,USR4334,MER29,Electronics & Gadgets,Bank UPI (Direct),"?10,962.90",Success,8/29/2026 9:30,?0.00
4902,TXN2026104901,USR2721,MER10,Groceries & Supermarkets,Credit Card on UPI,"?14,072.36",Success,9/13/2026 5:04,?0.00
4903,TXN2026104902,USR2641,MER25,Groceries & Supermarkets,Bank UPI (Direct),"?1,539.81",Success,8/25/2026 4:28,?0.00
4904,TXN2026104903,USR4342,MER32,Electronics & Gadgets,Bank UPI (Direct),"?6,358.71",Success,9/4/2026 9:14,?0.00
4905,TXN2026104904,USR4116,MER42,Travel & Hospitality,Bank UPI (Direct),"?6,767.60",Failed,8/8/2026 13:21,?0.00
4906,TXN2026104905,USR3929,MER39,Groceries & Supermarkets,PPI Wallet UPI,?509.67,Success,8/29/2026 3:21,?0.00
4907,TXN2026104906,USR2359,MER15,Groceries & Supermarkets,PPI Wallet UPI,"?11,361.02",Success,9/10/2026 19:41,?124.97
4908,TXN2026104907,USR4124,MER35,Travel & Hospitality,Bank UPI (Direct),"?5,708.45",Success,8/11/2026 23:45,?0.00
4909,TXN2026104908,USR3752,MER26,Electronics & Gadgets,Bank UPI (Direct),"?11,543.69",Success,8/5/2026 9:24,?0.00
4910,TXN2026104909,USR3897,MER11,Groceries & Supermarkets,Bank UPI (Direct),"?8,366.96",Success,9/11/2026 7:43,?0.00
4911,TXN2026104910,USR1241,MER45,Electronics & Gadgets,PPI Wallet UPI,"?1,183.92",Success,9/1/2026 8:11,?0.00
4912,TXN2026104911,USR2231,MER36,Groceries & Supermarkets,PPI Wallet UPI,"?14,227.06",Success,8/8/2026 16:14,?156.50
4913,TXN2026104912,USR3867,MER40,Food & Dining,Credit Card on UPI,"?10,607.47",Success,9/12/2026 8:14,?0.00
4914,TXN2026104913,USR4209,MER45,Food & Dining,Bank UPI (Direct),"?1,095.28",Success,8/20/2026 1:55,?0.00
4915,TXN2026104914,USR4754,MER25,Travel & Hospitality,Bank UPI (Direct),"?2,824.47",Success,9/4/2026 5:27,?0.00
4916,TXN2026104915,USR1266,MER22,Groceries & Supermarkets,PPI Wallet UPI,"?10,595.87",Success,8/1/2026 11:24,?116.55
4917,TXN2026104916,USR4362,MER40,Groceries & Supermarkets,Bank UPI (Direct),"?1,652.09",Success,8/11/2026 4:34,?0.00
4918,TXN2026104917,USR2908,MER50,Electronics & Gadgets,Bank UPI (Direct),"?5,660.85",Success,8/25/2026 13:02,?0.00
4919,TXN2026104918,USR4879,MER25,Travel & Hospitality,PPI Wallet UPI,"?13,433.58",Success,9/12/2026 21:04,?147.77
4920,TXN2026104919,USR3384,MER10,Travel & Hospitality,Bank UPI (Direct),"?10,866.49",Success,8/6/2026 18:39,?0.00
4921,TXN2026104920,USR3422,MER12,Groceries & Supermarkets,Bank UPI (Direct),"?11,573.29",Failed,8/5/2026 7:15,?0.00
4922,TXN2026104921,USR1678,MER48,Electronics & Gadgets,Bank UPI (Direct),"?2,545.75",Success,9/5/2026 18:16,?0.00
4923,TXN2026104922,USR4738,MER32,Food & Dining,PPI Wallet UPI,"?12,120.95",Success,8/5/2026 17:53,?133.33
4924,TXN2026104923,USR3498,MER35,Travel & Hospitality,Bank UPI (Direct),"?2,758.50",Success,8/5/2026 4:08,?0.00
4925,TXN2026104924,USR2121,MER42,Electronics & Gadgets,Bank UPI (Direct),"?12,681.70",Success,8/5/2026 9:22,?0.00
4926,TXN2026104925,USR2457,MER41,Groceries & Supermarkets,Bank UPI (Direct),"?8,549.09",Success,8/18/2026 0:57,?0.00
4927,TXN2026104926,USR4308,MER40,Food & Dining,Bank UPI (Direct),"?9,175.60",Success,8/30/2026 21:58,?0.00
4928,TXN2026104927,USR3021,MER47,Electronics & Gadgets,Credit Card on UPI,"?3,905.40",Failed,8/25/2026 8:15,?0.00
4929,TXN2026104928,USR4107,MER26,Food & Dining,Bank UPI (Direct),"?5,994.68",Success,9/11/2026 16:58,?0.00
4930,TXN2026104929,USR2771,MER31,Groceries & Supermarkets,Bank UPI (Direct),"?11,825.95",Success,8/18/2026 0:04,?0.00
4931,TXN2026104930,USR3894,MER25,Food & Dining,Bank UPI (Direct),"?1,930.79",Success,8/1/2026 18:41,?0.00
4932,TXN2026104931,USR1095,MER19,Groceries & Supermarkets,Credit Card on UPI,"?5,702.82",Success,9/6/2026 16:55,?0.00
4933,TXN2026104932,USR4600,MER44,Travel & Hospitality,Bank UPI (Direct),"?7,712.20",Success,8/10/2026 23:35,?0.00
4934,TXN2026104933,USR4333,MER36,Groceries & Supermarkets,PPI Wallet UPI,"?7,698.18",Success,8/7/2026 18:55,?84.68
4935,TXN2026104934,USR4950,MER21,Electronics & Gadgets,PPI Wallet UPI,"?5,319.36",Success,9/8/2026 17:23,?58.51
4936,TXN2026104935,USR4098,MER27,Groceries & Supermarkets,Bank UPI (Direct),"?6,139.63",Success,8/29/2026 12:20,?0.00
4937,TXN2026104936,USR1384,MER39,Electronics & Gadgets,Bank UPI (Direct),"?14,290.46",Success,9/5/2026 21:48,?0.00
4938,TXN2026104937,USR2892,MER43,Electronics & Gadgets,Credit Card on UPI,"?6,214.63",Success,8/18/2026 15:43,?0.00
4939,TXN2026104938,USR3631,MER41,Electronics & Gadgets,Bank UPI (Direct),"?10,162.16",Success,9/15/2026 5:38,?0.00
4940,TXN2026104939,USR1548,MER37,Electronics & Gadgets,PPI Wallet UPI,"?4,628.61",Success,9/3/2026 5:58,?50.91
4941,TXN2026104940,USR4807,MER48,Food & Dining,PPI Wallet UPI,"?14,177.56",Success,8/24/2026 4:25,?155.95
4942,TXN2026104941,USR4758,MER33,Travel & Hospitality,PPI Wallet UPI,"?11,548.53",Success,9/7/2026 12:33,?127.03
4943,TXN2026104942,USR1774,MER18,Electronics & Gadgets,Bank UPI (Direct),"?3,109.30",Success,8/12/2026 19:07,?0.00
4944,TXN2026104943,USR2877,MER30,Groceries & Supermarkets,Bank UPI (Direct),"?5,990.85",Success,8/28/2026 14:19,?0.00
4945,TXN2026104944,USR2908,MER36,Electronics & Gadgets,PPI Wallet UPI,"?6,819.70",Failed,9/15/2026 7:36,?0.00
4946,TXN2026104945,USR2984,MER46,Travel & Hospitality,PPI Wallet UPI,"?3,505.47",Success,8/23/2026 7:40,?38.56
4947,TXN2026104946,USR3095,MER20,Groceries & Supermarkets,Bank UPI (Direct),"?6,595.15",Success,9/1/2026 9:51,?0.00
4948,TXN2026104947,USR2067,MER36,Groceries & Supermarkets,Credit Card on UPI,"?1,476.10",Success,8/24/2026 4:28,?0.00
4949,TXN2026104948,USR3194,MER25,Groceries & Supermarkets,Bank UPI (Direct),?772.66,Success,9/9/2026 22:27,?0.00
4950,TXN2026104949,USR4567,MER40,Groceries & Supermarkets,Credit Card on UPI,"?14,503.50",Success,8/4/2026 20:48,?0.00
4951,TXN2026104950,USR4808,MER28,Groceries & Supermarkets,Bank UPI (Direct),?945.60,Success,9/5/2026 2:12,?0.00
4952,TXN2026104951,USR2312,MER45,Groceries & Supermarkets,PPI Wallet UPI,"?12,973.14",Success,8/8/2026 12:40,?142.70
4953,TXN2026104952,USR1938,MER47,Groceries & Supermarkets,PPI Wallet UPI,"?14,481.59",Success,8/24/2026 13:45,?159.30
4954,TXN2026104953,USR2967,MER17,Groceries & Supermarkets,PPI Wallet UPI,"?2,245.67",Success,8/4/2026 4:57,?24.70
4955,TXN2026104954,USR3975,MER13,Groceries & Supermarkets,Bank UPI (Direct),"?1,425.05",Success,8/25/2026 19:00,?0.00
4956,TXN2026104955,USR4085,MER39,Electronics & Gadgets,Bank UPI (Direct),"?5,040.42",Pending,8/30/2026 15:21,?0.00
4957,TXN2026104956,USR1767,MER24,Food & Dining,Bank UPI (Direct),"?2,030.86",Success,8/31/2026 5:01,?0.00
4958,TXN2026104957,USR1289,MER22,Food & Dining,Credit Card on UPI,"?1,977.37",Success,9/6/2026 4:02,?0.00
4959,TXN2026104958,USR1932,MER41,Groceries & Supermarkets,Bank UPI (Direct),"?10,498.31",Success,8/19/2026 0:23,?0.00
4960,TXN2026104959,USR3794,MER21,Groceries & Supermarkets,Credit Card on UPI,"?1,588.49",Success,9/6/2026 11:39,?0.00
4961,TXN2026104960,USR4180,MER48,Electronics & Gadgets,Bank UPI (Direct),?713.98,Success,9/14/2026 23:46,?0.00
4962,TXN2026104961,USR1258,MER11,Food & Dining,PPI Wallet UPI,"?2,736.74",Success,8/17/2026 16:46,?30.10
4963,TXN2026104962,USR2365,MER25,Food & Dining,Bank UPI (Direct),"?3,537.24",Success,8/8/2026 12:21,?0.00
4964,TXN2026104963,USR2899,MER19,Food & Dining,Credit Card on UPI,"?8,802.49",Success,8/21/2026 23:05,?0.00
4965,TXN2026104964,USR1724,MER33,Groceries & Supermarkets,Credit Card on UPI,"?14,840.01",Success,8/27/2026 17:16,?0.00
4966,TXN2026104965,USR4931,MER26,Groceries & Supermarkets,Bank UPI (Direct),"?10,436.82",Success,9/15/2026 12:59,?0.00
4967,TXN2026104966,USR1687,MER31,Groceries & Supermarkets,Bank UPI (Direct),"?6,238.14",Success,9/14/2026 18:20,?0.00
4968,TXN2026104967,USR1318,MER35,Food & Dining,Bank UPI (Direct),"?2,180.77",Success,9/5/2026 2:08,?0.00
4969,TXN2026104968,USR1925,MER29,Groceries & Supermarkets,PPI Wallet UPI,"?5,900.28",Success,8/1/2026 3:28,?64.90
4970,TXN2026104969,USR2506,MER42,Travel & Hospitality,Bank UPI (Direct),"?13,551.43",Success,9/1/2026 22:56,?0.00
4971,TXN2026104970,USR3882,MER28,Food & Dining,Credit Card on UPI,"?8,600.85",Success,9/14/2026 3:35,?0.00
4972,TXN2026104971,USR3516,MER27,Electronics & Gadgets,Bank UPI (Direct),"?2,262.09",Success,8/22/2026 19:17,?0.00
4973,TXN2026104972,USR2758,MER25,Groceries & Supermarkets,PPI Wallet UPI,"?3,230.41",Success,8/4/2026 22:11,?35.53
4974,TXN2026104973,USR1254,MER19,Groceries & Supermarkets,Bank UPI (Direct),"?12,757.00",Success,8/22/2026 20:19,?0.00
4975,TXN2026104974,USR2866,MER47,Electronics & Gadgets,Credit Card on UPI,?687.77,Success,9/6/2026 8:13,?0.00
4976,TXN2026104975,USR2287,MER24,Travel & Hospitality,Bank UPI (Direct),"?6,940.60",Success,9/13/2026 4:17,?0.00
4977,TXN2026104976,USR1789,MER10,Food & Dining,Bank UPI (Direct),"?6,849.83",Success,9/4/2026 19:23,?0.00
4978,TXN2026104977,USR3287,MER21,Food & Dining,Bank UPI (Direct),"?2,701.73",Success,9/7/2026 13:02,?0.00
4979,TXN2026104978,USR4104,MER47,Groceries & Supermarkets,Bank UPI (Direct),"?8,007.01",Success,9/9/2026 3:36,?0.00
4980,TXN2026104979,USR3875,MER41,Groceries & Supermarkets,PPI Wallet UPI,"?7,032.45",Success,8/10/2026 10:16,?77.36
4981,TXN2026104980,USR3549,MER37,Electronics & Gadgets,Bank UPI (Direct),"?7,555.88",Success,8/18/2026 15:50,?0.00
4982,TXN2026104981,USR1630,MER18,Travel & Hospitality,PPI Wallet UPI,"?8,119.15",Success,9/1/2026 2:08,?89.31
4983,TXN2026104982,USR1200,MER27,Electronics & Gadgets,Bank UPI (Direct),"?14,233.64",Success,8/25/2026 3:00,?0.00
4984,TXN2026104983,USR4053,MER17,Electronics & Gadgets,Bank UPI (Direct),"?7,077.15",Failed,8/21/2026 12:15,?0.00
4985,TXN2026104984,USR2722,MER14,Electronics & Gadgets,Bank UPI (Direct),"?10,762.74",Success,8/27/2026 18:46,?0.00
4986,TXN2026104985,USR1286,MER49,Groceries & Supermarkets,Bank UPI (Direct),"?4,867.60",Success,8/20/2026 23:44,?0.00
4987,TXN2026104986,USR2058,MER30,Electronics & Gadgets,PPI Wallet UPI,"?14,168.00",Success,9/7/2026 16:46,?155.85
4988,TXN2026104987,USR2378,MER31,Groceries & Supermarkets,Bank UPI (Direct),"?1,518.65",Success,8/4/2026 4:17,?0.00
4989,TXN2026104988,USR3160,MER41,Electronics & Gadgets,Bank UPI (Direct),"?14,122.13",Success,8/1/2026 13:18,?0.00
4990,TXN2026104989,USR2436,MER39,Groceries & Supermarkets,PPI Wallet UPI,"?9,392.56",Success,8/8/2026 16:12,?103.32
4991,TXN2026104990,USR3869,MER38,Electronics & Gadgets,Bank UPI (Direct),"?7,538.96",Success,8/2/2026 3:59,?0.00
4992,TXN2026104991,USR1331,MER42,Travel & Hospitality,Bank UPI (Direct),"?14,067.33",Success,8/7/2026 0:14,?0.00
4993,TXN2026104992,USR1062,MER38,Groceries & Supermarkets,PPI Wallet UPI,"?3,509.26",Success,9/13/2026 22:08,?38.60
4994,TXN2026104993,USR4190,MER29,Food & Dining,Bank UPI (Direct),"?13,675.16",Success,8/5/2026 3:48,?0.00
4995,TXN2026104994,USR4362,MER42,Groceries & Supermarkets,Credit Card on UPI,"?14,639.35",Failed,9/8/2026 14:55,?0.00
4996,TXN2026104995,USR2246,MER26,Electronics & Gadgets,PPI Wallet UPI,"?12,144.43",Success,8/19/2026 15:13,?133.59
4997,TXN2026104996,USR3394,MER37,Groceries & Supermarkets,Credit Card on UPI,"?6,461.78",Success,8/14/2026 23:17,?0.00
4998,TXN2026104997,USR2274,MER28,Groceries & Supermarkets,PPI Wallet UPI,?301.67,Success,8/15/2026 13:16,?0.00
4999,TXN2026104998,USR2318,MER20,Food & Dining,PPI Wallet UPI,?363.40,Success,8/27/2026 18:07,?0.00
5000,TXN2026104999,USR1612,MER43,Food & Dining,Bank UPI (Direct),"?4,445.36",Success,8/17/2026 11:32,?0.00
